#
# There is insufficient memory for the Java Runtime Environment to continue.
# Native memory allocation (mmap) failed to map 493879296 bytes. Error detail: G1 virtual space
# Possible reasons:
#   The system is out of physical RAM or swap space
#   This process is running with CompressedOops enabled, and the Java Heap may be blocking the growth of the native heap
# Possible solutions:
#   Reduce memory load on the system
#   Increase physical memory or swap space
#   Check if swap backing store is full
#   Decrease Java heap size (-Xmx/-Xms)
#   Decrease number of Java threads
#   Decrease Java thread stack sizes (-Xss)
#   Set larger code cache with -XX:ReservedCodeCacheSize=
#   JVM is running with Unscaled Compressed Oops mode in which the Java heap is
#     placed in the first 4GB address space. The Java Heap base address is the
#     maximum limit for the native heap growth. Please use -XX:HeapBaseMinAddress
#     to set the Java Heap base and to place the Java Heap above 4GB virtual address.
# This output file may be truncated or incomplete.
#
#  Out of Memory Error (os_windows.cpp:3686), pid=14096, tid=24608
#
# JRE version: OpenJDK Runtime Environment Temurin-21.0.7+6 (21.0.7+6) (build 21.0.7+6-LTS)
# Java VM: OpenJDK 64-Bit Server VM Temurin-21.0.7+6 (21.0.7+6-LTS, mixed mode, sharing, tiered, compressed oops, compressed class ptrs, g1 gc, windows-amd64)
# No core dump will be written. Minidumps are not enabled by default on client versions of Windows
#

---------------  S U M M A R Y ------------

Command Line: --add-opens=java.base/java.lang=ALL-UNNAMED --add-opens=java.base/java.lang.invoke=ALL-UNNAMED --add-opens=java.base/java.util=ALL-UNNAMED --add-opens=java.prefs/java.util.prefs=ALL-UNNAMED --add-exports=jdk.compiler/com.sun.tools.javac.api=ALL-UNNAMED --add-exports=jdk.compiler/com.sun.tools.javac.util=ALL-UNNAMED --add-opens=java.base/java.util=ALL-UNNAMED --add-opens=java.prefs/java.util.prefs=ALL-UNNAMED --add-opens=java.base/java.nio.charset=ALL-UNNAMED --add-opens=java.base/java.net=ALL-UNNAMED --add-opens=java.base/java.util.concurrent=ALL-UNNAMED --add-opens=java.base/java.util.concurrent.atomic=ALL-UNNAMED --add-opens=java.xml/javax.xml.namespace=ALL-UNNAMED --add-opens=java.base/java.time=ALL-UNNAMED -Xmx2048m -Dfile.encoding=UTF-8 -Duser.country=PH -Duser.language=en -Duser.variant -javaagent:C:\Users\LENOVO\.gradle\wrapper\dists\gradle-9.4.1-bin\arn2x92ynaizyzdaamcbpbhtj\gradle-9.4.1\lib\agents\gradle-instrumentation-agent-9.4.1.jar org.gradle.launcher.daemon.bootstrap.GradleDaemon 9.4.1

Host: AMD Ryzen 7 7735HS with Radeon Graphics        , 16 cores, 5G,  Windows 11 , 64 bit Build 26100 (10.0.26100.8875)
Time: Sat Aug  8 04:02:26 2026 Taipei Standard Time elapsed time: 8610.644376 seconds (0d 2h 23m 30s)

---------------  T H R E A D  ---------------

Current thread (0x0000021bf71fab60):  VMThread "VM Thread"          [id=24608, stack(0x000000ed42000000,0x000000ed42100000) (1024K)]

Stack: [0x000000ed42000000,0x000000ed42100000]
Native frames: (J=compiled Java code, j=interpreted, Vv=VM code, C=native code)
V  [jvm.dll+0x6ce119]
V  [jvm.dll+0x8a84a1]
V  [jvm.dll+0x8aa9ce]
V  [jvm.dll+0x8ab0b3]
V  [jvm.dll+0x27f8a6]
V  [jvm.dll+0x6ca945]
V  [jvm.dll+0x6bebea]
V  [jvm.dll+0x355eca]
V  [jvm.dll+0x35da96]
V  [jvm.dll+0x3af72e]
V  [jvm.dll+0x3af9d8]
V  [jvm.dll+0x32a05c]
V  [jvm.dll+0x32a0e7]
V  [jvm.dll+0x36deac]
V  [jvm.dll+0x36c6f8]
V  [jvm.dll+0x329821]
V  [jvm.dll+0x36bd6a]
V  [jvm.dll+0x8b0dcf]
V  [jvm.dll+0x8b2154]
V  [jvm.dll+0x8b2690]
V  [jvm.dll+0x8b2933]
V  [jvm.dll+0x851f6b]
V  [jvm.dll+0x6cc7dd]
C  [ucrtbase.dll+0x2cd30]
C  [KERNEL32.DLL+0x2e957]
C  [ntdll.dll+0xaad6c]

VM_Operation (0x000000ed49ff9400): G1CollectForAllocation, mode: safepoint, requested by thread 0x0000021c0c3a6df0


---------------  P R O C E S S  ---------------

Threads class SMR info:
_java_thread_list=0x0000021c05bc25c0, length=143, elements={
0x0000021bd9b2d980, 0x0000021bf7214c90, 0x0000021bf72152f0, 0x0000021bf7217390,
0x0000021bf721ab40, 0x0000021bf7249e80, 0x0000021bf724cc50, 0x0000021bf7252520,
0x0000021bf7256db0, 0x0000021bf726e650, 0x0000021bf756a670, 0x0000021bfd4a09f0,
0x0000021bfd92d6b0, 0x0000021bfd6d2330, 0x0000021bfd6cd620, 0x0000021bfd6cdcb0,
0x0000021bfd6ce340, 0x0000021bfe6d2fb0, 0x0000021bfe6d3640, 0x0000021bfe6d01c0,
0x0000021bfe6d3cd0, 0x0000021bfe6d1c00, 0x0000021bfe6d0850, 0x0000021bfe6d49f0,
0x0000021bfe6d4360, 0x0000021bfe6d1570, 0x0000021bfe6d5da0, 0x0000021bfe6d6430,
0x0000021bfe6d7150, 0x0000021bfe6d5710, 0x0000021bfe6d5080, 0x0000021bfe6d77e0,
0x0000021bfe6d6ac0, 0x0000021bf77951a0, 0x0000021bf7793df0, 0x0000021bf7795830,
0x0000021bc16425c0, 0x0000021bd63234a0, 0x0000021bc5fc9aa0, 0x0000021bd63220f0,
0x0000021bc61b7c00, 0x0000021c0660e2f0, 0x0000021bc3521980, 0x0000021c0e4061c0,
0x0000021bc3549ef0, 0x0000021bc1588460, 0x0000021bc3522010, 0x0000021c0db86570,
0x0000021c0c39eab0, 0x0000021c0f769fd0, 0x0000021c0f2da170, 0x0000021c0c39d070,
0x0000021c0c39d700, 0x0000021c06b41950, 0x0000021c10690010, 0x0000021c06b43390,
0x0000021bd51d7650, 0x0000021c0b506470, 0x0000021c0b0ed6f0, 0x0000021c0b0edd80,
0x0000021bfe8044a0, 0x0000021bfe806570, 0x0000021c0e1fc250, 0x0000021c0e1fd600,
0x0000021c0e1fdc90, 0x0000021c0e1fa810, 0x0000021c0e1fb530, 0x0000021bd461f3a0,
0x0000021bd461bf20, 0x0000021bd461d2d0, 0x0000021bd461d960, 0x0000021bd461dff0,
0x0000021bc1642c50, 0x0000021c065c0420, 0x0000021c0c3a0b80, 0x0000021c0c39e420,
0x0000021c0c3a1210, 0x0000021c0c39dd90, 0x0000021c0c3a18a0, 0x0000021c0c3a1f30,
0x0000021c0c3a25c0, 0x0000021c0b5043a0, 0x0000021c0b506b00, 0x0000021c0b504a30,
0x0000021c0b503680, 0x0000021c0b507820, 0x0000021c0b509f80, 0x0000021c063ed010,
0x0000021c063ebc60, 0x0000021bc4c40cf0, 0x0000021bc4c3d870, 0x0000021bd651afa0,
0x0000021bd6517920, 0x0000021bd6517ff0, 0x0000021c063edd30, 0x0000021bfe806c00,
0x0000021bfe804b30, 0x0000021bfe8051c0, 0x0000021c04c93c20, 0x0000021c04c94fd0,
0x0000021c04c96380, 0x0000021c04c942b0, 0x0000021c0c39f140, 0x0000021c0c3a2c50,
0x0000021c0c3a32e0, 0x0000021c0c3a5a40, 0x0000021c0c3a60d0, 0x0000021c0c3a6760,
0x0000021c0c3a3970, 0x0000021c0c3a6df0, 0x0000021c065c1140, 0x0000021c0b0ee410,
0x0000021c0e400c70, 0x0000021c0e4033d0, 0x0000021c0d6fc150, 0x0000021bd688a270,
0x0000021c065bf070, 0x0000021c1068e5d0, 0x0000021c065c24f0, 0x0000021c1068cb90,
0x0000021c1068f2f0, 0x0000021c065bfd90, 0x0000021bc4c3e590, 0x0000021bc4c3ec20,
0x0000021bd4409130, 0x0000021c0b0efe50, 0x0000021c04af10c0, 0x0000021bc4c3f2b0,
0x0000021bfc7dca30, 0x0000021c0e401300, 0x0000021c065c0ab0, 0x0000021c0f2da800,
0x0000021c065c17d0, 0x0000021c0e401990, 0x0000021c0c3a7480, 0x0000021c04c92f00,
0x0000021c0db851c0, 0x0000021c0d6fb430, 0x0000021c04c93590, 0x0000021c0c3a4000,
0x0000021bd44097c0, 0x0000021c0c3a7b10, 0x0000021c0c3a4690
}

Java Threads: ( => current thread )
  0x0000021bd9b2d980 JavaThread "main"                              [_thread_blocked, id=4896, stack(0x000000ed41900000,0x000000ed41a00000) (1024K)]
  0x0000021bf7214c90 JavaThread "Reference Handler"          daemon [_thread_blocked, id=18468, stack(0x000000ed42100000,0x000000ed42200000) (1024K)]
  0x0000021bf72152f0 JavaThread "Finalizer"                  daemon [_thread_blocked, id=21572, stack(0x000000ed42200000,0x000000ed42300000) (1024K)]
  0x0000021bf7217390 JavaThread "Signal Dispatcher"          daemon [_thread_blocked, id=8368, stack(0x000000ed42300000,0x000000ed42400000) (1024K)]
  0x0000021bf721ab40 JavaThread "Attach Listener"            daemon [_thread_blocked, id=3076, stack(0x000000ed42400000,0x000000ed42500000) (1024K)]
  0x0000021bf7249e80 JavaThread "Service Thread"             daemon [_thread_blocked, id=16624, stack(0x000000ed42500000,0x000000ed42600000) (1024K)]
  0x0000021bf724cc50 JavaThread "Monitor Deflation Thread"   daemon [_thread_blocked, id=20812, stack(0x000000ed42600000,0x000000ed42700000) (1024K)]
  0x0000021bf7252520 JavaThread "C2 CompilerThread0"         daemon [_thread_blocked, id=20212, stack(0x000000ed42700000,0x000000ed42800000) (1024K)]
  0x0000021bf7256db0 JavaThread "C1 CompilerThread0"         daemon [_thread_blocked, id=24684, stack(0x000000ed42800000,0x000000ed42900000) (1024K)]
  0x0000021bf726e650 JavaThread "Common-Cleaner"             daemon [_thread_blocked, id=20280, stack(0x000000ed42900000,0x000000ed42a00000) (1024K)]
  0x0000021bf756a670 JavaThread "Notification Thread"        daemon [_thread_blocked, id=23684, stack(0x000000ed42c00000,0x000000ed42d00000) (1024K)]
  0x0000021bfd4a09f0 JavaThread "Daemon health stats"               [_thread_blocked, id=2096, stack(0x000000ed43100000,0x000000ed43200000) (1024K)]
  0x0000021bfd92d6b0 JavaThread "Incoming local TCP Connector on port 64216"        [_thread_in_native, id=18968, stack(0x000000ed43200000,0x000000ed43300000) (1024K)]
  0x0000021bfd6d2330 JavaThread "Daemon periodic checks"            [_thread_blocked, id=15536, stack(0x000000ed43300000,0x000000ed43400000) (1024K)]
  0x0000021bfd6cd620 JavaThread "Cache worker for journal cache (C:\Users\LENOVO\.gradle\caches\journal-1)"        [_thread_blocked, id=16164, stack(0x000000ed44300000,0x000000ed44400000) (1024K)]
  0x0000021bfd6cdcb0 JavaThread "File lock request listener"        [_thread_in_native, id=22180, stack(0x000000ed44400000,0x000000ed44500000) (1024K)]
  0x0000021bfd6ce340 JavaThread "Cache worker for file hash cache (C:\Users\LENOVO\.gradle\caches\9.4.1\fileHashes)"        [_thread_blocked, id=9760, stack(0x000000ed44500000,0x000000ed44600000) (1024K)]
  0x0000021bfe6d2fb0 JavaThread "File watcher server"        daemon [_thread_blocked, id=25100, stack(0x000000ed44a00000,0x000000ed44b00000) (1024K)]
  0x0000021bfe6d3640 JavaThread "File watcher consumer"      daemon [_thread_blocked, id=13780, stack(0x000000ed44b00000,0x000000ed44c00000) (1024K)]
  0x0000021bfe6d01c0 JavaThread "jar transforms"                    [_thread_blocked, id=19904, stack(0x000000ed44c00000,0x000000ed44d00000) (1024K)]
  0x0000021bfe6d3cd0 JavaThread "jar transforms Thread 2"           [_thread_blocked, id=18812, stack(0x000000ed44d00000,0x000000ed44e00000) (1024K)]
  0x0000021bfe6d1c00 JavaThread "jar transforms Thread 3"           [_thread_blocked, id=8608, stack(0x000000ed44e00000,0x000000ed44f00000) (1024K)]
  0x0000021bfe6d0850 JavaThread "jar transforms Thread 4"           [_thread_blocked, id=17300, stack(0x000000ed44f00000,0x000000ed45000000) (1024K)]
  0x0000021bfe6d49f0 JavaThread "jar transforms Thread 5"           [_thread_blocked, id=13232, stack(0x000000ed45000000,0x000000ed45100000) (1024K)]
  0x0000021bfe6d4360 JavaThread "jar transforms Thread 6"           [_thread_blocked, id=23176, stack(0x000000ed45100000,0x000000ed45200000) (1024K)]
  0x0000021bfe6d1570 JavaThread "jar transforms Thread 7"           [_thread_blocked, id=21936, stack(0x000000ed45200000,0x000000ed45300000) (1024K)]
  0x0000021bfe6d5da0 JavaThread "jar transforms Thread 8"           [_thread_blocked, id=21016, stack(0x000000ed45300000,0x000000ed45400000) (1024K)]
  0x0000021bfe6d6430 JavaThread "jar transforms Thread 9"           [_thread_blocked, id=21556, stack(0x000000ed45400000,0x000000ed45500000) (1024K)]
  0x0000021bfe6d7150 JavaThread "jar transforms Thread 10"          [_thread_blocked, id=15648, stack(0x000000ed45500000,0x000000ed45600000) (1024K)]
  0x0000021bfe6d5710 JavaThread "jar transforms Thread 11"          [_thread_blocked, id=20452, stack(0x000000ed45600000,0x000000ed45700000) (1024K)]
  0x0000021bfe6d5080 JavaThread "jar transforms Thread 12"          [_thread_blocked, id=7332, stack(0x000000ed45700000,0x000000ed45800000) (1024K)]
  0x0000021bfe6d77e0 JavaThread "jar transforms Thread 13"          [_thread_blocked, id=17888, stack(0x000000ed45800000,0x000000ed45900000) (1024K)]
  0x0000021bfe6d6ac0 JavaThread "jar transforms Thread 14"          [_thread_blocked, id=15544, stack(0x000000ed45900000,0x000000ed45a00000) (1024K)]
  0x0000021bf77951a0 JavaThread "jar transforms Thread 15"          [_thread_blocked, id=22336, stack(0x000000ed45a00000,0x000000ed45b00000) (1024K)]
  0x0000021bf7793df0 JavaThread "jar transforms Thread 16"          [_thread_blocked, id=6612, stack(0x000000ed45b00000,0x000000ed45c00000) (1024K)]
  0x0000021bf7795830 JavaThread "Cache worker for file content cache (C:\Users\LENOVO\.gradle\caches\9.4.1\fileContent)"        [_thread_blocked, id=19036, stack(0x000000ed45c00000,0x000000ed45d00000) (1024K)]
  0x0000021bc16425c0 JavaThread "Memory manager"                    [_thread_blocked, id=15740, stack(0x000000ed47100000,0x000000ed47200000) (1024K)]
  0x0000021bd63234a0 JavaThread "pool-4-thread-1"                   [_thread_blocked, id=9272, stack(0x000000ed49200000,0x000000ed49300000) (1024K)]
  0x0000021bc5fc9aa0 JavaThread "pool-8-thread-1"                   [_thread_blocked, id=20432, stack(0x000000ed46f00000,0x000000ed47000000) (1024K)]
  0x0000021bd63220f0 JavaThread "RMI Scheduler(0)"           daemon [_thread_blocked, id=23312, stack(0x000000ed47700000,0x000000ed47800000) (1024K)]
  0x0000021bc61b7c00 JavaThread "RMI TCP Accept-0"           daemon [_thread_in_native, id=11828, stack(0x000000ed49700000,0x000000ed49800000) (1024K)]
  0x0000021c0660e2f0 JavaThread "pool-13-thread-1"                  [_thread_blocked, id=23808, stack(0x000000ed47200000,0x000000ed47300000) (1024K)]
  0x0000021bc3521980 JavaThread "pool-16-thread-1"                  [_thread_blocked, id=9308, stack(0x000000ed44900000,0x000000ed44a00000) (1024K)]
  0x0000021c0e4061c0 JavaThread "pool-19-thread-1"                  [_thread_blocked, id=14380, stack(0x000000ed46e00000,0x000000ed46f00000) (1024K)]
  0x0000021bc3549ef0 JavaThread "pool-22-thread-1"                  [_thread_blocked, id=23492, stack(0x000000ed47900000,0x000000ed47a00000) (1024K)]
  0x0000021bc1588460 JavaThread "pool-26-thread-1"                  [_thread_blocked, id=23660, stack(0x000000ed47300000,0x000000ed47400000) (1024K)]
  0x0000021bc3522010 JavaThread "pool-30-thread-1"                  [_thread_blocked, id=8792, stack(0x000000ed47500000,0x000000ed47600000) (1024K)]
  0x0000021c0db86570 JavaThread "RMI TCP Accept-0"           daemon [_thread_in_native, id=16740, stack(0x000000ed47c00000,0x000000ed47d00000) (1024K)]
  0x0000021c0c39eab0 JavaThread "pool-35-thread-1"                  [_thread_blocked, id=10668, stack(0x000000ed47d00000,0x000000ed47e00000) (1024K)]
  0x0000021c0f769fd0 JavaThread "pool-39-thread-1"                  [_thread_blocked, id=25072, stack(0x000000ed47a00000,0x000000ed47b00000) (1024K)]
  0x0000021c0f2da170 JavaThread "pool-42-thread-1"                  [_thread_blocked, id=9972, stack(0x000000ed47400000,0x000000ed47500000) (1024K)]
  0x0000021c0c39d070 JavaThread "pool-44-thread-1"                  [_thread_blocked, id=592, stack(0x000000ed48100000,0x000000ed48200000) (1024K)]
  0x0000021c0c39d700 JavaThread "pool-47-thread-1"                  [_thread_blocked, id=13300, stack(0x000000ed48000000,0x000000ed48100000) (1024K)]
  0x0000021c06b41950 JavaThread "pool-49-thread-1"                  [_thread_blocked, id=5708, stack(0x000000ed48600000,0x000000ed48700000) (1024K)]
  0x0000021c10690010 JavaThread "pool-52-thread-1"                  [_thread_blocked, id=17280, stack(0x000000ed48500000,0x000000ed48600000) (1024K)]
  0x0000021c06b43390 JavaThread "pool-54-thread-1"                  [_thread_blocked, id=4488, stack(0x000000ed48900000,0x000000ed48a00000) (1024K)]
  0x0000021bd51d7650 JavaThread "pool-58-thread-1"                  [_thread_blocked, id=17680, stack(0x000000ed46d00000,0x000000ed46e00000) (1024K)]
  0x0000021c0b506470 JavaThread "pool-62-thread-1"                  [_thread_blocked, id=24348, stack(0x000000ed46b00000,0x000000ed46c00000) (1024K)]
  0x0000021c0b0ed6f0 JavaThread "Daemon Thread 17"                  [_thread_blocked, id=22952, stack(0x000000ed41600000,0x000000ed41700000) (1024K)]
  0x0000021c0b0edd80 JavaThread "Handler for socket connection from /127.0.0.1:64216 to /127.0.0.1:63627"        [_thread_in_native, id=6076, stack(0x000000ed41700000,0x000000ed41800000) (1024K)]
  0x0000021bfe8044a0 JavaThread "Cancel handler"                    [_thread_blocked, id=17172, stack(0x000000ed41800000,0x000000ed41900000) (1024K)]
  0x0000021bfe806570 JavaThread "Daemon worker Thread 15"           [_thread_blocked, id=21396, stack(0x000000ed42a00000,0x000000ed42b00000) (1024K)]
  0x0000021c0e1fc250 JavaThread "Asynchronous log dispatcher for DefaultDaemonConnection: socket connection from /127.0.0.1:64216 to /127.0.0.1:63627"        [_thread_blocked, id=19388, stack(0x000000ed42b00000,0x000000ed42c00000) (1024K)]
  0x0000021c0e1fd600 JavaThread "Stdin handler"                     [_thread_blocked, id=15960, stack(0x000000ed43400000,0x000000ed43500000) (1024K)]
  0x0000021c0e1fdc90 JavaThread "Daemon client event forwarder"        [_thread_blocked, id=2268, stack(0x000000ed43500000,0x000000ed43600000) (1024K)]
  0x0000021c0e1fa810 JavaThread "Cache worker for file hash cache (C:\edp-android-dadole\edp-android-collab\.gradle\9.4.1\fileHashes)"        [_thread_blocked, id=6440, stack(0x000000ed43600000,0x000000ed43700000) (1024K)]
  0x0000021c0e1fb530 JavaThread "Cache worker for checksums cache (C:\edp-android-dadole\edp-android-collab\.gradle\9.4.1\checksums)"        [_thread_blocked, id=12860, stack(0x000000ed43700000,0x000000ed43800000) (1024K)]
  0x0000021bd461f3a0 JavaThread "Cache worker for Build Output Cleanup Cache (C:\edp-android-dadole\edp-android-collab\.gradle\buildOutputCleanup)"        [_thread_blocked, id=8384, stack(0x000000ed43800000,0x000000ed43900000) (1024K)]
  0x0000021bd461bf20 JavaThread "Cache worker for cache directory md-supplier (C:\Users\LENOVO\.gradle\caches\9.4.1\md-supplier)"        [_thread_blocked, id=8032, stack(0x000000ed43900000,0x000000ed43a00000) (1024K)]
  0x0000021bd461d2d0 JavaThread "Cache worker for cache directory md-rule (C:\Users\LENOVO\.gradle\caches\9.4.1\md-rule)"        [_thread_blocked, id=8168, stack(0x000000ed43a00000,0x000000ed43b00000) (1024K)]
  0x0000021bd461d960 JavaThread "Build operations"                  [_thread_blocked, id=4512, stack(0x000000ed44800000,0x000000ed44900000) (1024K)]
  0x0000021bd461dff0 JavaThread "Build operations Thread 2"         [_thread_blocked, id=24648, stack(0x000000ed45d00000,0x000000ed45e00000) (1024K)]
  0x0000021bc1642c50 JavaThread "Build operations Thread 3"         [_thread_blocked, id=20288, stack(0x000000ed45e00000,0x000000ed45f00000) (1024K)]
  0x0000021c065c0420 JavaThread "Build operations Thread 4"         [_thread_blocked, id=10628, stack(0x000000ed45f00000,0x000000ed46000000) (1024K)]
  0x0000021c0c3a0b80 JavaThread "Build operations Thread 5"         [_thread_blocked, id=16660, stack(0x000000ed46000000,0x000000ed46100000) (1024K)]
  0x0000021c0c39e420 JavaThread "Build operations Thread 6"         [_thread_blocked, id=6432, stack(0x000000ed46100000,0x000000ed46200000) (1024K)]
  0x0000021c0c3a1210 JavaThread "Build operations Thread 7"         [_thread_blocked, id=16096, stack(0x000000ed46200000,0x000000ed46300000) (1024K)]
  0x0000021c0c39dd90 JavaThread "Build operations Thread 8"         [_thread_blocked, id=21844, stack(0x000000ed46300000,0x000000ed46400000) (1024K)]
  0x0000021c0c3a18a0 JavaThread "Build operations Thread 9"         [_thread_blocked, id=25444, stack(0x000000ed46400000,0x000000ed46500000) (1024K)]
  0x0000021c0c3a1f30 JavaThread "Build operations Thread 10"        [_thread_blocked, id=11528, stack(0x000000ed46500000,0x000000ed46600000) (1024K)]
  0x0000021c0c3a25c0 JavaThread "Build operations Thread 11"        [_thread_blocked, id=20548, stack(0x000000ed46600000,0x000000ed46700000) (1024K)]
  0x0000021c0b5043a0 JavaThread "Build operations Thread 12"        [_thread_blocked, id=14980, stack(0x000000ed46800000,0x000000ed46900000) (1024K)]
  0x0000021c0b506b00 JavaThread "Build operations Thread 13"        [_thread_blocked, id=15452, stack(0x000000ed46900000,0x000000ed46a00000) (1024K)]
  0x0000021c0b504a30 JavaThread "Build operations Thread 14"        [_thread_blocked, id=11404, stack(0x000000ed46a00000,0x000000ed46b00000) (1024K)]
  0x0000021c0b503680 JavaThread "Build operations Thread 15"        [_thread_blocked, id=23468, stack(0x000000ed46c00000,0x000000ed46d00000) (1024K)]
  0x0000021c0b507820 JavaThread "Build operations Thread 16"        [_thread_blocked, id=9756, stack(0x000000ed47000000,0x000000ed47100000) (1024K)]
  0x0000021c0b509f80 JavaThread "Configuration cache report writer"        [_thread_blocked, id=18408, stack(0x000000ed46700000,0x000000ed46800000) (1024K)]
  0x0000021c063ed010 JavaThread "build event listener"              [_thread_blocked, id=7584, stack(0x000000ed47f00000,0x000000ed48000000) (1024K)]
  0x0000021c063ebc60 JavaThread "build event listener"              [_thread_blocked, id=20804, stack(0x000000ed47e00000,0x000000ed47f00000) (1024K)]
  0x0000021bc4c40cf0 JavaThread "pool-65-thread-1"                  [_thread_blocked, id=19648, stack(0x000000ed48200000,0x000000ed48300000) (1024K)]
  0x0000021bc4c3d870 JavaThread "build event listener"              [_thread_blocked, id=16672, stack(0x000000ed48300000,0x000000ed48400000) (1024K)]
  0x0000021bd651afa0 JavaThread "C1 CompilerThread1"         daemon [_thread_blocked, id=22032, stack(0x000000ed48400000,0x000000ed48500000) (1024K)]
  0x0000021bd6517920 JavaThread "C1 CompilerThread2"         daemon [_thread_blocked, id=20720, stack(0x000000ed48700000,0x000000ed48800000) (1024K)]
  0x0000021bd6517ff0 JavaThread "C1 CompilerThread3"         daemon [_thread_blocked, id=24372, stack(0x000000ed48800000,0x000000ed48900000) (1024K)]
  0x0000021c063edd30 JavaThread "included builds"                   [_thread_blocked, id=20124, stack(0x000000ed47800000,0x000000ed47900000) (1024K)]
  0x0000021bfe806c00 JavaThread "Execution worker"                  [_thread_blocked, id=18332, stack(0x000000ed48a00000,0x000000ed48b00000) (1024K)]
  0x0000021bfe804b30 JavaThread "Execution worker Thread 2"         [_thread_blocked, id=23872, stack(0x000000ed48b00000,0x000000ed48c00000) (1024K)]
  0x0000021bfe8051c0 JavaThread "Execution worker Thread 3"         [_thread_blocked, id=23008, stack(0x000000ed48c00000,0x000000ed48d00000) (1024K)]
  0x0000021c04c93c20 JavaThread "Execution worker Thread 4"         [_thread_blocked, id=12904, stack(0x000000ed48d00000,0x000000ed48e00000) (1024K)]
  0x0000021c04c94fd0 JavaThread "Execution worker Thread 5"         [_thread_blocked, id=14668, stack(0x000000ed48f00000,0x000000ed49000000) (1024K)]
  0x0000021c04c96380 JavaThread "Execution worker Thread 6"         [_thread_blocked, id=12176, stack(0x000000ed49500000,0x000000ed49600000) (1024K)]
  0x0000021c04c942b0 JavaThread "Execution worker Thread 7"         [_thread_blocked, id=4288, stack(0x000000ed49600000,0x000000ed49700000) (1024K)]
  0x0000021c0c39f140 JavaThread "Execution worker Thread 8"         [_thread_blocked, id=7712, stack(0x000000ed49800000,0x000000ed49900000) (1024K)]
  0x0000021c0c3a2c50 JavaThread "Execution worker Thread 9"         [_thread_blocked, id=4316, stack(0x000000ed49900000,0x000000ed49a00000) (1024K)]
  0x0000021c0c3a32e0 JavaThread "Execution worker Thread 10"        [_thread_blocked, id=24644, stack(0x000000ed49a00000,0x000000ed49b00000) (1024K)]
  0x0000021c0c3a5a40 JavaThread "Execution worker Thread 11"        [_thread_blocked, id=9900, stack(0x000000ed49b00000,0x000000ed49c00000) (1024K)]
  0x0000021c0c3a60d0 JavaThread "Execution worker Thread 12"        [_thread_blocked, id=11388, stack(0x000000ed49c00000,0x000000ed49d00000) (1024K)]
  0x0000021c0c3a6760 JavaThread "Execution worker Thread 13"        [_thread_blocked, id=936, stack(0x000000ed49d00000,0x000000ed49e00000) (1024K)]
  0x0000021c0c3a3970 JavaThread "Execution worker Thread 14"        [_thread_blocked, id=13216, stack(0x000000ed49e00000,0x000000ed49f00000) (1024K)]
  0x0000021c0c3a6df0 JavaThread "Execution worker Thread 15"        [_thread_blocked, id=17956, stack(0x000000ed49f00000,0x000000ed4a000000) (1024K)]
  0x0000021c065c1140 JavaThread "Cache worker for execution history cache (C:\edp-android-dadole\edp-android-collab\.gradle\9.4.1\executionHistory)"        [_thread_blocked, id=9388, stack(0x000000ed4a000000,0x000000ed4a100000) (1024K)]
  0x0000021c0b0ee410 JavaThread "WorkerExecutor Queue"              [_thread_blocked, id=15508, stack(0x000000ed4a100000,0x000000ed4a200000) (1024K)]
  0x0000021c0e400c70 JavaThread "WorkerExecutor Queue Thread 2"        [_thread_blocked, id=20020, stack(0x000000ed4a200000,0x000000ed4a300000) (1024K)]
  0x0000021c0e4033d0 JavaThread "WorkerExecutor Queue Thread 3"        [_thread_blocked, id=20360, stack(0x000000ed4a300000,0x000000ed4a400000) (1024K)]
  0x0000021c0d6fc150 JavaThread "WorkerExecutor Queue Thread 4"        [_thread_blocked, id=16580, stack(0x000000ed4a400000,0x000000ed4a500000) (1024K)]
  0x0000021bd688a270 JavaThread "WorkerExecutor Queue Thread 5"        [_thread_blocked, id=25544, stack(0x000000ed4a500000,0x000000ed4a600000) (1024K)]
  0x0000021c065bf070 JavaThread "WorkerExecutor Queue Thread 6"        [_thread_blocked, id=24628, stack(0x000000ed4a600000,0x000000ed4a700000) (1024K)]
  0x0000021c1068e5d0 JavaThread "WorkerExecutor Queue Thread 7"        [_thread_blocked, id=12216, stack(0x000000ed4a700000,0x000000ed4a800000) (1024K)]
  0x0000021c065c24f0 JavaThread "WorkerExecutor Queue Thread 8"        [_thread_blocked, id=25296, stack(0x000000ed4a800000,0x000000ed4a900000) (1024K)]
  0x0000021c1068cb90 JavaThread "WorkerExecutor Queue Thread 9"        [_thread_blocked, id=19988, stack(0x000000ed4ab00000,0x000000ed4ac00000) (1024K)]
  0x0000021c1068f2f0 JavaThread "WorkerExecutor Queue Thread 10"        [_thread_blocked, id=7648, stack(0x000000ed4ac00000,0x000000ed4ad00000) (1024K)]
  0x0000021c065bfd90 JavaThread "WorkerExecutor Queue Thread 11"        [_thread_blocked, id=11804, stack(0x000000ed4ae00000,0x000000ed4af00000) (1024K)]
  0x0000021bc4c3e590 JavaThread "WorkerExecutor Queue Thread 12"        [_thread_blocked, id=7252, stack(0x000000ed4af00000,0x000000ed4b000000) (1024K)]
  0x0000021bc4c3ec20 JavaThread "WorkerExecutor Queue Thread 14"        [_thread_blocked, id=3648, stack(0x000000ed4b100000,0x000000ed4b200000) (1024K)]
  0x0000021bd4409130 JavaThread "WorkerExecutor Queue Thread 15"        [_thread_blocked, id=12432, stack(0x000000ed4b300000,0x000000ed4b400000) (1024K)]
  0x0000021c0b0efe50 JavaThread "WorkerExecutor Queue Thread 16"        [_thread_blocked, id=23856, stack(0x000000ed4b400000,0x000000ed4b500000) (1024K)]
  0x0000021c04af10c0 JavaThread "WorkerExecutor Queue Thread 17"        [_thread_blocked, id=7064, stack(0x000000ed4b500000,0x000000ed4b600000) (1024K)]
  0x0000021bc4c3f2b0 JavaThread "ForkJoinPool-9-worker-1"    daemon [_thread_blocked, id=5976, stack(0x000000ed4b600000,0x000000ed4b700000) (1024K)]
  0x0000021bfc7dca30 JavaThread "ForkJoinPool-9-worker-2"    daemon [_thread_blocked, id=13812, stack(0x000000ed4b700000,0x000000ed4b800000) (1024K)]
  0x0000021c0e401300 JavaThread "ForkJoinPool-9-worker-3"    daemon [_thread_blocked, id=18140, stack(0x000000ed4b800000,0x000000ed4b900000) (1024K)]
  0x0000021c065c0ab0 JavaThread "ForkJoinPool-9-worker-4"    daemon [_thread_blocked, id=18112, stack(0x000000ed4b900000,0x000000ed4ba00000) (1024K)]
  0x0000021c0f2da800 JavaThread "ForkJoinPool-9-worker-5"    daemon [_thread_blocked, id=18852, stack(0x000000ed4ba00000,0x000000ed4bb00000) (1024K)]
  0x0000021c065c17d0 JavaThread "ForkJoinPool-9-worker-6"    daemon [_thread_blocked, id=22756, stack(0x000000ed4bb00000,0x000000ed4bc00000) (1024K)]
  0x0000021c0e401990 JavaThread "ForkJoinPool-9-worker-7"    daemon [_thread_blocked, id=856, stack(0x000000ed4bc00000,0x000000ed4bd00000) (1024K)]
  0x0000021c0c3a7480 JavaThread "ForkJoinPool-9-worker-8"    daemon [_thread_blocked, id=14000, stack(0x000000ed4bd00000,0x000000ed4be00000) (1024K)]
  0x0000021c04c92f00 JavaThread "ForkJoinPool-9-worker-9"    daemon [_thread_blocked, id=2088, stack(0x000000ed4be00000,0x000000ed4bf00000) (1024K)]
  0x0000021c0db851c0 JavaThread "ForkJoinPool-9-worker-10"   daemon [_thread_blocked, id=10184, stack(0x000000ed4bf00000,0x000000ed4c000000) (1024K)]
  0x0000021c0d6fb430 JavaThread "ForkJoinPool-9-worker-11"   daemon [_thread_blocked, id=17168, stack(0x000000ed4c000000,0x000000ed4c100000) (1024K)]
  0x0000021c04c93590 JavaThread "ForkJoinPool-9-worker-12"   daemon [_thread_blocked, id=24928, stack(0x000000ed4c100000,0x000000ed4c200000) (1024K)]
  0x0000021c0c3a4000 JavaThread "ForkJoinPool-9-worker-13"   daemon [_thread_blocked, id=18696, stack(0x000000ed4c200000,0x000000ed4c300000) (1024K)]
  0x0000021bd44097c0 JavaThread "ForkJoinPool-9-worker-14"   daemon [_thread_blocked, id=9620, stack(0x000000ed4c300000,0x000000ed4c400000) (1024K)]
  0x0000021c0c3a7b10 JavaThread "ForkJoinPool-9-worker-15"   daemon [_thread_blocked, id=21128, stack(0x000000ed4c400000,0x000000ed4c500000) (1024K)]
  0x0000021c0c3a4690 JavaThread "ForkJoinPool-9-worker-16"   daemon [_thread_blocked, id=12896, stack(0x000000ed4c500000,0x000000ed4c600000) (1024K)]
Total: 143

Other Threads:
=>0x0000021bf71fab60 VMThread "VM Thread"                           [id=24608, stack(0x000000ed42000000,0x000000ed42100000) (1024K)]
  0x0000021bf71e8170 WatcherThread "VM Periodic Task Thread"        [id=14480, stack(0x000000ed41f00000,0x000000ed42000000) (1024K)]
  0x0000021bd9b866b0 WorkerThread "GC Thread#0"                     [id=6968, stack(0x000000ed41a00000,0x000000ed41b00000) (1024K)]
  0x0000021bfc106a70 WorkerThread "GC Thread#1"                     [id=17668, stack(0x000000ed42d00000,0x000000ed42e00000) (1024K)]
  0x0000021bf7e40b60 WorkerThread "GC Thread#2"                     [id=18552, stack(0x000000ed42e00000,0x000000ed42f00000) (1024K)]
  0x0000021bfc216900 WorkerThread "GC Thread#3"                     [id=19088, stack(0x000000ed42f00000,0x000000ed43000000) (1024K)]
  0x0000021bfca347c0 WorkerThread "GC Thread#4"                     [id=19068, stack(0x000000ed43000000,0x000000ed43100000) (1024K)]
  0x0000021bfd7f29e0 WorkerThread "GC Thread#5"                     [id=21304, stack(0x000000ed43b00000,0x000000ed43c00000) (1024K)]
  0x0000021bfd7f4900 WorkerThread "GC Thread#6"                     [id=18136, stack(0x000000ed43c00000,0x000000ed43d00000) (1024K)]
  0x0000021bfd7f4ca0 WorkerThread "GC Thread#7"                     [id=1184, stack(0x000000ed43d00000,0x000000ed43e00000) (1024K)]
  0x0000021bfd7eeec0 WorkerThread "GC Thread#8"                     [id=7912, stack(0x000000ed43e00000,0x000000ed43f00000) (1024K)]
  0x0000021bfd7ef9a0 WorkerThread "GC Thread#9"                     [id=24740, stack(0x000000ed43f00000,0x000000ed44000000) (1024K)]
  0x0000021bfd7f00e0 WorkerThread "GC Thread#10"                    [id=25200, stack(0x000000ed44000000,0x000000ed44100000) (1024K)]
  0x0000021bfd7ef260 WorkerThread "GC Thread#11"                    [id=11432, stack(0x000000ed44100000,0x000000ed44200000) (1024K)]
  0x0000021bfd7f0480 WorkerThread "GC Thread#12"                    [id=18416, stack(0x000000ed44200000,0x000000ed44300000) (1024K)]
  0x0000021bd9b97440 ConcurrentGCThread "G1 Main Marker"            [id=14472, stack(0x000000ed41b00000,0x000000ed41c00000) (1024K)]
  0x0000021bd9b98a10 WorkerThread "G1 Conc#0"                       [id=14396, stack(0x000000ed41c00000,0x000000ed41d00000) (1024K)]
  0x0000021bfd7efd40 WorkerThread "G1 Conc#1"                       [id=16436, stack(0x000000ed44600000,0x000000ed44700000) (1024K)]
  0x0000021bfe685f50 WorkerThread "G1 Conc#2"                       [id=25528, stack(0x000000ed44700000,0x000000ed44800000) (1024K)]
  0x0000021bd9bee890 ConcurrentGCThread "G1 Refine#0"               [id=3636, stack(0x000000ed41d00000,0x000000ed41e00000) (1024K)]
  0x0000021c050fa420 ConcurrentGCThread "G1 Refine#1"               [id=19148, stack(0x000000ed47600000,0x000000ed47700000) (1024K)]
  0x0000021bd572a5d0 ConcurrentGCThread "G1 Refine#2"               [id=23304, stack(0x000000ed48e00000,0x000000ed48f00000) (1024K)]
  0x0000021c053ebd90 ConcurrentGCThread "G1 Refine#3"               [id=20348, stack(0x000000ed49000000,0x000000ed49100000) (1024K)]
  0x0000021c053eb4f0 ConcurrentGCThread "G1 Refine#4"               [id=7196, stack(0x000000ed49100000,0x000000ed49200000) (1024K)]
  0x0000021c053ea3b0 ConcurrentGCThread "G1 Refine#5"               [id=3896, stack(0x000000ed49300000,0x000000ed49400000) (1024K)]
  0x0000021c053ea800 ConcurrentGCThread "G1 Refine#6"               [id=16964, stack(0x000000ed49400000,0x000000ed49500000) (1024K)]
  0x0000021c050f9b80 ConcurrentGCThread "G1 Refine#7"               [id=3040, stack(0x000000ed47b00000,0x000000ed47c00000) (1024K)]
  0x0000021c050facc0 ConcurrentGCThread "G1 Refine#8"               [id=14284, stack(0x000000ed4a900000,0x000000ed4aa00000) (1024K)]
  0x0000021c050f9fd0 ConcurrentGCThread "G1 Refine#9"               [id=3644, stack(0x000000ed4aa00000,0x000000ed4ab00000) (1024K)]
  0x0000021c059bca80 ConcurrentGCThread "G1 Refine#10"              [id=4780, stack(0x000000ed4ad00000,0x000000ed4ae00000) (1024K)]
  0x0000021c059bb4f0 ConcurrentGCThread "G1 Refine#11"              [id=11840, stack(0x000000ed4b200000,0x000000ed4b300000) (1024K)]
  0x0000021bf70bc1a0 ConcurrentGCThread "G1 Service"                [id=6292, stack(0x000000ed41e00000,0x000000ed41f00000) (1024K)]
Total: 32

Threads with active compile tasks:
C2 CompilerThread0  8610751 157811       4       com.sun.org.apache.xerces.internal.dom.CoreDocumentImpl::createElement (47 bytes)
Total: 1

VM state: at safepoint (normal execution)

VM Mutex/Monitor currently owned by a thread:  ([mutex/lock_event])
[0x00007ffb5389e308] Threads_lock - owner thread: 0x0000021bf71fab60
[0x00007ffb5389e408] Heap_lock - owner thread: 0x0000021c0c3a6df0

Heap address: 0x0000000080000000, size: 2048 MB, Compressed Oops mode: 32-bit

CDS archive(s) mapped at: [0x0000021b80000000-0x0000021b80c80000-0x0000021b80c80000), size 13107200, SharedBaseAddress: 0x0000021b80000000, ArchiveRelocationMode: 1.
Compressed class space mapped at: 0x0000021b81000000-0x0000021bc1000000, reserved size: 1073741824
Narrow klass base: 0x0000021b80000000, Narrow klass shift: 0, Narrow klass range: 0x100000000

GC Precious Log:
 CardTable entry size: 512
 Card Set container configuration: InlinePtr #cards 5 size 8 Array Of Cards #cards 12 size 40 Howl #buckets 4 coarsen threshold 1843 Howl Bitmap #cards 512 size 80 coarsen threshold 460 Card regions per heap region 1 cards per card region 2048
 CPUs: 16 total, 16 available
 Memory: 5828M
 Large Page Support: Disabled
 NUMA Support: Disabled
 Compressed Oops: Enabled (32-bit)
 Heap Region Size: 1M
 Heap Min Capacity: 8M
 Heap Initial Capacity: 92M
 Heap Max Capacity: 2G
 Pre-touch: Disabled
 Parallel Workers: 13
 Concurrent Workers: 3
 Concurrent Refinement Workers: 13
 Periodic GC: Disabled

Heap:
 garbage-first heap   total 800768K, used 501249K [0x0000000080000000, 0x0000000100000000)
  region size 1024K, 19 young (19456K), 19 survivors (19456K)
 Metaspace       used 425859K, committed 428672K, reserved 1441792K
  class space    used 53163K, committed 54592K, reserved 1048576K

Heap Regions: E=young(eden), S=young(survivor), O=old, HS=humongous(starts), HC=humongous(continues), CS=collection set, F=free, TAMS=top-at-mark-start, PB=parsable bottom
|   0|0x0000000080000000, 0x0000000080100000, 0x0000000080100000|100%|HS|  |TAMS 0x0000000080100000| PB 0x0000000080000000| Complete 
|   1|0x0000000080100000, 0x0000000080200000, 0x0000000080200000|100%|HC|  |TAMS 0x0000000080200000| PB 0x0000000080100000| Complete 
|   2|0x0000000080200000, 0x0000000080300000, 0x0000000080300000|100%|HC|  |TAMS 0x0000000080300000| PB 0x0000000080200000| Complete 
|   3|0x0000000080300000, 0x0000000080400000, 0x0000000080400000|100%|HC|  |TAMS 0x0000000080400000| PB 0x0000000080300000| Complete 
|   4|0x0000000080400000, 0x0000000080500000, 0x0000000080500000|100%| O|  |TAMS 0x0000000080500000| PB 0x0000000080400000| Untracked 
|   5|0x0000000080500000, 0x0000000080600000, 0x0000000080600000|100%| O|  |TAMS 0x0000000080600000| PB 0x0000000080500000| Untracked 
|   6|0x0000000080600000, 0x0000000080700000, 0x0000000080700000|100%| O|  |TAMS 0x0000000080700000| PB 0x0000000080600000| Untracked 
|   7|0x0000000080700000, 0x00000000807fffc8, 0x0000000080800000| 99%| O|  |TAMS 0x00000000807fffc8| PB 0x0000000080700000| Untracked 
|   8|0x0000000080800000, 0x0000000080900000, 0x0000000080900000|100%|HS|  |TAMS 0x0000000080900000| PB 0x0000000080800000| Complete 
|   9|0x0000000080900000, 0x0000000080a00000, 0x0000000080a00000|100%| O|  |TAMS 0x0000000080a00000| PB 0x0000000080900000| Untracked 
|  10|0x0000000080a00000, 0x0000000080afffe0, 0x0000000080b00000| 99%| O|  |TAMS 0x0000000080afffe0| PB 0x0000000080a00000| Untracked 
|  11|0x0000000080b00000, 0x0000000080bffd18, 0x0000000080c00000| 99%| O|  |TAMS 0x0000000080bffd18| PB 0x0000000080b00000| Untracked 
|  12|0x0000000080c00000, 0x0000000080cfffd0, 0x0000000080d00000| 99%| O|  |TAMS 0x0000000080cfffd0| PB 0x0000000080c00000| Untracked 
|  13|0x0000000080d00000, 0x0000000080dfffc0, 0x0000000080e00000| 99%| O|  |TAMS 0x0000000080dfffc0| PB 0x0000000080d00000| Untracked 
|  14|0x0000000080e00000, 0x0000000080effff0, 0x0000000080f00000| 99%| O|  |TAMS 0x0000000080effff0| PB 0x0000000080e00000| Untracked 
|  15|0x0000000080f00000, 0x0000000080ffffd8, 0x0000000081000000| 99%| O|  |TAMS 0x0000000080ffffd8| PB 0x0000000080f00000| Untracked 
|  16|0x0000000081000000, 0x0000000081100000, 0x0000000081100000|100%| O|  |TAMS 0x0000000081100000| PB 0x0000000081000000| Untracked 
|  17|0x0000000081100000, 0x0000000081200000, 0x0000000081200000|100%| O|  |TAMS 0x0000000081200000| PB 0x0000000081100000| Untracked 
|  18|0x0000000081200000, 0x0000000081300000, 0x0000000081300000|100%| O|  |TAMS 0x0000000081300000| PB 0x0000000081200000| Untracked 
|  19|0x0000000081300000, 0x00000000813ffff0, 0x0000000081400000| 99%| O|  |TAMS 0x00000000813ffff0| PB 0x0000000081300000| Untracked 
|  20|0x0000000081400000, 0x00000000814fffe0, 0x0000000081500000| 99%| O|  |TAMS 0x00000000814fffe0| PB 0x0000000081400000| Untracked 
|  21|0x0000000081500000, 0x0000000081600000, 0x0000000081600000|100%|HS|  |TAMS 0x0000000081600000| PB 0x0000000081500000| Complete 
|  22|0x0000000081600000, 0x0000000081700000, 0x0000000081700000|100%|HS|  |TAMS 0x0000000081700000| PB 0x0000000081600000| Complete 
|  23|0x0000000081700000, 0x0000000081800000, 0x0000000081800000|100%|HS|  |TAMS 0x0000000081800000| PB 0x0000000081700000| Complete 
|  24|0x0000000081800000, 0x0000000081900000, 0x0000000081900000|100%|HS|  |TAMS 0x0000000081900000| PB 0x0000000081800000| Complete 
|  25|0x0000000081900000, 0x00000000819f4a30, 0x0000000081a00000| 95%| O|  |TAMS 0x00000000819f4a30| PB 0x0000000081900000| Untracked 
|  26|0x0000000081a00000, 0x0000000081afffe0, 0x0000000081b00000| 99%| O|  |TAMS 0x0000000081afffe0| PB 0x0000000081a00000| Untracked 
|  27|0x0000000081b00000, 0x0000000081c00000, 0x0000000081c00000|100%| O|  |TAMS 0x0000000081c00000| PB 0x0000000081b00000| Untracked 
|  28|0x0000000081c00000, 0x0000000081cfff98, 0x0000000081d00000| 99%| O|  |TAMS 0x0000000081cfff98| PB 0x0000000081c00000| Untracked 
|  29|0x0000000081d00000, 0x0000000081e00000, 0x0000000081e00000|100%| O|  |TAMS 0x0000000081e00000| PB 0x0000000081d00000| Untracked 
|  30|0x0000000081e00000, 0x0000000081effff0, 0x0000000081f00000| 99%| O|  |TAMS 0x0000000081effff0| PB 0x0000000081e00000| Untracked 
|  31|0x0000000081f00000, 0x0000000081fffff0, 0x0000000082000000| 99%| O|  |TAMS 0x0000000081fffff0| PB 0x0000000081f00000| Untracked 
|  32|0x0000000082000000, 0x0000000082100000, 0x0000000082100000|100%|HS|  |TAMS 0x0000000082100000| PB 0x0000000082000000| Complete 
|  33|0x0000000082100000, 0x0000000082200000, 0x0000000082200000|100%|HC|  |TAMS 0x0000000082200000| PB 0x0000000082100000| Complete 
|  34|0x0000000082200000, 0x0000000082300000, 0x0000000082300000|100%|HC|  |TAMS 0x0000000082300000| PB 0x0000000082200000| Complete 
|  35|0x0000000082300000, 0x0000000082400000, 0x0000000082400000|100%|HC|  |TAMS 0x0000000082400000| PB 0x0000000082300000| Complete 
|  36|0x0000000082400000, 0x0000000082500000, 0x0000000082500000|100%|HC|  |TAMS 0x0000000082500000| PB 0x0000000082400000| Complete 
|  37|0x0000000082500000, 0x0000000082600000, 0x0000000082600000|100%|HC|  |TAMS 0x0000000082600000| PB 0x0000000082500000| Complete 
|  38|0x0000000082600000, 0x0000000082700000, 0x0000000082700000|100%|HS|  |TAMS 0x0000000082700000| PB 0x0000000082600000| Complete 
|  39|0x0000000082700000, 0x0000000082800000, 0x0000000082800000|100%|HC|  |TAMS 0x0000000082800000| PB 0x0000000082700000| Complete 
|  40|0x0000000082800000, 0x0000000082900000, 0x0000000082900000|100%|HC|  |TAMS 0x0000000082900000| PB 0x0000000082800000| Complete 
|  41|0x0000000082900000, 0x0000000082a00000, 0x0000000082a00000|100%|HC|  |TAMS 0x0000000082a00000| PB 0x0000000082900000| Complete 
|  42|0x0000000082a00000, 0x0000000082b00000, 0x0000000082b00000|100%|HC|  |TAMS 0x0000000082b00000| PB 0x0000000082a00000| Complete 
|  43|0x0000000082b00000, 0x0000000082c00000, 0x0000000082c00000|100%|HC|  |TAMS 0x0000000082c00000| PB 0x0000000082b00000| Complete 
|  44|0x0000000082c00000, 0x0000000082d00000, 0x0000000082d00000|100%| O|  |TAMS 0x0000000082d00000| PB 0x0000000082c00000| Untracked 
|  45|0x0000000082d00000, 0x0000000082e00000, 0x0000000082e00000|100%| O|  |TAMS 0x0000000082e00000| PB 0x0000000082d00000| Untracked 
|  46|0x0000000082e00000, 0x0000000082effff8, 0x0000000082f00000| 99%| O|  |TAMS 0x0000000082effff8| PB 0x0000000082e00000| Untracked 
|  47|0x0000000082f00000, 0x0000000082fffff8, 0x0000000083000000| 99%| O|  |TAMS 0x0000000082fffff8| PB 0x0000000082f00000| Untracked 
|  48|0x0000000083000000, 0x0000000083100000, 0x0000000083100000|100%| O|  |TAMS 0x0000000083100000| PB 0x0000000083000000| Untracked 
|  49|0x0000000083100000, 0x00000000831ffff0, 0x0000000083200000| 99%| O|  |TAMS 0x00000000831ffff0| PB 0x0000000083100000| Untracked 
|  50|0x0000000083200000, 0x00000000832fffc8, 0x0000000083300000| 99%| O|  |TAMS 0x00000000832fffc8| PB 0x0000000083200000| Untracked 
|  51|0x0000000083300000, 0x00000000833ffff0, 0x0000000083400000| 99%| O|  |TAMS 0x00000000833ffff0| PB 0x0000000083300000| Untracked 
|  52|0x0000000083400000, 0x0000000083500000, 0x0000000083500000|100%| O|  |TAMS 0x0000000083500000| PB 0x0000000083400000| Untracked 
|  53|0x0000000083500000, 0x0000000083600000, 0x0000000083600000|100%| O|  |TAMS 0x0000000083600000| PB 0x0000000083500000| Untracked 
|  54|0x0000000083600000, 0x00000000836ffff0, 0x0000000083700000| 99%| O|  |TAMS 0x00000000836ffff0| PB 0x0000000083600000| Untracked 
|  55|0x0000000083700000, 0x00000000837ffeb8, 0x0000000083800000| 99%| O|  |TAMS 0x00000000837ffeb8| PB 0x0000000083700000| Untracked 
|  56|0x0000000083800000, 0x00000000838ffde0, 0x0000000083900000| 99%| O|  |TAMS 0x00000000838ffde0| PB 0x0000000083800000| Untracked 
|  57|0x0000000083900000, 0x00000000839fffd0, 0x0000000083a00000| 99%| O|  |TAMS 0x00000000839fffd0| PB 0x0000000083900000| Untracked 
|  58|0x0000000083a00000, 0x0000000083affff8, 0x0000000083b00000| 99%| O|  |TAMS 0x0000000083affff8| PB 0x0000000083a00000| Untracked 
|  59|0x0000000083b00000, 0x0000000083bffff0, 0x0000000083c00000| 99%| O|  |TAMS 0x0000000083bffff0| PB 0x0000000083b00000| Untracked 
|  60|0x0000000083c00000, 0x0000000083cfffe0, 0x0000000083d00000| 99%| O|  |TAMS 0x0000000083cfffe0| PB 0x0000000083c00000| Untracked 
|  61|0x0000000083d00000, 0x0000000083e00000, 0x0000000083e00000|100%| O|  |TAMS 0x0000000083e00000| PB 0x0000000083d00000| Untracked 
|  62|0x0000000083e00000, 0x0000000083effff8, 0x0000000083f00000| 99%| O|  |TAMS 0x0000000083effff8| PB 0x0000000083e00000| Updating 
|  63|0x0000000083f00000, 0x0000000083fffff0, 0x0000000084000000| 99%| O|  |TAMS 0x0000000083fffff0| PB 0x0000000083f00000| Untracked 
|  64|0x0000000084000000, 0x00000000840ffff8, 0x0000000084100000| 99%| O|  |TAMS 0x00000000840ffff8| PB 0x0000000084000000| Untracked 
|  65|0x0000000084100000, 0x00000000841ffff0, 0x0000000084200000| 99%| O|  |TAMS 0x00000000841ffff0| PB 0x0000000084100000| Untracked 
|  66|0x0000000084200000, 0x0000000084300000, 0x0000000084300000|100%| O|  |TAMS 0x0000000084300000| PB 0x0000000084200000| Untracked 
|  67|0x0000000084300000, 0x00000000843fffb8, 0x0000000084400000| 99%| O|  |TAMS 0x00000000843fffb8| PB 0x0000000084300000| Untracked 
|  68|0x0000000084400000, 0x00000000844ffff0, 0x0000000084500000| 99%| O|  |TAMS 0x00000000844ffff0| PB 0x0000000084400000| Updating 
|  69|0x0000000084500000, 0x0000000084600000, 0x0000000084600000|100%| O|  |TAMS 0x0000000084600000| PB 0x0000000084500000| Untracked 
|  70|0x0000000084600000, 0x00000000846ffff8, 0x0000000084700000| 99%| O|  |TAMS 0x00000000846ffff8| PB 0x0000000084600000| Untracked 
|  71|0x0000000084700000, 0x0000000084800000, 0x0000000084800000|100%| O|  |TAMS 0x0000000084800000| PB 0x0000000084700000| Untracked 
|  72|0x0000000084800000, 0x00000000848ffff0, 0x0000000084900000| 99%| O|  |TAMS 0x00000000848ffff0| PB 0x0000000084800000| Untracked 
|  73|0x0000000084900000, 0x0000000084a00000, 0x0000000084a00000|100%| O|  |TAMS 0x0000000084a00000| PB 0x0000000084900000| Untracked 
|  74|0x0000000084a00000, 0x0000000084af4400, 0x0000000084b00000| 95%| O|  |TAMS 0x0000000084af4400| PB 0x0000000084a00000| Untracked 
|  75|0x0000000084b00000, 0x0000000084bfffe8, 0x0000000084c00000| 99%| O|  |TAMS 0x0000000084bfffe8| PB 0x0000000084b00000| Untracked 
|  76|0x0000000084c00000, 0x0000000084cffff0, 0x0000000084d00000| 99%| O|  |TAMS 0x0000000084cffff0| PB 0x0000000084c00000| Updating 
|  77|0x0000000084d00000, 0x0000000084e00000, 0x0000000084e00000|100%|HS|  |TAMS 0x0000000084e00000| PB 0x0000000084d00000| Complete 
|  78|0x0000000084e00000, 0x0000000084f00000, 0x0000000084f00000|100%|HS|  |TAMS 0x0000000084f00000| PB 0x0000000084e00000| Complete 
|  79|0x0000000084f00000, 0x0000000085000000, 0x0000000085000000|100%| O|  |TAMS 0x0000000085000000| PB 0x0000000084f00000| Untracked 
|  80|0x0000000085000000, 0x00000000850ffff8, 0x0000000085100000| 99%| O|  |TAMS 0x00000000850ffff8| PB 0x0000000085000000| Untracked 
|  81|0x0000000085100000, 0x00000000851fffb0, 0x0000000085200000| 99%| O|  |TAMS 0x00000000851fffb0| PB 0x0000000085100000| Updating 
|  82|0x0000000085200000, 0x00000000852ffff0, 0x0000000085300000| 99%| O|  |TAMS 0x00000000852ffff0| PB 0x0000000085200000| Untracked 
|  83|0x0000000085300000, 0x00000000853fffe0, 0x0000000085400000| 99%| O|  |TAMS 0x00000000853fffe0| PB 0x0000000085300000| Untracked 
|  84|0x0000000085400000, 0x00000000854ffe08, 0x0000000085500000| 99%| O|  |TAMS 0x00000000854ffe08| PB 0x0000000085400000| Untracked 
|  85|0x0000000085500000, 0x00000000855fffe8, 0x0000000085600000| 99%| O|  |TAMS 0x00000000855fffe8| PB 0x0000000085500000| Untracked 
|  86|0x0000000085600000, 0x00000000856fffd0, 0x0000000085700000| 99%| O|  |TAMS 0x00000000856fffd0| PB 0x0000000085600000| Untracked 
|  87|0x0000000085700000, 0x00000000857ffff8, 0x0000000085800000| 99%| O|  |TAMS 0x00000000857ffff8| PB 0x0000000085700000| Untracked 
|  88|0x0000000085800000, 0x00000000858ffff0, 0x0000000085900000| 99%| O|  |TAMS 0x00000000858ffff0| PB 0x0000000085800000| Updating 
|  89|0x0000000085900000, 0x00000000859ffff8, 0x0000000085a00000| 99%| O|  |TAMS 0x00000000859ffff8| PB 0x0000000085900000| Untracked 
|  90|0x0000000085a00000, 0x0000000085affff8, 0x0000000085b00000| 99%| O|  |TAMS 0x0000000085affff8| PB 0x0000000085a00000| Untracked 
|  91|0x0000000085b00000, 0x0000000085c00000, 0x0000000085c00000|100%| O|  |TAMS 0x0000000085c00000| PB 0x0000000085b00000| Untracked 
|  92|0x0000000085c00000, 0x0000000085cffff8, 0x0000000085d00000| 99%| O|  |TAMS 0x0000000085cffff8| PB 0x0000000085c00000| Untracked 
|  93|0x0000000085d00000, 0x0000000085dfffd8, 0x0000000085e00000| 99%| O|  |TAMS 0x0000000085dfffd8| PB 0x0000000085d00000| Untracked 
|  94|0x0000000085e00000, 0x0000000085f00000, 0x0000000085f00000|100%| O|  |TAMS 0x0000000085f00000| PB 0x0000000085e00000| Untracked 
|  95|0x0000000085f00000, 0x0000000085ffffe8, 0x0000000086000000| 99%| O|  |TAMS 0x0000000085ffffe8| PB 0x0000000085f00000| Untracked 
|  96|0x0000000086000000, 0x00000000860ffff0, 0x0000000086100000| 99%| O|  |TAMS 0x00000000860ffff0| PB 0x0000000086000000| Untracked 
|  97|0x0000000086100000, 0x00000000861fd548, 0x0000000086200000| 98%| O|  |TAMS 0x00000000861fd548| PB 0x0000000086100000| Untracked 
|  98|0x0000000086200000, 0x00000000862ffff0, 0x0000000086300000| 99%| O|  |TAMS 0x00000000862ffff0| PB 0x0000000086200000| Untracked 
|  99|0x0000000086300000, 0x00000000863ffff8, 0x0000000086400000| 99%| O|  |TAMS 0x00000000863ffff8| PB 0x0000000086300000| Untracked 
| 100|0x0000000086400000, 0x00000000864ffde0, 0x0000000086500000| 99%| O|  |TAMS 0x00000000864ffde0| PB 0x0000000086400000| Untracked 
| 101|0x0000000086500000, 0x00000000865fffe8, 0x0000000086600000| 99%| O|  |TAMS 0x00000000865fffe8| PB 0x0000000086500000| Untracked 
| 102|0x0000000086600000, 0x0000000086700000, 0x0000000086700000|100%| O|  |TAMS 0x0000000086700000| PB 0x0000000086600000| Updating 
| 103|0x0000000086700000, 0x00000000867fffc0, 0x0000000086800000| 99%| O|  |TAMS 0x00000000867fffc0| PB 0x0000000086700000| Untracked 
| 104|0x0000000086800000, 0x0000000086900000, 0x0000000086900000|100%|HS|  |TAMS 0x0000000086900000| PB 0x0000000086800000| Complete 
| 105|0x0000000086900000, 0x00000000869fffa0, 0x0000000086a00000| 99%| O|  |TAMS 0x00000000869fffa0| PB 0x0000000086900000| Untracked 
| 106|0x0000000086a00000, 0x0000000086b00000, 0x0000000086b00000|100%| O|  |TAMS 0x0000000086b00000| PB 0x0000000086a00000| Untracked 
| 107|0x0000000086b00000, 0x0000000086bffff0, 0x0000000086c00000| 99%| O|  |TAMS 0x0000000086bffff0| PB 0x0000000086b00000| Untracked 
| 108|0x0000000086c00000, 0x0000000086cfc8b8, 0x0000000086d00000| 98%| O|  |TAMS 0x0000000086cfc8b8| PB 0x0000000086c00000| Untracked 
| 109|0x0000000086d00000, 0x0000000086dffff8, 0x0000000086e00000| 99%| O|  |TAMS 0x0000000086dffff8| PB 0x0000000086d00000| Untracked 
| 110|0x0000000086e00000, 0x0000000086efffc8, 0x0000000086f00000| 99%| O|  |TAMS 0x0000000086efffc8| PB 0x0000000086e00000| Updating 
| 111|0x0000000086f00000, 0x0000000086ffffd8, 0x0000000087000000| 99%| O|  |TAMS 0x0000000086ffffd8| PB 0x0000000086f00000| Untracked 
| 112|0x0000000087000000, 0x0000000087100000, 0x0000000087100000|100%| O|  |TAMS 0x0000000087100000| PB 0x0000000087000000| Untracked 
| 113|0x0000000087100000, 0x00000000871fffe8, 0x0000000087200000| 99%| O|  |TAMS 0x00000000871fffe8| PB 0x0000000087100000| Untracked 
| 114|0x0000000087200000, 0x00000000872ffff8, 0x0000000087300000| 99%| O|  |TAMS 0x00000000872ffff8| PB 0x0000000087200000| Updating 
| 115|0x0000000087300000, 0x00000000873ffff8, 0x0000000087400000| 99%| O|  |TAMS 0x00000000873ffff8| PB 0x0000000087300000| Updating 
| 116|0x0000000087400000, 0x0000000087500000, 0x0000000087500000|100%| O|  |TAMS 0x0000000087500000| PB 0x0000000087400000| Untracked 
| 117|0x0000000087500000, 0x00000000875ffff8, 0x0000000087600000| 99%| O|  |TAMS 0x00000000875ffff8| PB 0x0000000087500000| Untracked 
| 118|0x0000000087600000, 0x0000000087700000, 0x0000000087700000|100%| O|  |TAMS 0x0000000087700000| PB 0x0000000087600000| Updating 
| 119|0x0000000087700000, 0x00000000877ffff8, 0x0000000087800000| 99%| O|  |TAMS 0x00000000877ffff8| PB 0x0000000087700000| Untracked 
| 120|0x0000000087800000, 0x00000000878fffe8, 0x0000000087900000| 99%| O|  |TAMS 0x00000000878fffe8| PB 0x0000000087800000| Untracked 
| 121|0x0000000087900000, 0x00000000879ffff0, 0x0000000087a00000| 99%| O|  |TAMS 0x00000000879ffff0| PB 0x0000000087900000| Untracked 
| 122|0x0000000087a00000, 0x0000000087affff0, 0x0000000087b00000| 99%| O|  |TAMS 0x0000000087affff0| PB 0x0000000087a00000| Untracked 
| 123|0x0000000087b00000, 0x0000000087bffff8, 0x0000000087c00000| 99%| O|  |TAMS 0x0000000087bffff8| PB 0x0000000087b00000| Updating 
| 124|0x0000000087c00000, 0x0000000087cfffd8, 0x0000000087d00000| 99%| O|  |TAMS 0x0000000087cfffd8| PB 0x0000000087c00000| Untracked 
| 125|0x0000000087d00000, 0x0000000087e00000, 0x0000000087e00000|100%| O|  |TAMS 0x0000000087e00000| PB 0x0000000087d00000| Untracked 
| 126|0x0000000087e00000, 0x0000000087efffe8, 0x0000000087f00000| 99%| O|  |TAMS 0x0000000087efffe8| PB 0x0000000087e00000| Untracked 
| 127|0x0000000087f00000, 0x0000000087fffff0, 0x0000000088000000| 99%| O|  |TAMS 0x0000000087fffff0| PB 0x0000000087f00000| Untracked 
| 128|0x0000000088000000, 0x00000000880fff90, 0x0000000088100000| 99%| O|  |TAMS 0x00000000880fff90| PB 0x0000000088000000| Updating 
| 129|0x0000000088100000, 0x0000000088200000, 0x0000000088200000|100%|HS|  |TAMS 0x0000000088200000| PB 0x0000000088100000| Complete 
| 130|0x0000000088200000, 0x00000000882fff00, 0x0000000088300000| 99%| O|  |TAMS 0x00000000882fff00| PB 0x0000000088200000| Untracked 
| 131|0x0000000088300000, 0x00000000883ffff8, 0x0000000088400000| 99%| O|  |TAMS 0x00000000883ffff8| PB 0x0000000088300000| Updating 
| 132|0x0000000088400000, 0x00000000884f8568, 0x0000000088500000| 97%| O|  |TAMS 0x00000000884f8568| PB 0x0000000088400000| Updating 
| 133|0x0000000088500000, 0x00000000885fffc0, 0x0000000088600000| 99%| O|  |TAMS 0x00000000885fffc0| PB 0x0000000088500000| Untracked 
| 134|0x0000000088600000, 0x00000000886ffff0, 0x0000000088700000| 99%| O|  |TAMS 0x00000000886ffff0| PB 0x0000000088600000| Untracked 
| 135|0x0000000088700000, 0x00000000887fffe8, 0x0000000088800000| 99%| O|  |TAMS 0x00000000887fffe8| PB 0x0000000088700000| Untracked 
| 136|0x0000000088800000, 0x00000000888ffff8, 0x0000000088900000| 99%| O|  |TAMS 0x00000000888ffff8| PB 0x0000000088800000| Untracked 
| 137|0x0000000088900000, 0x00000000889ffff8, 0x0000000088a00000| 99%| O|  |TAMS 0x00000000889ffff8| PB 0x0000000088900000| Updating 
| 138|0x0000000088a00000, 0x0000000088affff0, 0x0000000088b00000| 99%| O|  |TAMS 0x0000000088affff0| PB 0x0000000088a00000| Untracked 
| 139|0x0000000088b00000, 0x0000000088bffff8, 0x0000000088c00000| 99%| O|  |TAMS 0x0000000088bffff8| PB 0x0000000088b00000| Untracked 
| 140|0x0000000088c00000, 0x0000000088cffff8, 0x0000000088d00000| 99%| O|  |TAMS 0x0000000088cffff8| PB 0x0000000088c00000| Updating 
| 141|0x0000000088d00000, 0x0000000088dfffe8, 0x0000000088e00000| 99%| O|  |TAMS 0x0000000088dfffe8| PB 0x0000000088d00000| Updating 
| 142|0x0000000088e00000, 0x0000000088f00000, 0x0000000088f00000|100%|HS|  |TAMS 0x0000000088f00000| PB 0x0000000088e00000| Complete 
| 143|0x0000000088f00000, 0x0000000088ffffc8, 0x0000000089000000| 99%| O|  |TAMS 0x0000000088ffffc8| PB 0x0000000088f00000| Updating 
| 144|0x0000000089000000, 0x0000000089100000, 0x0000000089100000|100%|HS|  |TAMS 0x0000000089100000| PB 0x0000000089000000| Complete 
| 145|0x0000000089100000, 0x0000000089200000, 0x0000000089200000|100%|HC|  |TAMS 0x0000000089200000| PB 0x0000000089100000| Complete 
| 146|0x0000000089200000, 0x0000000089300000, 0x0000000089300000|100%| O|  |TAMS 0x0000000089300000| PB 0x0000000089200000| Untracked 
| 147|0x0000000089300000, 0x00000000893fffe8, 0x0000000089400000| 99%| O|  |TAMS 0x00000000893fffe8| PB 0x0000000089300000| Untracked 
| 148|0x0000000089400000, 0x00000000894fffd0, 0x0000000089500000| 99%| O|  |TAMS 0x00000000894fffd0| PB 0x0000000089400000| Updating 
| 149|0x0000000089500000, 0x0000000089600000, 0x0000000089600000|100%| O|  |TAMS 0x0000000089600000| PB 0x0000000089500000| Untracked 
| 150|0x0000000089600000, 0x0000000089700000, 0x0000000089700000|100%|HS|  |TAMS 0x0000000089700000| PB 0x0000000089600000| Complete 
| 151|0x0000000089700000, 0x00000000897fffe0, 0x0000000089800000| 99%| O|  |TAMS 0x00000000897fffe0| PB 0x0000000089700000| Updating 
| 152|0x0000000089800000, 0x0000000089900000, 0x0000000089900000|100%| O|  |TAMS 0x0000000089900000| PB 0x0000000089800000| Untracked 
| 153|0x0000000089900000, 0x00000000899ffff8, 0x0000000089a00000| 99%| O|  |TAMS 0x00000000899ffff8| PB 0x0000000089900000| Updating 
| 154|0x0000000089a00000, 0x0000000089b00000, 0x0000000089b00000|100%|HS|  |TAMS 0x0000000089b00000| PB 0x0000000089a00000| Complete 
| 155|0x0000000089b00000, 0x0000000089c00000, 0x0000000089c00000|100%|HC|  |TAMS 0x0000000089c00000| PB 0x0000000089b00000| Complete 
| 156|0x0000000089c00000, 0x0000000089cffff8, 0x0000000089d00000| 99%| O|  |TAMS 0x0000000089cffff8| PB 0x0000000089c00000| Untracked 
| 157|0x0000000089d00000, 0x0000000089e00000, 0x0000000089e00000|100%| O|  |TAMS 0x0000000089e00000| PB 0x0000000089d00000| Untracked 
| 158|0x0000000089e00000, 0x0000000089efffe0, 0x0000000089f00000| 99%| O|  |TAMS 0x0000000089efffe0| PB 0x0000000089e00000| Updating 
| 159|0x0000000089f00000, 0x000000008a000000, 0x000000008a000000|100%| O|  |TAMS 0x000000008a000000| PB 0x0000000089f00000| Untracked 
| 160|0x000000008a000000, 0x000000008a100000, 0x000000008a100000|100%| O|  |TAMS 0x000000008a100000| PB 0x000000008a000000| Untracked 
| 161|0x000000008a100000, 0x000000008a200000, 0x000000008a200000|100%| O|  |TAMS 0x000000008a200000| PB 0x000000008a100000| Untracked 
| 162|0x000000008a200000, 0x000000008a300000, 0x000000008a300000|100%| O|  |TAMS 0x000000008a300000| PB 0x000000008a300000| Updating 
| 163|0x000000008a300000, 0x000000008a3ffff0, 0x000000008a400000| 99%| O|  |TAMS 0x000000008a3ffff0| PB 0x000000008a3ffff0| Updating 
| 164|0x000000008a400000, 0x000000008a4f38d0, 0x000000008a500000| 95%| O|  |TAMS 0x000000008a4f38d0| PB 0x000000008a4f38d0| Untracked 
| 165|0x000000008a500000, 0x000000008a600000, 0x000000008a600000|100%| O|  |TAMS 0x000000008a600000| PB 0x000000008a600000| Untracked 
| 166|0x000000008a600000, 0x000000008a6fffe8, 0x000000008a700000| 99%| O|  |TAMS 0x000000008a6fffe8| PB 0x000000008a6fffe8| Untracked 
| 167|0x000000008a700000, 0x000000008a7fffd0, 0x000000008a800000| 99%| O|  |TAMS 0x000000008a7fffd0| PB 0x000000008a7fffd0| Updating 
| 168|0x000000008a800000, 0x000000008a8ffff8, 0x000000008a900000| 99%| O|  |TAMS 0x000000008a8ffff8| PB 0x000000008a8ffff8| Updating 
| 169|0x000000008a900000, 0x000000008a9ffff8, 0x000000008aa00000| 99%| O|  |TAMS 0x000000008a9ffff8| PB 0x000000008a9ffff8| Updating 
| 170|0x000000008aa00000, 0x000000008ab00000, 0x000000008ab00000|100%| O|  |TAMS 0x000000008ab00000| PB 0x000000008ab00000| Untracked 
| 171|0x000000008ab00000, 0x000000008ac00000, 0x000000008ac00000|100%| O|  |TAMS 0x000000008ac00000| PB 0x000000008ac00000| Untracked 
| 172|0x000000008ac00000, 0x000000008acffff0, 0x000000008ad00000| 99%| O|  |TAMS 0x000000008acffff0| PB 0x000000008acffff0| Updating 
| 173|0x000000008ad00000, 0x000000008adffff0, 0x000000008ae00000| 99%| O|  |TAMS 0x000000008adffff0| PB 0x000000008adffff0| Untracked 
| 174|0x000000008ae00000, 0x000000008aeea820, 0x000000008af00000| 91%| O|  |TAMS 0x000000008aeea820| PB 0x000000008aeea820| Untracked 
| 175|0x000000008af00000, 0x000000008affffe0, 0x000000008b000000| 99%| O|  |TAMS 0x000000008affffe0| PB 0x000000008affffe0| Updating 
| 176|0x000000008b000000, 0x000000008b0fffd0, 0x000000008b100000| 99%| O|  |TAMS 0x000000008b0fffd0| PB 0x000000008b0fffd0| Updating 
| 177|0x000000008b100000, 0x000000008b200000, 0x000000008b200000|100%| O|  |TAMS 0x000000008b200000| PB 0x000000008b200000| Updating 
| 178|0x000000008b200000, 0x000000008b300000, 0x000000008b300000|100%| O|  |TAMS 0x000000008b300000| PB 0x000000008b300000| Updating 
| 179|0x000000008b300000, 0x000000008b400000, 0x000000008b400000|100%| O|  |TAMS 0x000000008b400000| PB 0x000000008b400000| Updating 
| 180|0x000000008b400000, 0x000000008b4fffd8, 0x000000008b500000| 99%| O|  |TAMS 0x000000008b4fffd8| PB 0x000000008b4fffd8| Updating 
| 181|0x000000008b500000, 0x000000008b59a720, 0x000000008b600000| 60%| O|  |TAMS 0x000000008b59a720| PB 0x000000008b59a720| Updating 
| 182|0x000000008b600000, 0x000000008b700000, 0x000000008b700000|100%| O|  |TAMS 0x000000008b700000| PB 0x000000008b700000| Updating 
| 183|0x000000008b700000, 0x000000008b7fffd0, 0x000000008b800000| 99%| O|  |TAMS 0x000000008b7fffd0| PB 0x000000008b7fffd0| Updating 
| 184|0x000000008b800000, 0x000000008b8ffff8, 0x000000008b900000| 99%| O|  |TAMS 0x000000008b8ffff8| PB 0x000000008b8ffff8| Untracked 
| 185|0x000000008b900000, 0x000000008b9f8340, 0x000000008ba00000| 96%| O|  |TAMS 0x000000008b9f8340| PB 0x000000008b9f8340| Untracked 
| 186|0x000000008ba00000, 0x000000008bafecf0, 0x000000008bb00000| 99%| O|  |TAMS 0x000000008bafecf0| PB 0x000000008bafecf0| Updating 
| 187|0x000000008bb00000, 0x000000008bb9dab0, 0x000000008bc00000| 61%| O|  |TAMS 0x000000008bb9dab0| PB 0x000000008bb9dab0| Updating 
| 188|0x000000008bc00000, 0x000000008bd00000, 0x000000008bd00000|100%| O|  |TAMS 0x000000008bd00000| PB 0x000000008bd00000| Untracked 
| 189|0x000000008bd00000, 0x000000008be00000, 0x000000008be00000|100%| O|  |TAMS 0x000000008be00000| PB 0x000000008be00000| Untracked 
| 190|0x000000008be00000, 0x000000008beef998, 0x000000008bf00000| 93%| O|  |TAMS 0x000000008beef998| PB 0x000000008beef998| Updating 
| 191|0x000000008bf00000, 0x000000008c000000, 0x000000008c000000|100%| O|  |TAMS 0x000000008c000000| PB 0x000000008c000000| Updating 
| 192|0x000000008c000000, 0x000000008c100000, 0x000000008c100000|100%| O|  |TAMS 0x000000008c100000| PB 0x000000008c100000| Untracked 
| 193|0x000000008c100000, 0x000000008c200000, 0x000000008c200000|100%| O|  |TAMS 0x000000008c200000| PB 0x000000008c200000| Untracked 
| 194|0x000000008c200000, 0x000000008c2aea70, 0x000000008c300000| 68%| O|  |TAMS 0x000000008c2aea70| PB 0x000000008c2aea70| Updating 
| 195|0x000000008c300000, 0x000000008c400000, 0x000000008c400000|100%| O|  |TAMS 0x000000008c400000| PB 0x000000008c400000| Updating 
| 196|0x000000008c400000, 0x000000008c500000, 0x000000008c500000|100%| O|  |TAMS 0x000000008c500000| PB 0x000000008c500000| Updating 
| 197|0x000000008c500000, 0x000000008c53a5b8, 0x000000008c600000| 22%| O|  |TAMS 0x000000008c53a5b8| PB 0x000000008c53a5b8| Updating 
| 198|0x000000008c600000, 0x000000008c6b7e40, 0x000000008c700000| 71%| O|  |TAMS 0x000000008c6b7e40| PB 0x000000008c6b7e40| Updating 
| 199|0x000000008c700000, 0x000000008c800000, 0x000000008c800000|100%|HS|  |TAMS 0x000000008c800000| PB 0x000000008c700000| Complete 
| 200|0x000000008c800000, 0x000000008c8a6968, 0x000000008c900000| 65%| O|  |TAMS 0x000000008c8a6968| PB 0x000000008c8a6968| Updating 
| 201|0x000000008c900000, 0x000000008ca00000, 0x000000008ca00000|100%| O|  |TAMS 0x000000008ca00000| PB 0x000000008ca00000| Updating 
| 202|0x000000008ca00000, 0x000000008cb00000, 0x000000008cb00000|100%| O|  |TAMS 0x000000008cb00000| PB 0x000000008cb00000| Updating 
| 203|0x000000008cb00000, 0x000000008cc00000, 0x000000008cc00000|100%| O|  |TAMS 0x000000008cc00000| PB 0x000000008cc00000| Updating 
| 204|0x000000008cc00000, 0x000000008cd00000, 0x000000008cd00000|100%| O|  |TAMS 0x000000008cd00000| PB 0x000000008cd00000| Updating 
| 205|0x000000008cd00000, 0x000000008ce00000, 0x000000008ce00000|100%| O|  |TAMS 0x000000008ce00000| PB 0x000000008ce00000| Updating 
| 206|0x000000008ce00000, 0x000000008cf00000, 0x000000008cf00000|100%| O|  |TAMS 0x000000008cf00000| PB 0x000000008cf00000| Updating 
| 207|0x000000008cf00000, 0x000000008d000000, 0x000000008d000000|100%| O|  |TAMS 0x000000008d000000| PB 0x000000008d000000| Updating 
| 208|0x000000008d000000, 0x000000008d100000, 0x000000008d100000|100%|HS|  |TAMS 0x000000008d100000| PB 0x000000008d000000| Complete 
| 209|0x000000008d100000, 0x000000008d200000, 0x000000008d200000|100%|HC|  |TAMS 0x000000008d200000| PB 0x000000008d100000| Complete 
| 210|0x000000008d200000, 0x000000008d300000, 0x000000008d300000|100%|HC|  |TAMS 0x000000008d300000| PB 0x000000008d200000| Complete 
| 211|0x000000008d300000, 0x000000008d400000, 0x000000008d400000|100%| O|  |TAMS 0x000000008d400000| PB 0x000000008d400000| Updating 
| 212|0x000000008d400000, 0x000000008d500000, 0x000000008d500000|100%| O|  |TAMS 0x000000008d500000| PB 0x000000008d500000| Updating 
| 213|0x000000008d500000, 0x000000008d600000, 0x000000008d600000|100%| O|  |TAMS 0x000000008d600000| PB 0x000000008d600000| Updating 
| 214|0x000000008d600000, 0x000000008d700000, 0x000000008d700000|100%| O|  |TAMS 0x000000008d700000| PB 0x000000008d700000| Updating 
| 215|0x000000008d700000, 0x000000008d800000, 0x000000008d800000|100%| O|  |TAMS 0x000000008d800000| PB 0x000000008d800000| Updating 
| 216|0x000000008d800000, 0x000000008d900000, 0x000000008d900000|100%| O|  |TAMS 0x000000008d900000| PB 0x000000008d900000| Untracked 
| 217|0x000000008d900000, 0x000000008da00000, 0x000000008da00000|100%| O|  |TAMS 0x000000008da00000| PB 0x000000008da00000| Updating 
| 218|0x000000008da00000, 0x000000008db00000, 0x000000008db00000|100%| O|  |TAMS 0x000000008db00000| PB 0x000000008db00000| Updating 
| 219|0x000000008db00000, 0x000000008dc00000, 0x000000008dc00000|100%| O|  |TAMS 0x000000008dc00000| PB 0x000000008dc00000| Updating 
| 220|0x000000008dc00000, 0x000000008dd00000, 0x000000008dd00000|100%| O|  |TAMS 0x000000008dd00000| PB 0x000000008dd00000| Updating 
| 221|0x000000008dd00000, 0x000000008de00000, 0x000000008de00000|100%| O|  |TAMS 0x000000008de00000| PB 0x000000008de00000| Updating 
| 222|0x000000008de00000, 0x000000008df00000, 0x000000008df00000|100%| O|  |TAMS 0x000000008df00000| PB 0x000000008df00000| Updating 
| 223|0x000000008df00000, 0x000000008e000000, 0x000000008e000000|100%| O|  |TAMS 0x000000008e000000| PB 0x000000008e000000| Updating 
| 224|0x000000008e000000, 0x000000008e100000, 0x000000008e100000|100%| O|  |TAMS 0x000000008e000000| PB 0x000000008e000000| Untracked 
| 225|0x000000008e100000, 0x000000008e200000, 0x000000008e200000|100%| O|  |TAMS 0x000000008e200000| PB 0x000000008e200000| Updating 
| 226|0x000000008e200000, 0x000000008e300000, 0x000000008e300000|100%| O|  |TAMS 0x000000008e300000| PB 0x000000008e300000| Updating 
| 227|0x000000008e300000, 0x000000008e400000, 0x000000008e400000|100%| O|  |TAMS 0x000000008e400000| PB 0x000000008e400000| Updating 
| 228|0x000000008e400000, 0x000000008e500000, 0x000000008e500000|100%| O|  |TAMS 0x000000008e500000| PB 0x000000008e500000| Updating 
| 229|0x000000008e500000, 0x000000008e600000, 0x000000008e600000|100%| O|  |TAMS 0x000000008e600000| PB 0x000000008e600000| Updating 
| 230|0x000000008e600000, 0x000000008e700000, 0x000000008e700000|100%| O|  |TAMS 0x000000008e700000| PB 0x000000008e700000| Updating 
| 231|0x000000008e700000, 0x000000008e800000, 0x000000008e800000|100%| O|  |TAMS 0x000000008e800000| PB 0x000000008e800000| Updating 
| 232|0x000000008e800000, 0x000000008e900000, 0x000000008e900000|100%| O|  |TAMS 0x000000008e900000| PB 0x000000008e900000| Updating 
| 233|0x000000008e900000, 0x000000008ea00000, 0x000000008ea00000|100%| O|  |TAMS 0x000000008ea00000| PB 0x000000008ea00000| Updating 
| 234|0x000000008ea00000, 0x000000008eb00000, 0x000000008eb00000|100%| O|  |TAMS 0x000000008eb00000| PB 0x000000008eb00000| Untracked 
| 235|0x000000008eb00000, 0x000000008ec00000, 0x000000008ec00000|100%| O|  |TAMS 0x000000008ec00000| PB 0x000000008ec00000| Updating 
| 236|0x000000008ec00000, 0x000000008ed00000, 0x000000008ed00000|100%| O|  |TAMS 0x000000008ed00000| PB 0x000000008ed00000| Updating 
| 237|0x000000008ed00000, 0x000000008ee00000, 0x000000008ee00000|100%| O|  |TAMS 0x000000008ed00000| PB 0x000000008ed00000| Untracked 
| 238|0x000000008ee00000, 0x000000008ef00000, 0x000000008ef00000|100%| O|  |TAMS 0x000000008ef00000| PB 0x000000008ef00000| Updating 
| 239|0x000000008ef00000, 0x000000008f000000, 0x000000008f000000|100%| O|  |TAMS 0x000000008f000000| PB 0x000000008f000000| Updating 
| 240|0x000000008f000000, 0x000000008f100000, 0x000000008f100000|100%| O|  |TAMS 0x000000008f100000| PB 0x000000008f100000| Updating 
| 241|0x000000008f100000, 0x000000008f200000, 0x000000008f200000|100%| O|  |TAMS 0x000000008f200000| PB 0x000000008f200000| Updating 
| 242|0x000000008f200000, 0x000000008f300000, 0x000000008f300000|100%| O|  |TAMS 0x000000008f300000| PB 0x000000008f300000| Updating 
| 243|0x000000008f300000, 0x000000008f400000, 0x000000008f400000|100%| O|  |TAMS 0x000000008f400000| PB 0x000000008f400000| Updating 
| 244|0x000000008f400000, 0x000000008f500000, 0x000000008f500000|100%| O|  |TAMS 0x000000008f500000| PB 0x000000008f500000| Updating 
| 245|0x000000008f500000, 0x000000008f600000, 0x000000008f600000|100%| O|  |TAMS 0x000000008f600000| PB 0x000000008f600000| Updating 
| 246|0x000000008f600000, 0x000000008f700000, 0x000000008f700000|100%| O|  |TAMS 0x000000008f600000| PB 0x000000008f600000| Untracked 
| 247|0x000000008f700000, 0x000000008f800000, 0x000000008f800000|100%| O|  |TAMS 0x000000008f800000| PB 0x000000008f800000| Updating 
| 248|0x000000008f800000, 0x000000008f900000, 0x000000008f900000|100%| O|  |TAMS 0x000000008f900000| PB 0x000000008f900000| Updating 
| 249|0x000000008f900000, 0x000000008fa00000, 0x000000008fa00000|100%| O|  |TAMS 0x000000008fa00000| PB 0x000000008fa00000| Updating 
| 250|0x000000008fa00000, 0x000000008fb00000, 0x000000008fb00000|100%| O|  |TAMS 0x000000008fb00000| PB 0x000000008fb00000| Updating 
| 251|0x000000008fb00000, 0x000000008fc00000, 0x000000008fc00000|100%| O|  |TAMS 0x000000008fc00000| PB 0x000000008fc00000| Updating 
| 252|0x000000008fc00000, 0x000000008fd00000, 0x000000008fd00000|100%| O|  |TAMS 0x000000008fd00000| PB 0x000000008fd00000| Updating 
| 253|0x000000008fd00000, 0x000000008fe00000, 0x000000008fe00000|100%| O|  |TAMS 0x000000008fd00000| PB 0x000000008fd00000| Untracked 
| 254|0x000000008fe00000, 0x000000008ff00000, 0x000000008ff00000|100%| O|  |TAMS 0x000000008ff00000| PB 0x000000008ff00000| Updating 
| 255|0x000000008ff00000, 0x0000000090000000, 0x0000000090000000|100%| O|  |TAMS 0x0000000090000000| PB 0x0000000090000000| Updating 
| 256|0x0000000090000000, 0x0000000090100000, 0x0000000090100000|100%| O|  |TAMS 0x0000000090100000| PB 0x0000000090100000| Updating 
| 257|0x0000000090100000, 0x0000000090200000, 0x0000000090200000|100%| O|  |TAMS 0x0000000090200000| PB 0x0000000090200000| Updating 
| 258|0x0000000090200000, 0x0000000090300000, 0x0000000090300000|100%| O|  |TAMS 0x0000000090300000| PB 0x0000000090300000| Updating 
| 259|0x0000000090300000, 0x0000000090400000, 0x0000000090400000|100%| O|  |TAMS 0x0000000090400000| PB 0x0000000090400000| Updating 
| 260|0x0000000090400000, 0x0000000090500000, 0x0000000090500000|100%| O|  |TAMS 0x0000000090500000| PB 0x0000000090500000| Updating 
| 261|0x0000000090500000, 0x0000000090600000, 0x0000000090600000|100%| O|  |TAMS 0x0000000090600000| PB 0x0000000090600000| Updating 
| 262|0x0000000090600000, 0x0000000090700000, 0x0000000090700000|100%| O|  |TAMS 0x0000000090700000| PB 0x0000000090700000| Updating 
| 263|0x0000000090700000, 0x0000000090800000, 0x0000000090800000|100%| O|  |TAMS 0x0000000090700000| PB 0x0000000090700000| Untracked 
| 264|0x0000000090800000, 0x0000000090900000, 0x0000000090900000|100%| O|  |TAMS 0x0000000090800000| PB 0x0000000090800000| Untracked 
| 265|0x0000000090900000, 0x0000000090a00000, 0x0000000090a00000|100%| O|  |TAMS 0x0000000090900000| PB 0x0000000090900000| Untracked 
| 266|0x0000000090a00000, 0x0000000090b00000, 0x0000000090b00000|100%| O|  |TAMS 0x0000000090a00000| PB 0x0000000090a00000| Untracked 
| 267|0x0000000090b00000, 0x0000000090c00000, 0x0000000090c00000|100%| O|  |TAMS 0x0000000090b00000| PB 0x0000000090b00000| Untracked 
| 268|0x0000000090c00000, 0x0000000090d00000, 0x0000000090d00000|100%| O|  |TAMS 0x0000000090c00000| PB 0x0000000090c00000| Untracked 
| 269|0x0000000090d00000, 0x0000000090e00000, 0x0000000090e00000|100%| O|  |TAMS 0x0000000090e00000| PB 0x0000000090e00000| Updating 
| 270|0x0000000090e00000, 0x0000000090f00000, 0x0000000090f00000|100%| O|  |TAMS 0x0000000090f00000| PB 0x0000000090f00000| Updating 
| 271|0x0000000090f00000, 0x0000000091000000, 0x0000000091000000|100%| O|  |TAMS 0x0000000090f00000| PB 0x0000000090f00000| Untracked 
| 272|0x0000000091000000, 0x0000000091100000, 0x0000000091100000|100%| O|  |TAMS 0x0000000091100000| PB 0x0000000091100000| Updating 
| 273|0x0000000091100000, 0x0000000091200000, 0x0000000091200000|100%| O|  |TAMS 0x0000000091200000| PB 0x0000000091200000| Updating 
| 274|0x0000000091200000, 0x0000000091300000, 0x0000000091300000|100%| O|  |TAMS 0x0000000091300000| PB 0x0000000091300000| Updating 
| 275|0x0000000091300000, 0x0000000091400000, 0x0000000091400000|100%| O|  |TAMS 0x0000000091400000| PB 0x0000000091400000| Updating 
| 276|0x0000000091400000, 0x0000000091500000, 0x0000000091500000|100%| O|  |TAMS 0x0000000091500000| PB 0x0000000091500000| Updating 
| 277|0x0000000091500000, 0x0000000091600000, 0x0000000091600000|100%| O|  |TAMS 0x0000000091600000| PB 0x0000000091600000| Updating 
| 278|0x0000000091600000, 0x0000000091700000, 0x0000000091700000|100%| O|  |TAMS 0x0000000091700000| PB 0x0000000091700000| Updating 
| 279|0x0000000091700000, 0x0000000091800000, 0x0000000091800000|100%| O|  |TAMS 0x0000000091800000| PB 0x0000000091800000| Updating 
| 280|0x0000000091800000, 0x0000000091900000, 0x0000000091900000|100%| O|  |TAMS 0x0000000091900000| PB 0x0000000091900000| Updating 
| 281|0x0000000091900000, 0x0000000091a00000, 0x0000000091a00000|100%| O|  |TAMS 0x0000000091a00000| PB 0x0000000091a00000| Updating 
| 282|0x0000000091a00000, 0x0000000091b00000, 0x0000000091b00000|100%| O|  |TAMS 0x0000000091b00000| PB 0x0000000091b00000| Updating 
| 283|0x0000000091b00000, 0x0000000091c00000, 0x0000000091c00000|100%| O|  |TAMS 0x0000000091c00000| PB 0x0000000091c00000| Updating 
| 284|0x0000000091c00000, 0x0000000091d00000, 0x0000000091d00000|100%| O|  |TAMS 0x0000000091c87b50| PB 0x0000000091c87b50| Updating 
| 285|0x0000000091d00000, 0x0000000091e00000, 0x0000000091e00000|100%| O|  |TAMS 0x0000000091e00000| PB 0x0000000091e00000| Updating 
| 286|0x0000000091e00000, 0x0000000091f00000, 0x0000000091f00000|100%| O|  |TAMS 0x0000000091e00000| PB 0x0000000091e00000| Untracked 
| 287|0x0000000091f00000, 0x0000000092000000, 0x0000000092000000|100%| O|  |TAMS 0x0000000092000000| PB 0x0000000092000000| Untracked 
| 288|0x0000000092000000, 0x0000000092100000, 0x0000000092100000|100%| O|  |TAMS 0x0000000092100000| PB 0x0000000092100000| Updating 
| 289|0x0000000092100000, 0x0000000092200000, 0x0000000092200000|100%| O|  |TAMS 0x0000000092200000| PB 0x0000000092200000| Updating 
| 290|0x0000000092200000, 0x0000000092300000, 0x0000000092300000|100%| O|  |TAMS 0x0000000092300000| PB 0x0000000092300000| Untracked 
| 291|0x0000000092300000, 0x0000000092400000, 0x0000000092400000|100%| O|  |TAMS 0x0000000092400000| PB 0x0000000092400000| Updating 
| 292|0x0000000092400000, 0x0000000092500000, 0x0000000092500000|100%| O|  |TAMS 0x0000000092500000| PB 0x0000000092500000| Updating 
| 293|0x0000000092500000, 0x0000000092600000, 0x0000000092600000|100%| O|  |TAMS 0x0000000092600000| PB 0x0000000092600000| Updating 
| 294|0x0000000092600000, 0x0000000092700000, 0x0000000092700000|100%| O|  |TAMS 0x0000000092700000| PB 0x0000000092700000| Updating 
| 295|0x0000000092700000, 0x0000000092800000, 0x0000000092800000|100%| O|  |TAMS 0x0000000092800000| PB 0x0000000092800000| Updating 
| 296|0x0000000092800000, 0x0000000092900000, 0x0000000092900000|100%| O|  |TAMS 0x0000000092900000| PB 0x0000000092900000| Updating 
| 297|0x0000000092900000, 0x0000000092a00000, 0x0000000092a00000|100%| O|  |TAMS 0x0000000092900000| PB 0x0000000092900000| Untracked 
| 298|0x0000000092a00000, 0x0000000092b00000, 0x0000000092b00000|100%| O|  |TAMS 0x0000000092a00000| PB 0x0000000092a00000| Untracked 
| 299|0x0000000092b00000, 0x0000000092c00000, 0x0000000092c00000|100%| O|  |TAMS 0x0000000092c00000| PB 0x0000000092c00000| Untracked 
| 300|0x0000000092c00000, 0x0000000092d00000, 0x0000000092d00000|100%| O|  |TAMS 0x0000000092d00000| PB 0x0000000092d00000| Untracked 
| 301|0x0000000092d00000, 0x0000000092e00000, 0x0000000092e00000|100%| O|  |TAMS 0x0000000092d00000| PB 0x0000000092d00000| Untracked 
| 302|0x0000000092e00000, 0x0000000092f00000, 0x0000000092f00000|100%| O|  |TAMS 0x0000000092f00000| PB 0x0000000092f00000| Untracked 
| 303|0x0000000092f00000, 0x0000000093000000, 0x0000000093000000|100%| O|  |TAMS 0x0000000093000000| PB 0x0000000093000000| Untracked 
| 304|0x0000000093000000, 0x0000000093100000, 0x0000000093100000|100%| O|  |TAMS 0x0000000093100000| PB 0x0000000093100000| Untracked 
| 305|0x0000000093100000, 0x0000000093200000, 0x0000000093200000|100%| O|  |TAMS 0x0000000093200000| PB 0x0000000093200000| Untracked 
| 306|0x0000000093200000, 0x0000000093300000, 0x0000000093300000|100%| O|  |TAMS 0x0000000093300000| PB 0x0000000093300000| Untracked 
| 307|0x0000000093300000, 0x0000000093400000, 0x0000000093400000|100%| O|  |TAMS 0x0000000093400000| PB 0x0000000093400000| Untracked 
| 308|0x0000000093400000, 0x0000000093500000, 0x0000000093500000|100%| O|  |TAMS 0x0000000093500000| PB 0x0000000093500000| Untracked 
| 309|0x0000000093500000, 0x0000000093600000, 0x0000000093600000|100%| O|  |TAMS 0x0000000093600000| PB 0x0000000093600000| Untracked 
| 310|0x0000000093600000, 0x0000000093700000, 0x0000000093700000|100%| O|  |TAMS 0x0000000093700000| PB 0x0000000093700000| Updating 
| 311|0x0000000093700000, 0x0000000093800000, 0x0000000093800000|100%| O|  |TAMS 0x0000000093800000| PB 0x0000000093800000| Updating 
| 312|0x0000000093800000, 0x0000000093900000, 0x0000000093900000|100%| O|  |TAMS 0x0000000093900000| PB 0x0000000093900000| Updating 
| 313|0x0000000093900000, 0x0000000093a00000, 0x0000000093a00000|100%| O|  |TAMS 0x0000000093900000| PB 0x0000000093900000| Untracked 
| 314|0x0000000093a00000, 0x0000000093b00000, 0x0000000093b00000|100%| O|  |TAMS 0x0000000093b00000| PB 0x0000000093b00000| Untracked 
| 315|0x0000000093b00000, 0x0000000093c00000, 0x0000000093c00000|100%| O|  |TAMS 0x0000000093b00000| PB 0x0000000093b00000| Untracked 
| 316|0x0000000093c00000, 0x0000000093d00000, 0x0000000093d00000|100%| O|  |TAMS 0x0000000093c00000| PB 0x0000000093c00000| Untracked 
| 317|0x0000000093d00000, 0x0000000093e00000, 0x0000000093e00000|100%| O|  |TAMS 0x0000000093d00000| PB 0x0000000093d00000| Untracked 
| 318|0x0000000093e00000, 0x0000000093f00000, 0x0000000093f00000|100%| O|  |TAMS 0x0000000093e00000| PB 0x0000000093e00000| Untracked 
| 319|0x0000000093f00000, 0x0000000094000000, 0x0000000094000000|100%| O|  |TAMS 0x0000000093f00000| PB 0x0000000093f00000| Untracked 
| 320|0x0000000094000000, 0x0000000094100000, 0x0000000094100000|100%| O|  |TAMS 0x0000000094000000| PB 0x0000000094000000| Untracked 
| 321|0x0000000094100000, 0x0000000094200000, 0x0000000094200000|100%| O|  |TAMS 0x0000000094100000| PB 0x0000000094100000| Untracked 
| 322|0x0000000094200000, 0x0000000094300000, 0x0000000094300000|100%| O|  |TAMS 0x0000000094200000| PB 0x0000000094200000| Untracked 
| 323|0x0000000094300000, 0x0000000094400000, 0x0000000094400000|100%| O|  |TAMS 0x0000000094300000| PB 0x0000000094300000| Untracked 
| 324|0x0000000094400000, 0x0000000094500000, 0x0000000094500000|100%| O|  |TAMS 0x0000000094500000| PB 0x0000000094500000| Updating 
| 325|0x0000000094500000, 0x0000000094600000, 0x0000000094600000|100%| O|  |TAMS 0x0000000094600000| PB 0x0000000094600000| Updating 
| 326|0x0000000094600000, 0x0000000094700000, 0x0000000094700000|100%| O|  |TAMS 0x0000000094600000| PB 0x0000000094600000| Untracked 
| 327|0x0000000094700000, 0x0000000094800000, 0x0000000094800000|100%| O|  |TAMS 0x0000000094700000| PB 0x0000000094700000| Untracked 
| 328|0x0000000094800000, 0x0000000094900000, 0x0000000094900000|100%| O|  |TAMS 0x0000000094800000| PB 0x0000000094800000| Untracked 
| 329|0x0000000094900000, 0x0000000094a00000, 0x0000000094a00000|100%| O|  |TAMS 0x0000000094900000| PB 0x0000000094900000| Untracked 
| 330|0x0000000094a00000, 0x0000000094a62610, 0x0000000094b00000| 38%| O|  |TAMS 0x0000000094a00000| PB 0x0000000094a00000| Untracked 
| 331|0x0000000094b00000, 0x0000000094b00000, 0x0000000094c00000|  0%| F|  |TAMS 0x0000000094b00000| PB 0x0000000094b00000| Untracked 
| 332|0x0000000094c00000, 0x0000000094c00000, 0x0000000094d00000|  0%| F|  |TAMS 0x0000000094c00000| PB 0x0000000094c00000| Untracked 
| 333|0x0000000094d00000, 0x0000000094d00000, 0x0000000094e00000|  0%| F|  |TAMS 0x0000000094d00000| PB 0x0000000094d00000| Untracked 
| 334|0x0000000094e00000, 0x0000000094e00000, 0x0000000094f00000|  0%| F|  |TAMS 0x0000000094e00000| PB 0x0000000094e00000| Untracked 
| 335|0x0000000094f00000, 0x0000000094f00000, 0x0000000095000000|  0%| F|  |TAMS 0x0000000094f00000| PB 0x0000000094f00000| Untracked 
| 336|0x0000000095000000, 0x0000000095000000, 0x0000000095100000|  0%| F|  |TAMS 0x0000000095000000| PB 0x0000000095000000| Untracked 
| 337|0x0000000095100000, 0x0000000095100000, 0x0000000095200000|  0%| F|  |TAMS 0x0000000095100000| PB 0x0000000095100000| Untracked 
| 338|0x0000000095200000, 0x0000000095200000, 0x0000000095300000|  0%| F|  |TAMS 0x0000000095200000| PB 0x0000000095200000| Untracked 
| 339|0x0000000095300000, 0x0000000095300000, 0x0000000095400000|  0%| F|  |TAMS 0x0000000095300000| PB 0x0000000095300000| Untracked 
| 340|0x0000000095400000, 0x0000000095400000, 0x0000000095500000|  0%| F|  |TAMS 0x0000000095400000| PB 0x0000000095400000| Untracked 
| 341|0x0000000095500000, 0x0000000095500000, 0x0000000095600000|  0%| F|  |TAMS 0x0000000095500000| PB 0x0000000095500000| Untracked 
| 342|0x0000000095600000, 0x0000000095600000, 0x0000000095700000|  0%| F|  |TAMS 0x0000000095600000| PB 0x0000000095600000| Untracked 
| 343|0x0000000095700000, 0x0000000095700000, 0x0000000095800000|  0%| F|  |TAMS 0x0000000095700000| PB 0x0000000095700000| Untracked 
| 344|0x0000000095800000, 0x0000000095900000, 0x0000000095900000|100%| O|  |TAMS 0x0000000095800000| PB 0x0000000095800000| Untracked 
| 345|0x0000000095900000, 0x0000000095a00000, 0x0000000095a00000|100%| O|  |TAMS 0x0000000095a00000| PB 0x0000000095a00000| Updating 
| 346|0x0000000095a00000, 0x0000000095b00000, 0x0000000095b00000|100%| O|  |TAMS 0x0000000095b00000| PB 0x0000000095b00000| Updating 
| 347|0x0000000095b00000, 0x0000000095c00000, 0x0000000095c00000|100%| O|  |TAMS 0x0000000095c00000| PB 0x0000000095c00000| Updating 
| 348|0x0000000095c00000, 0x0000000095d00000, 0x0000000095d00000|100%| O|  |TAMS 0x0000000095d00000| PB 0x0000000095d00000| Updating 
| 349|0x0000000095d00000, 0x0000000095e00000, 0x0000000095e00000|100%| O|  |TAMS 0x0000000095e00000| PB 0x0000000095e00000| Updating 
| 350|0x0000000095e00000, 0x0000000095f00000, 0x0000000095f00000|100%| O|  |TAMS 0x0000000095f00000| PB 0x0000000095f00000| Updating 
| 351|0x0000000095f00000, 0x0000000096000000, 0x0000000096000000|100%| O|  |TAMS 0x0000000096000000| PB 0x0000000096000000| Updating 
| 352|0x0000000096000000, 0x0000000096100000, 0x0000000096100000|100%| O|  |TAMS 0x0000000096100000| PB 0x0000000096100000| Updating 
| 353|0x0000000096100000, 0x0000000096200000, 0x0000000096200000|100%| O|  |TAMS 0x0000000096200000| PB 0x0000000096200000| Updating 
| 354|0x0000000096200000, 0x0000000096300000, 0x0000000096300000|100%| O|  |TAMS 0x0000000096300000| PB 0x0000000096300000| Updating 
| 355|0x0000000096300000, 0x0000000096300000, 0x0000000096400000|  0%| F|  |TAMS 0x0000000096300000| PB 0x0000000096300000| Untracked 
| 356|0x0000000096400000, 0x0000000096500000, 0x0000000096500000|100%|HS|  |TAMS 0x0000000096500000| PB 0x0000000096400000| Complete 
| 357|0x0000000096500000, 0x0000000096600000, 0x0000000096600000|100%|HC|  |TAMS 0x0000000096600000| PB 0x0000000096500000| Complete 
| 358|0x0000000096600000, 0x0000000096700000, 0x0000000096700000|100%|HC|  |TAMS 0x0000000096700000| PB 0x0000000096600000| Complete 
| 359|0x0000000096700000, 0x0000000096800000, 0x0000000096800000|100%|HC|  |TAMS 0x0000000096800000| PB 0x0000000096700000| Complete 
| 360|0x0000000096800000, 0x0000000096900000, 0x0000000096900000|100%|HC|  |TAMS 0x0000000096900000| PB 0x0000000096800000| Complete 
| 361|0x0000000096900000, 0x0000000096a00000, 0x0000000096a00000|100%|HC|  |TAMS 0x0000000096a00000| PB 0x0000000096900000| Complete 
| 362|0x0000000096a00000, 0x0000000096b00000, 0x0000000096b00000|100%|HC|  |TAMS 0x0000000096b00000| PB 0x0000000096a00000| Complete 
| 363|0x0000000096b00000, 0x0000000096c00000, 0x0000000096c00000|100%| O|  |TAMS 0x0000000096c00000| PB 0x0000000096c00000| Updating 
| 364|0x0000000096c00000, 0x0000000096d00000, 0x0000000096d00000|100%| O|  |TAMS 0x0000000096d00000| PB 0x0000000096d00000| Updating 
| 365|0x0000000096d00000, 0x0000000096e00000, 0x0000000096e00000|100%| O|  |TAMS 0x0000000096e00000| PB 0x0000000096e00000| Updating 
| 366|0x0000000096e00000, 0x0000000096f00000, 0x0000000096f00000|100%| O|  |TAMS 0x0000000096f00000| PB 0x0000000096f00000| Updating 
| 367|0x0000000096f00000, 0x0000000097000000, 0x0000000097000000|100%| O|  |TAMS 0x0000000097000000| PB 0x0000000097000000| Updating 
| 368|0x0000000097000000, 0x0000000097100000, 0x0000000097100000|100%| O|  |TAMS 0x0000000097100000| PB 0x0000000097100000| Updating 
| 369|0x0000000097100000, 0x0000000097200000, 0x0000000097200000|100%| O|  |TAMS 0x0000000097200000| PB 0x0000000097200000| Updating 
| 370|0x0000000097200000, 0x0000000097300000, 0x0000000097300000|100%| O|  |TAMS 0x0000000097300000| PB 0x0000000097300000| Updating 
| 371|0x0000000097300000, 0x0000000097400000, 0x0000000097400000|100%| O|  |TAMS 0x0000000097400000| PB 0x0000000097400000| Updating 
| 372|0x0000000097400000, 0x0000000097500000, 0x0000000097500000|100%| O|  |TAMS 0x0000000097500000| PB 0x0000000097500000| Updating 
| 373|0x0000000097500000, 0x0000000097500000, 0x0000000097600000|  0%| F|  |TAMS 0x0000000097500000| PB 0x0000000097500000| Untracked 
| 374|0x0000000097600000, 0x0000000097600000, 0x0000000097700000|  0%| F|  |TAMS 0x0000000097600000| PB 0x0000000097600000| Untracked 
| 375|0x0000000097700000, 0x0000000097800000, 0x0000000097800000|100%| O|  |TAMS 0x0000000097800000| PB 0x0000000097800000| Updating 
| 376|0x0000000097800000, 0x0000000097900000, 0x0000000097900000|100%| O|  |TAMS 0x0000000097900000| PB 0x0000000097900000| Untracked 
| 377|0x0000000097900000, 0x0000000097a00000, 0x0000000097a00000|100%| O|  |TAMS 0x0000000097a00000| PB 0x0000000097a00000| Untracked 
| 378|0x0000000097a00000, 0x0000000097b00000, 0x0000000097b00000|100%| O|  |TAMS 0x0000000097b00000| PB 0x0000000097b00000| Untracked 
| 379|0x0000000097b00000, 0x0000000097c00000, 0x0000000097c00000|100%| O|  |TAMS 0x0000000097c00000| PB 0x0000000097c00000| Untracked 
| 380|0x0000000097c00000, 0x0000000097d00000, 0x0000000097d00000|100%| O|  |TAMS 0x0000000097d00000| PB 0x0000000097d00000| Untracked 
| 381|0x0000000097d00000, 0x0000000097e00000, 0x0000000097e00000|100%| O|  |TAMS 0x0000000097e00000| PB 0x0000000097e00000| Untracked 
| 382|0x0000000097e00000, 0x0000000097f00000, 0x0000000097f00000|100%| O|  |TAMS 0x0000000097f00000| PB 0x0000000097f00000| Untracked 
| 383|0x0000000097f00000, 0x0000000098000000, 0x0000000098000000|100%| O|  |TAMS 0x0000000098000000| PB 0x0000000098000000| Untracked 
| 384|0x0000000098000000, 0x0000000098100000, 0x0000000098100000|100%| O|  |TAMS 0x0000000098100000| PB 0x0000000098100000| Updating 
| 385|0x0000000098100000, 0x0000000098200000, 0x0000000098200000|100%| O|  |TAMS 0x0000000098200000| PB 0x0000000098200000| Updating 
| 386|0x0000000098200000, 0x0000000098300000, 0x0000000098300000|100%| O|  |TAMS 0x0000000098300000| PB 0x0000000098300000| Updating 
| 387|0x0000000098300000, 0x0000000098400000, 0x0000000098400000|100%| O|  |TAMS 0x0000000098300000| PB 0x0000000098300000| Untracked 
| 388|0x0000000098400000, 0x0000000098500000, 0x0000000098500000|100%| O|  |TAMS 0x0000000098400000| PB 0x0000000098400000| Untracked 
| 389|0x0000000098500000, 0x0000000098600000, 0x0000000098600000|100%| O|  |TAMS 0x0000000098500000| PB 0x0000000098500000| Untracked 
| 390|0x0000000098600000, 0x0000000098700000, 0x0000000098700000|100%| O|  |TAMS 0x0000000098600000| PB 0x0000000098600000| Untracked 
| 391|0x0000000098700000, 0x0000000098800000, 0x0000000098800000|100%| O|  |TAMS 0x0000000098700000| PB 0x0000000098700000| Untracked 
| 392|0x0000000098800000, 0x0000000098900000, 0x0000000098900000|100%| O|  |TAMS 0x0000000098800000| PB 0x0000000098800000| Untracked 
| 393|0x0000000098900000, 0x0000000098a00000, 0x0000000098a00000|100%| O|  |TAMS 0x0000000098900000| PB 0x0000000098900000| Untracked 
| 394|0x0000000098a00000, 0x0000000098b00000, 0x0000000098b00000|100%| O|  |TAMS 0x0000000098a00000| PB 0x0000000098a00000| Untracked 
| 395|0x0000000098b00000, 0x0000000098c00000, 0x0000000098c00000|100%| O|  |TAMS 0x0000000098b00000| PB 0x0000000098b00000| Untracked 
| 396|0x0000000098c00000, 0x0000000098d00000, 0x0000000098d00000|100%| O|  |TAMS 0x0000000098c00000| PB 0x0000000098c00000| Untracked 
| 397|0x0000000098d00000, 0x0000000098e00000, 0x0000000098e00000|100%| O|  |TAMS 0x0000000098d00000| PB 0x0000000098d00000| Untracked 
| 398|0x0000000098e00000, 0x0000000098f00000, 0x0000000098f00000|100%| O|  |TAMS 0x0000000098e00000| PB 0x0000000098e00000| Untracked 
| 399|0x0000000098f00000, 0x0000000099000000, 0x0000000099000000|100%| O|  |TAMS 0x0000000098f00000| PB 0x0000000098f00000| Untracked 
| 400|0x0000000099000000, 0x0000000099100000, 0x0000000099100000|100%| O|  |TAMS 0x0000000099000000| PB 0x0000000099000000| Untracked 
| 401|0x0000000099100000, 0x0000000099200000, 0x0000000099200000|100%| O|  |TAMS 0x0000000099100000| PB 0x0000000099100000| Untracked 
| 402|0x0000000099200000, 0x0000000099300000, 0x0000000099300000|100%| O|  |TAMS 0x0000000099200000| PB 0x0000000099200000| Untracked 
| 403|0x0000000099300000, 0x0000000099400000, 0x0000000099400000|100%| O|  |TAMS 0x0000000099300000| PB 0x0000000099300000| Untracked 
| 404|0x0000000099400000, 0x0000000099500000, 0x0000000099500000|100%| O|  |TAMS 0x0000000099400000| PB 0x0000000099400000| Untracked 
| 405|0x0000000099500000, 0x0000000099600000, 0x0000000099600000|100%| O|  |TAMS 0x0000000099500000| PB 0x0000000099500000| Untracked 
| 406|0x0000000099600000, 0x0000000099700000, 0x0000000099700000|100%| O|  |TAMS 0x0000000099600000| PB 0x0000000099600000| Untracked 
| 407|0x0000000099700000, 0x0000000099800000, 0x0000000099800000|100%| O|  |TAMS 0x0000000099700000| PB 0x0000000099700000| Untracked 
| 408|0x0000000099800000, 0x0000000099900000, 0x0000000099900000|100%| O|  |TAMS 0x0000000099800000| PB 0x0000000099800000| Untracked 
| 409|0x0000000099900000, 0x0000000099a00000, 0x0000000099a00000|100%| O|  |TAMS 0x0000000099900000| PB 0x0000000099900000| Untracked 
| 410|0x0000000099a00000, 0x0000000099b00000, 0x0000000099b00000|100%| O|  |TAMS 0x0000000099a00000| PB 0x0000000099a00000| Untracked 
| 411|0x0000000099b00000, 0x0000000099c00000, 0x0000000099c00000|100%| O|  |TAMS 0x0000000099b00000| PB 0x0000000099b00000| Untracked 
| 412|0x0000000099c00000, 0x0000000099d00000, 0x0000000099d00000|100%| O|  |TAMS 0x0000000099c00000| PB 0x0000000099c00000| Untracked 
| 413|0x0000000099d00000, 0x0000000099e00000, 0x0000000099e00000|100%| O|  |TAMS 0x0000000099d00000| PB 0x0000000099d00000| Untracked 
| 414|0x0000000099e00000, 0x0000000099f00000, 0x0000000099f00000|100%| O|  |TAMS 0x0000000099e00000| PB 0x0000000099e00000| Untracked 
| 415|0x0000000099f00000, 0x000000009a000000, 0x000000009a000000|100%| O|  |TAMS 0x0000000099f00000| PB 0x0000000099f00000| Untracked 
| 416|0x000000009a000000, 0x000000009a100000, 0x000000009a100000|100%| O|  |TAMS 0x000000009a000000| PB 0x000000009a000000| Untracked 
| 417|0x000000009a100000, 0x000000009a200000, 0x000000009a200000|100%| O|  |TAMS 0x000000009a100000| PB 0x000000009a100000| Untracked 
| 418|0x000000009a200000, 0x000000009a300000, 0x000000009a300000|100%|HS|  |TAMS 0x000000009a200000| PB 0x000000009a200000| Complete 
| 419|0x000000009a300000, 0x000000009a400000, 0x000000009a400000|100%|HS|  |TAMS 0x000000009a300000| PB 0x000000009a300000| Complete 
| 420|0x000000009a400000, 0x000000009a500000, 0x000000009a500000|100%| O|  |TAMS 0x000000009a400000| PB 0x000000009a400000| Untracked 
| 421|0x000000009a500000, 0x000000009a600000, 0x000000009a600000|100%| O|  |TAMS 0x000000009a500000| PB 0x000000009a500000| Untracked 
| 422|0x000000009a600000, 0x000000009a700000, 0x000000009a700000|100%| O|  |TAMS 0x000000009a600000| PB 0x000000009a600000| Untracked 
| 423|0x000000009a700000, 0x000000009a800000, 0x000000009a800000|100%| O|  |TAMS 0x000000009a700000| PB 0x000000009a700000| Untracked 
| 424|0x000000009a800000, 0x000000009a900000, 0x000000009a900000|100%| O|  |TAMS 0x000000009a800000| PB 0x000000009a800000| Untracked 
| 425|0x000000009a900000, 0x000000009aa00000, 0x000000009aa00000|100%| O|  |TAMS 0x000000009a900000| PB 0x000000009a900000| Untracked 
| 426|0x000000009aa00000, 0x000000009ab00000, 0x000000009ab00000|100%| O|  |TAMS 0x000000009aa00000| PB 0x000000009aa00000| Untracked 
| 427|0x000000009ab00000, 0x000000009ac00000, 0x000000009ac00000|100%| O|  |TAMS 0x000000009ab00000| PB 0x000000009ab00000| Untracked 
| 428|0x000000009ac00000, 0x000000009ad00000, 0x000000009ad00000|100%| O|  |TAMS 0x000000009ac00000| PB 0x000000009ac00000| Untracked 
| 429|0x000000009ad00000, 0x000000009ae00000, 0x000000009ae00000|100%| O|  |TAMS 0x000000009ad00000| PB 0x000000009ad00000| Untracked 
| 430|0x000000009ae00000, 0x000000009af00000, 0x000000009af00000|100%| O|  |TAMS 0x000000009ae00000| PB 0x000000009ae00000| Untracked 
| 431|0x000000009af00000, 0x000000009b000000, 0x000000009b000000|100%| O|  |TAMS 0x000000009af00000| PB 0x000000009af00000| Untracked 
| 432|0x000000009b000000, 0x000000009b100000, 0x000000009b100000|100%| O|  |TAMS 0x000000009b000000| PB 0x000000009b000000| Untracked 
| 433|0x000000009b100000, 0x000000009b200000, 0x000000009b200000|100%| O|  |TAMS 0x000000009b100000| PB 0x000000009b100000| Untracked 
| 434|0x000000009b200000, 0x000000009b300000, 0x000000009b300000|100%| O|  |TAMS 0x000000009b200000| PB 0x000000009b200000| Untracked 
| 435|0x000000009b300000, 0x000000009b400000, 0x000000009b400000|100%| O|  |TAMS 0x000000009b300000| PB 0x000000009b300000| Untracked 
| 436|0x000000009b400000, 0x000000009b500000, 0x000000009b500000|100%| O|  |TAMS 0x000000009b400000| PB 0x000000009b400000| Untracked 
| 437|0x000000009b500000, 0x000000009b600000, 0x000000009b600000|100%| O|  |TAMS 0x000000009b500000| PB 0x000000009b500000| Untracked 
| 438|0x000000009b600000, 0x000000009b700000, 0x000000009b700000|100%| O|  |TAMS 0x000000009b600000| PB 0x000000009b600000| Untracked 
| 439|0x000000009b700000, 0x000000009b800000, 0x000000009b800000|100%| O|  |TAMS 0x000000009b700000| PB 0x000000009b700000| Untracked 
| 440|0x000000009b800000, 0x000000009b900000, 0x000000009b900000|100%| O|  |TAMS 0x000000009b800000| PB 0x000000009b800000| Untracked 
| 441|0x000000009b900000, 0x000000009ba00000, 0x000000009ba00000|100%| O|  |TAMS 0x000000009b900000| PB 0x000000009b900000| Untracked 
| 442|0x000000009ba00000, 0x000000009bb00000, 0x000000009bb00000|100%| O|  |TAMS 0x000000009ba00000| PB 0x000000009ba00000| Untracked 
| 443|0x000000009bb00000, 0x000000009bc00000, 0x000000009bc00000|100%| O|  |TAMS 0x000000009bb00000| PB 0x000000009bb00000| Untracked 
| 444|0x000000009bc00000, 0x000000009bd00000, 0x000000009bd00000|100%| O|  |TAMS 0x000000009bc00000| PB 0x000000009bc00000| Untracked 
| 445|0x000000009bd00000, 0x000000009be00000, 0x000000009be00000|100%| O|  |TAMS 0x000000009bd00000| PB 0x000000009bd00000| Untracked 
| 446|0x000000009be00000, 0x000000009bf00000, 0x000000009bf00000|100%| O|  |TAMS 0x000000009be00000| PB 0x000000009be00000| Untracked 
| 447|0x000000009bf00000, 0x000000009c000000, 0x000000009c000000|100%| O|  |TAMS 0x000000009bf00000| PB 0x000000009bf00000| Untracked 
| 448|0x000000009c000000, 0x000000009c100000, 0x000000009c100000|100%| O|  |TAMS 0x000000009c000000| PB 0x000000009c000000| Untracked 
| 449|0x000000009c100000, 0x000000009c200000, 0x000000009c200000|100%| O|  |TAMS 0x000000009c100000| PB 0x000000009c100000| Untracked 
| 450|0x000000009c200000, 0x000000009c300000, 0x000000009c300000|100%| O|  |TAMS 0x000000009c200000| PB 0x000000009c200000| Untracked 
| 451|0x000000009c300000, 0x000000009c400000, 0x000000009c400000|100%| O|  |TAMS 0x000000009c300000| PB 0x000000009c300000| Untracked 
| 452|0x000000009c400000, 0x000000009c500000, 0x000000009c500000|100%| O|  |TAMS 0x000000009c400000| PB 0x000000009c400000| Untracked 
| 453|0x000000009c500000, 0x000000009c600000, 0x000000009c600000|100%|HS|  |TAMS 0x000000009c500000| PB 0x000000009c500000| Complete 
| 454|0x000000009c600000, 0x000000009c700000, 0x000000009c700000|100%|HS|  |TAMS 0x000000009c700000| PB 0x000000009c600000| Complete 
| 455|0x000000009c700000, 0x000000009c800000, 0x000000009c800000|100%|HC|  |TAMS 0x000000009c800000| PB 0x000000009c700000| Complete 
| 456|0x000000009c800000, 0x000000009c900000, 0x000000009c900000|100%|HC|  |TAMS 0x000000009c900000| PB 0x000000009c800000| Complete 
| 457|0x000000009c900000, 0x000000009ca00000, 0x000000009ca00000|100%|HC|  |TAMS 0x000000009ca00000| PB 0x000000009c900000| Complete 
| 458|0x000000009ca00000, 0x000000009cb00000, 0x000000009cb00000|100%|HC|  |TAMS 0x000000009cb00000| PB 0x000000009ca00000| Complete 
| 459|0x000000009cb00000, 0x000000009cc00000, 0x000000009cc00000|100%|HC|  |TAMS 0x000000009cc00000| PB 0x000000009cb00000| Complete 
| 460|0x000000009cc00000, 0x000000009cd00000, 0x000000009cd00000|100%|HC|  |TAMS 0x000000009cd00000| PB 0x000000009cc00000| Complete 
| 461|0x000000009cd00000, 0x000000009ce00000, 0x000000009ce00000|100%|HS|  |TAMS 0x000000009cd00000| PB 0x000000009cd00000| Complete 
| 462|0x000000009ce00000, 0x000000009cf00000, 0x000000009cf00000|100%|HS|  |TAMS 0x000000009ce00000| PB 0x000000009ce00000| Complete 
| 463|0x000000009cf00000, 0x000000009d000000, 0x000000009d000000|100%| O|  |TAMS 0x000000009cf00000| PB 0x000000009cf00000| Untracked 
| 464|0x000000009d000000, 0x000000009d100000, 0x000000009d100000|100%| O|  |TAMS 0x000000009d000000| PB 0x000000009d000000| Untracked 
| 465|0x000000009d100000, 0x000000009d200000, 0x000000009d200000|100%| O|  |TAMS 0x000000009d100000| PB 0x000000009d100000| Untracked 
| 466|0x000000009d200000, 0x000000009d300000, 0x000000009d300000|100%| O|  |TAMS 0x000000009d200000| PB 0x000000009d200000| Untracked 
| 467|0x000000009d300000, 0x000000009d400000, 0x000000009d400000|100%| O|  |TAMS 0x000000009d300000| PB 0x000000009d300000| Untracked 
| 468|0x000000009d400000, 0x000000009d500000, 0x000000009d500000|100%| O|  |TAMS 0x000000009d400000| PB 0x000000009d400000| Untracked 
| 469|0x000000009d500000, 0x000000009d600000, 0x000000009d600000|100%| O|  |TAMS 0x000000009d500000| PB 0x000000009d500000| Untracked 
| 470|0x000000009d600000, 0x000000009d700000, 0x000000009d700000|100%| O|  |TAMS 0x000000009d600000| PB 0x000000009d600000| Untracked 
| 471|0x000000009d700000, 0x000000009d800000, 0x000000009d800000|100%| O|  |TAMS 0x000000009d700000| PB 0x000000009d700000| Untracked 
| 472|0x000000009d800000, 0x000000009d900000, 0x000000009d900000|100%| O|  |TAMS 0x000000009d800000| PB 0x000000009d800000| Untracked 
| 473|0x000000009d900000, 0x000000009da00000, 0x000000009da00000|100%| O|  |TAMS 0x000000009d900000| PB 0x000000009d900000| Untracked 
| 474|0x000000009da00000, 0x000000009db00000, 0x000000009db00000|100%| O|  |TAMS 0x000000009da00000| PB 0x000000009da00000| Untracked 
| 475|0x000000009db00000, 0x000000009dc00000, 0x000000009dc00000|100%| O|  |TAMS 0x000000009db00000| PB 0x000000009db00000| Untracked 
| 476|0x000000009dc00000, 0x000000009dd00000, 0x000000009dd00000|100%| O|  |TAMS 0x000000009dc00000| PB 0x000000009dc00000| Untracked 
| 477|0x000000009dd00000, 0x000000009de00000, 0x000000009de00000|100%| O|  |TAMS 0x000000009dd00000| PB 0x000000009dd00000| Untracked 
| 478|0x000000009de00000, 0x000000009df00000, 0x000000009df00000|100%| O|  |TAMS 0x000000009de00000| PB 0x000000009de00000| Untracked 
| 479|0x000000009df00000, 0x000000009e000000, 0x000000009e000000|100%| O|  |TAMS 0x000000009df00000| PB 0x000000009df00000| Untracked 
| 480|0x000000009e000000, 0x000000009e100000, 0x000000009e100000|100%| O|  |TAMS 0x000000009e000000| PB 0x000000009e000000| Untracked 
| 481|0x000000009e100000, 0x000000009e200000, 0x000000009e200000|100%| O|  |TAMS 0x000000009e100000| PB 0x000000009e100000| Untracked 
| 482|0x000000009e200000, 0x000000009e300000, 0x000000009e300000|100%| O|  |TAMS 0x000000009e200000| PB 0x000000009e200000| Untracked 
| 483|0x000000009e300000, 0x000000009e400000, 0x000000009e400000|100%| O|  |TAMS 0x000000009e300000| PB 0x000000009e300000| Untracked 
| 484|0x000000009e400000, 0x000000009e500000, 0x000000009e500000|100%| O|  |TAMS 0x000000009e400000| PB 0x000000009e400000| Untracked 
| 485|0x000000009e500000, 0x000000009e600000, 0x000000009e600000|100%| O|  |TAMS 0x000000009e500000| PB 0x000000009e500000| Untracked 
| 486|0x000000009e600000, 0x000000009e700000, 0x000000009e700000|100%| O|  |TAMS 0x000000009e600000| PB 0x000000009e600000| Untracked 
| 487|0x000000009e700000, 0x000000009e800000, 0x000000009e800000|100%| O|  |TAMS 0x000000009e700000| PB 0x000000009e700000| Untracked 
| 488|0x000000009e800000, 0x000000009e900000, 0x000000009e900000|100%| O|  |TAMS 0x000000009e800000| PB 0x000000009e800000| Untracked 
| 489|0x000000009e900000, 0x000000009ea00000, 0x000000009ea00000|100%| O|  |TAMS 0x000000009e900000| PB 0x000000009e900000| Untracked 
| 490|0x000000009ea00000, 0x000000009ea00000, 0x000000009eb00000|  0%| F|  |TAMS 0x000000009ea00000| PB 0x000000009ea00000| Untracked 
| 491|0x000000009eb00000, 0x000000009eb00000, 0x000000009ec00000|  0%| F|  |TAMS 0x000000009eb00000| PB 0x000000009eb00000| Untracked 
| 492|0x000000009ec00000, 0x000000009ec00000, 0x000000009ed00000|  0%| F|  |TAMS 0x000000009ec00000| PB 0x000000009ec00000| Untracked 
| 493|0x000000009ed00000, 0x000000009ed00000, 0x000000009ee00000|  0%| F|  |TAMS 0x000000009ed00000| PB 0x000000009ed00000| Untracked 
| 494|0x000000009ee00000, 0x000000009ee00000, 0x000000009ef00000|  0%| F|  |TAMS 0x000000009ee00000| PB 0x000000009ee00000| Untracked 
| 495|0x000000009ef00000, 0x000000009ef00000, 0x000000009f000000|  0%| F|  |TAMS 0x000000009ef00000| PB 0x000000009ef00000| Untracked 
| 496|0x000000009f000000, 0x000000009f000000, 0x000000009f100000|  0%| F|  |TAMS 0x000000009f000000| PB 0x000000009f000000| Untracked 
| 497|0x000000009f100000, 0x000000009f100000, 0x000000009f200000|  0%| F|  |TAMS 0x000000009f100000| PB 0x000000009f100000| Untracked 
| 498|0x000000009f200000, 0x000000009f200000, 0x000000009f300000|  0%| F|  |TAMS 0x000000009f200000| PB 0x000000009f200000| Untracked 
| 499|0x000000009f300000, 0x000000009f300000, 0x000000009f400000|  0%| F|  |TAMS 0x000000009f300000| PB 0x000000009f300000| Untracked 
| 500|0x000000009f400000, 0x000000009f400000, 0x000000009f500000|  0%| F|  |TAMS 0x000000009f400000| PB 0x000000009f400000| Untracked 
| 501|0x000000009f500000, 0x000000009f500000, 0x000000009f600000|  0%| F|  |TAMS 0x000000009f500000| PB 0x000000009f500000| Untracked 
| 502|0x000000009f600000, 0x000000009f600000, 0x000000009f700000|  0%| F|  |TAMS 0x000000009f600000| PB 0x000000009f600000| Untracked 
| 503|0x000000009f700000, 0x000000009f700000, 0x000000009f800000|  0%| F|  |TAMS 0x000000009f700000| PB 0x000000009f700000| Untracked 
| 504|0x000000009f800000, 0x000000009f800000, 0x000000009f900000|  0%| F|  |TAMS 0x000000009f800000| PB 0x000000009f800000| Untracked 
| 505|0x000000009f900000, 0x000000009f900000, 0x000000009fa00000|  0%| F|  |TAMS 0x000000009f900000| PB 0x000000009f900000| Untracked 
| 506|0x000000009fa00000, 0x000000009fa00000, 0x000000009fb00000|  0%| F|  |TAMS 0x000000009fa00000| PB 0x000000009fa00000| Untracked 
| 507|0x000000009fb00000, 0x000000009fb00000, 0x000000009fc00000|  0%| F|  |TAMS 0x000000009fb00000| PB 0x000000009fb00000| Untracked 
| 508|0x000000009fc00000, 0x000000009fc00000, 0x000000009fd00000|  0%| F|  |TAMS 0x000000009fc00000| PB 0x000000009fc00000| Untracked 
| 509|0x000000009fd00000, 0x000000009fd00000, 0x000000009fe00000|  0%| F|  |TAMS 0x000000009fd00000| PB 0x000000009fd00000| Untracked 
| 510|0x000000009fe00000, 0x000000009fe00000, 0x000000009ff00000|  0%| F|  |TAMS 0x000000009fe00000| PB 0x000000009fe00000| Untracked 
| 511|0x000000009ff00000, 0x000000009ff00000, 0x00000000a0000000|  0%| F|  |TAMS 0x000000009ff00000| PB 0x000000009ff00000| Untracked 
| 512|0x00000000a0000000, 0x00000000a0000000, 0x00000000a0100000|  0%| F|  |TAMS 0x00000000a0000000| PB 0x00000000a0000000| Untracked 
| 513|0x00000000a0100000, 0x00000000a0100000, 0x00000000a0200000|  0%| F|  |TAMS 0x00000000a0100000| PB 0x00000000a0100000| Untracked 
| 514|0x00000000a0200000, 0x00000000a0200000, 0x00000000a0300000|  0%| F|  |TAMS 0x00000000a0200000| PB 0x00000000a0200000| Untracked 
| 515|0x00000000a0300000, 0x00000000a0300000, 0x00000000a0400000|  0%| F|  |TAMS 0x00000000a0300000| PB 0x00000000a0300000| Untracked 
| 516|0x00000000a0400000, 0x00000000a0400000, 0x00000000a0500000|  0%| F|  |TAMS 0x00000000a0400000| PB 0x00000000a0400000| Untracked 
| 517|0x00000000a0500000, 0x00000000a0500000, 0x00000000a0600000|  0%| F|  |TAMS 0x00000000a0500000| PB 0x00000000a0500000| Untracked 
| 518|0x00000000a0600000, 0x00000000a0600000, 0x00000000a0700000|  0%| F|  |TAMS 0x00000000a0600000| PB 0x00000000a0600000| Untracked 
| 519|0x00000000a0700000, 0x00000000a0700000, 0x00000000a0800000|  0%| F|  |TAMS 0x00000000a0700000| PB 0x00000000a0700000| Untracked 
| 520|0x00000000a0800000, 0x00000000a0800000, 0x00000000a0900000|  0%| F|  |TAMS 0x00000000a0800000| PB 0x00000000a0800000| Untracked 
| 521|0x00000000a0900000, 0x00000000a0900000, 0x00000000a0a00000|  0%| F|  |TAMS 0x00000000a0900000| PB 0x00000000a0900000| Untracked 
| 522|0x00000000a0a00000, 0x00000000a0a00000, 0x00000000a0b00000|  0%| F|  |TAMS 0x00000000a0a00000| PB 0x00000000a0a00000| Untracked 
| 523|0x00000000a0b00000, 0x00000000a0b00000, 0x00000000a0c00000|  0%| F|  |TAMS 0x00000000a0b00000| PB 0x00000000a0b00000| Untracked 
| 524|0x00000000a0c00000, 0x00000000a0c00000, 0x00000000a0d00000|  0%| F|  |TAMS 0x00000000a0c00000| PB 0x00000000a0c00000| Untracked 
| 525|0x00000000a0d00000, 0x00000000a0d00000, 0x00000000a0e00000|  0%| F|  |TAMS 0x00000000a0d00000| PB 0x00000000a0d00000| Untracked 
| 526|0x00000000a0e00000, 0x00000000a0e00000, 0x00000000a0f00000|  0%| F|  |TAMS 0x00000000a0e00000| PB 0x00000000a0e00000| Untracked 
| 527|0x00000000a0f00000, 0x00000000a0f00000, 0x00000000a1000000|  0%| F|  |TAMS 0x00000000a0f00000| PB 0x00000000a0f00000| Untracked 
| 528|0x00000000a1000000, 0x00000000a1000000, 0x00000000a1100000|  0%| F|  |TAMS 0x00000000a1000000| PB 0x00000000a1000000| Untracked 
| 529|0x00000000a1100000, 0x00000000a1100000, 0x00000000a1200000|  0%| F|  |TAMS 0x00000000a1100000| PB 0x00000000a1100000| Untracked 
| 530|0x00000000a1200000, 0x00000000a1200000, 0x00000000a1300000|  0%| F|  |TAMS 0x00000000a1200000| PB 0x00000000a1200000| Untracked 
| 531|0x00000000a1300000, 0x00000000a1300000, 0x00000000a1400000|  0%| F|  |TAMS 0x00000000a1300000| PB 0x00000000a1300000| Untracked 
| 532|0x00000000a1400000, 0x00000000a1400000, 0x00000000a1500000|  0%| F|  |TAMS 0x00000000a1400000| PB 0x00000000a1400000| Untracked 
| 533|0x00000000a1500000, 0x00000000a1500000, 0x00000000a1600000|  0%| F|  |TAMS 0x00000000a1500000| PB 0x00000000a1500000| Untracked 
| 534|0x00000000a1600000, 0x00000000a1600000, 0x00000000a1700000|  0%| F|  |TAMS 0x00000000a1600000| PB 0x00000000a1600000| Untracked 
| 535|0x00000000a1700000, 0x00000000a1700000, 0x00000000a1800000|  0%| F|  |TAMS 0x00000000a1700000| PB 0x00000000a1700000| Untracked 
| 536|0x00000000a1800000, 0x00000000a1800000, 0x00000000a1900000|  0%| F|  |TAMS 0x00000000a1800000| PB 0x00000000a1800000| Untracked 
| 537|0x00000000a1900000, 0x00000000a1900000, 0x00000000a1a00000|  0%| F|  |TAMS 0x00000000a1900000| PB 0x00000000a1900000| Untracked 
| 538|0x00000000a1a00000, 0x00000000a1a00000, 0x00000000a1b00000|  0%| F|  |TAMS 0x00000000a1a00000| PB 0x00000000a1a00000| Untracked 
| 539|0x00000000a1b00000, 0x00000000a1b00000, 0x00000000a1c00000|  0%| F|  |TAMS 0x00000000a1b00000| PB 0x00000000a1b00000| Untracked 
| 540|0x00000000a1c00000, 0x00000000a1c00000, 0x00000000a1d00000|  0%| F|  |TAMS 0x00000000a1c00000| PB 0x00000000a1c00000| Untracked 
| 541|0x00000000a1d00000, 0x00000000a1d00000, 0x00000000a1e00000|  0%| F|  |TAMS 0x00000000a1d00000| PB 0x00000000a1d00000| Untracked 
| 542|0x00000000a1e00000, 0x00000000a1e00000, 0x00000000a1f00000|  0%| F|  |TAMS 0x00000000a1e00000| PB 0x00000000a1e00000| Untracked 
| 543|0x00000000a1f00000, 0x00000000a1f00000, 0x00000000a2000000|  0%| F|  |TAMS 0x00000000a1f00000| PB 0x00000000a1f00000| Untracked 
| 544|0x00000000a2000000, 0x00000000a2000000, 0x00000000a2100000|  0%| F|  |TAMS 0x00000000a2000000| PB 0x00000000a2000000| Untracked 
| 545|0x00000000a2100000, 0x00000000a2100000, 0x00000000a2200000|  0%| F|  |TAMS 0x00000000a2100000| PB 0x00000000a2100000| Untracked 
| 546|0x00000000a2200000, 0x00000000a2200000, 0x00000000a2300000|  0%| F|  |TAMS 0x00000000a2200000| PB 0x00000000a2200000| Untracked 
| 547|0x00000000a2300000, 0x00000000a2300000, 0x00000000a2400000|  0%| F|  |TAMS 0x00000000a2300000| PB 0x00000000a2300000| Untracked 
| 548|0x00000000a2400000, 0x00000000a2400000, 0x00000000a2500000|  0%| F|  |TAMS 0x00000000a2400000| PB 0x00000000a2400000| Untracked 
| 549|0x00000000a2500000, 0x00000000a2500000, 0x00000000a2600000|  0%| F|  |TAMS 0x00000000a2500000| PB 0x00000000a2500000| Untracked 
| 550|0x00000000a2600000, 0x00000000a2600000, 0x00000000a2700000|  0%| F|  |TAMS 0x00000000a2600000| PB 0x00000000a2600000| Untracked 
| 551|0x00000000a2700000, 0x00000000a2700000, 0x00000000a2800000|  0%| F|  |TAMS 0x00000000a2700000| PB 0x00000000a2700000| Untracked 
| 552|0x00000000a2800000, 0x00000000a2800000, 0x00000000a2900000|  0%| F|  |TAMS 0x00000000a2800000| PB 0x00000000a2800000| Untracked 
| 553|0x00000000a2900000, 0x00000000a2900000, 0x00000000a2a00000|  0%| F|  |TAMS 0x00000000a2900000| PB 0x00000000a2900000| Untracked 
| 554|0x00000000a2a00000, 0x00000000a2a00000, 0x00000000a2b00000|  0%| F|  |TAMS 0x00000000a2a00000| PB 0x00000000a2a00000| Untracked 
| 555|0x00000000a2b00000, 0x00000000a2b00000, 0x00000000a2c00000|  0%| F|  |TAMS 0x00000000a2b00000| PB 0x00000000a2b00000| Untracked 
| 556|0x00000000a2c00000, 0x00000000a2c00000, 0x00000000a2d00000|  0%| F|  |TAMS 0x00000000a2c00000| PB 0x00000000a2c00000| Untracked 
| 557|0x00000000a2d00000, 0x00000000a2d00000, 0x00000000a2e00000|  0%| F|  |TAMS 0x00000000a2d00000| PB 0x00000000a2d00000| Untracked 
| 558|0x00000000a2e00000, 0x00000000a2e00000, 0x00000000a2f00000|  0%| F|  |TAMS 0x00000000a2e00000| PB 0x00000000a2e00000| Untracked 
| 559|0x00000000a2f00000, 0x00000000a2f00000, 0x00000000a3000000|  0%| F|  |TAMS 0x00000000a2f00000| PB 0x00000000a2f00000| Untracked 
| 560|0x00000000a3000000, 0x00000000a3000000, 0x00000000a3100000|  0%| F|  |TAMS 0x00000000a3000000| PB 0x00000000a3000000| Untracked 
| 561|0x00000000a3100000, 0x00000000a3100000, 0x00000000a3200000|  0%| F|  |TAMS 0x00000000a3100000| PB 0x00000000a3100000| Untracked 
| 562|0x00000000a3200000, 0x00000000a3200000, 0x00000000a3300000|  0%| F|  |TAMS 0x00000000a3200000| PB 0x00000000a3200000| Untracked 
| 563|0x00000000a3300000, 0x00000000a3300000, 0x00000000a3400000|  0%| F|  |TAMS 0x00000000a3300000| PB 0x00000000a3300000| Untracked 
| 564|0x00000000a3400000, 0x00000000a3400000, 0x00000000a3500000|  0%| F|  |TAMS 0x00000000a3400000| PB 0x00000000a3400000| Untracked 
| 565|0x00000000a3500000, 0x00000000a3500000, 0x00000000a3600000|  0%| F|  |TAMS 0x00000000a3500000| PB 0x00000000a3500000| Untracked 
| 566|0x00000000a3600000, 0x00000000a3600000, 0x00000000a3700000|  0%| F|  |TAMS 0x00000000a3600000| PB 0x00000000a3600000| Untracked 
| 567|0x00000000a3700000, 0x00000000a3700000, 0x00000000a3800000|  0%| F|  |TAMS 0x00000000a3700000| PB 0x00000000a3700000| Untracked 
| 568|0x00000000a3800000, 0x00000000a3800000, 0x00000000a3900000|  0%| F|  |TAMS 0x00000000a3800000| PB 0x00000000a3800000| Untracked 
| 569|0x00000000a3900000, 0x00000000a3900000, 0x00000000a3a00000|  0%| F|  |TAMS 0x00000000a3900000| PB 0x00000000a3900000| Untracked 
| 570|0x00000000a3a00000, 0x00000000a3a00000, 0x00000000a3b00000|  0%| F|  |TAMS 0x00000000a3a00000| PB 0x00000000a3a00000| Untracked 
| 571|0x00000000a3b00000, 0x00000000a3b00000, 0x00000000a3c00000|  0%| F|  |TAMS 0x00000000a3b00000| PB 0x00000000a3b00000| Untracked 
| 572|0x00000000a3c00000, 0x00000000a3c00000, 0x00000000a3d00000|  0%| F|  |TAMS 0x00000000a3c00000| PB 0x00000000a3c00000| Untracked 
| 573|0x00000000a3d00000, 0x00000000a3d00000, 0x00000000a3e00000|  0%| F|  |TAMS 0x00000000a3d00000| PB 0x00000000a3d00000| Untracked 
| 574|0x00000000a3e00000, 0x00000000a3e00000, 0x00000000a3f00000|  0%| F|  |TAMS 0x00000000a3e00000| PB 0x00000000a3e00000| Untracked 
| 575|0x00000000a3f00000, 0x00000000a3f00000, 0x00000000a4000000|  0%| F|  |TAMS 0x00000000a3f00000| PB 0x00000000a3f00000| Untracked 
| 576|0x00000000a4000000, 0x00000000a4000000, 0x00000000a4100000|  0%| F|  |TAMS 0x00000000a4000000| PB 0x00000000a4000000| Untracked 
| 577|0x00000000a4100000, 0x00000000a4100000, 0x00000000a4200000|  0%| F|  |TAMS 0x00000000a4100000| PB 0x00000000a4100000| Untracked 
| 578|0x00000000a4200000, 0x00000000a4200000, 0x00000000a4300000|  0%| F|  |TAMS 0x00000000a4200000| PB 0x00000000a4200000| Untracked 
| 579|0x00000000a4300000, 0x00000000a4300000, 0x00000000a4400000|  0%| F|  |TAMS 0x00000000a4300000| PB 0x00000000a4300000| Untracked 
| 580|0x00000000a4400000, 0x00000000a4400000, 0x00000000a4500000|  0%| F|  |TAMS 0x00000000a4400000| PB 0x00000000a4400000| Untracked 
| 581|0x00000000a4500000, 0x00000000a4500000, 0x00000000a4600000|  0%| F|  |TAMS 0x00000000a4500000| PB 0x00000000a4500000| Untracked 
| 582|0x00000000a4600000, 0x00000000a4600000, 0x00000000a4700000|  0%| F|  |TAMS 0x00000000a4600000| PB 0x00000000a4600000| Untracked 
| 583|0x00000000a4700000, 0x00000000a4700000, 0x00000000a4800000|  0%| F|  |TAMS 0x00000000a4700000| PB 0x00000000a4700000| Untracked 
| 584|0x00000000a4800000, 0x00000000a4800000, 0x00000000a4900000|  0%| F|  |TAMS 0x00000000a4800000| PB 0x00000000a4800000| Untracked 
| 585|0x00000000a4900000, 0x00000000a4900000, 0x00000000a4a00000|  0%| F|  |TAMS 0x00000000a4900000| PB 0x00000000a4900000| Untracked 
| 586|0x00000000a4a00000, 0x00000000a4a00000, 0x00000000a4b00000|  0%| F|  |TAMS 0x00000000a4a00000| PB 0x00000000a4a00000| Untracked 
| 587|0x00000000a4b00000, 0x00000000a4b00000, 0x00000000a4c00000|  0%| F|  |TAMS 0x00000000a4b00000| PB 0x00000000a4b00000| Untracked 
| 588|0x00000000a4c00000, 0x00000000a4c00000, 0x00000000a4d00000|  0%| F|  |TAMS 0x00000000a4c00000| PB 0x00000000a4c00000| Untracked 
| 589|0x00000000a4d00000, 0x00000000a4d00000, 0x00000000a4e00000|  0%| F|  |TAMS 0x00000000a4d00000| PB 0x00000000a4d00000| Untracked 
| 590|0x00000000a4e00000, 0x00000000a4e00000, 0x00000000a4f00000|  0%| F|  |TAMS 0x00000000a4e00000| PB 0x00000000a4e00000| Untracked 
| 591|0x00000000a4f00000, 0x00000000a4f00000, 0x00000000a5000000|  0%| F|  |TAMS 0x00000000a4f00000| PB 0x00000000a4f00000| Untracked 
| 592|0x00000000a5000000, 0x00000000a5000000, 0x00000000a5100000|  0%| F|  |TAMS 0x00000000a5000000| PB 0x00000000a5000000| Untracked 
| 593|0x00000000a5100000, 0x00000000a5100000, 0x00000000a5200000|  0%| F|  |TAMS 0x00000000a5100000| PB 0x00000000a5100000| Untracked 
| 594|0x00000000a5200000, 0x00000000a5200000, 0x00000000a5300000|  0%| F|  |TAMS 0x00000000a5200000| PB 0x00000000a5200000| Untracked 
| 595|0x00000000a5300000, 0x00000000a5300000, 0x00000000a5400000|  0%| F|  |TAMS 0x00000000a5300000| PB 0x00000000a5300000| Untracked 
| 596|0x00000000a5400000, 0x00000000a5400000, 0x00000000a5500000|  0%| F|  |TAMS 0x00000000a5400000| PB 0x00000000a5400000| Untracked 
| 597|0x00000000a5500000, 0x00000000a5500000, 0x00000000a5600000|  0%| F|  |TAMS 0x00000000a5500000| PB 0x00000000a5500000| Untracked 
| 598|0x00000000a5600000, 0x00000000a5600000, 0x00000000a5700000|  0%| F|  |TAMS 0x00000000a5600000| PB 0x00000000a5600000| Untracked 
| 599|0x00000000a5700000, 0x00000000a5700000, 0x00000000a5800000|  0%| F|  |TAMS 0x00000000a5700000| PB 0x00000000a5700000| Untracked 
| 600|0x00000000a5800000, 0x00000000a5800000, 0x00000000a5900000|  0%| F|  |TAMS 0x00000000a5800000| PB 0x00000000a5800000| Untracked 
| 601|0x00000000a5900000, 0x00000000a5900000, 0x00000000a5a00000|  0%| F|  |TAMS 0x00000000a5900000| PB 0x00000000a5900000| Untracked 
| 602|0x00000000a5a00000, 0x00000000a5a00000, 0x00000000a5b00000|  0%| F|  |TAMS 0x00000000a5a00000| PB 0x00000000a5a00000| Untracked 
| 603|0x00000000a5b00000, 0x00000000a5b00000, 0x00000000a5c00000|  0%| F|  |TAMS 0x00000000a5b00000| PB 0x00000000a5b00000| Untracked 
| 604|0x00000000a5c00000, 0x00000000a5c00000, 0x00000000a5d00000|  0%| F|  |TAMS 0x00000000a5c00000| PB 0x00000000a5c00000| Untracked 
| 605|0x00000000a5d00000, 0x00000000a5d00000, 0x00000000a5e00000|  0%| F|  |TAMS 0x00000000a5d00000| PB 0x00000000a5d00000| Untracked 
| 606|0x00000000a5e00000, 0x00000000a5e00000, 0x00000000a5f00000|  0%| F|  |TAMS 0x00000000a5e00000| PB 0x00000000a5e00000| Untracked 
| 607|0x00000000a5f00000, 0x00000000a5f00000, 0x00000000a6000000|  0%| F|  |TAMS 0x00000000a5f00000| PB 0x00000000a5f00000| Untracked 
| 608|0x00000000a6000000, 0x00000000a6000000, 0x00000000a6100000|  0%| F|  |TAMS 0x00000000a6000000| PB 0x00000000a6000000| Untracked 
| 609|0x00000000a6100000, 0x00000000a6100000, 0x00000000a6200000|  0%| F|  |TAMS 0x00000000a6100000| PB 0x00000000a6100000| Untracked 
| 610|0x00000000a6200000, 0x00000000a6200000, 0x00000000a6300000|  0%| F|  |TAMS 0x00000000a6200000| PB 0x00000000a6200000| Untracked 
| 611|0x00000000a6300000, 0x00000000a6300000, 0x00000000a6400000|  0%| F|  |TAMS 0x00000000a6300000| PB 0x00000000a6300000| Untracked 
| 612|0x00000000a6400000, 0x00000000a6400000, 0x00000000a6500000|  0%| F|  |TAMS 0x00000000a6400000| PB 0x00000000a6400000| Untracked 
| 613|0x00000000a6500000, 0x00000000a6500000, 0x00000000a6600000|  0%| F|  |TAMS 0x00000000a6500000| PB 0x00000000a6500000| Untracked 
| 614|0x00000000a6600000, 0x00000000a6600000, 0x00000000a6700000|  0%| F|  |TAMS 0x00000000a6600000| PB 0x00000000a6600000| Untracked 
| 615|0x00000000a6700000, 0x00000000a6700000, 0x00000000a6800000|  0%| F|  |TAMS 0x00000000a6700000| PB 0x00000000a6700000| Untracked 
| 616|0x00000000a6800000, 0x00000000a6800000, 0x00000000a6900000|  0%| F|  |TAMS 0x00000000a6800000| PB 0x00000000a6800000| Untracked 
| 617|0x00000000a6900000, 0x00000000a6900000, 0x00000000a6a00000|  0%| F|  |TAMS 0x00000000a6900000| PB 0x00000000a6900000| Untracked 
| 618|0x00000000a6a00000, 0x00000000a6a00000, 0x00000000a6b00000|  0%| F|  |TAMS 0x00000000a6a00000| PB 0x00000000a6a00000| Untracked 
| 619|0x00000000a6b00000, 0x00000000a6b00000, 0x00000000a6c00000|  0%| F|  |TAMS 0x00000000a6b00000| PB 0x00000000a6b00000| Untracked 
| 620|0x00000000a6c00000, 0x00000000a6c00000, 0x00000000a6d00000|  0%| F|  |TAMS 0x00000000a6c00000| PB 0x00000000a6c00000| Untracked 
| 621|0x00000000a6d00000, 0x00000000a6d00000, 0x00000000a6e00000|  0%| F|  |TAMS 0x00000000a6d00000| PB 0x00000000a6d00000| Untracked 
| 622|0x00000000a6e00000, 0x00000000a6e00000, 0x00000000a6f00000|  0%| F|  |TAMS 0x00000000a6e00000| PB 0x00000000a6e00000| Untracked 
| 623|0x00000000a6f00000, 0x00000000a6f00000, 0x00000000a7000000|  0%| F|  |TAMS 0x00000000a6f00000| PB 0x00000000a6f00000| Untracked 
| 624|0x00000000a7000000, 0x00000000a7000000, 0x00000000a7100000|  0%| F|  |TAMS 0x00000000a7000000| PB 0x00000000a7000000| Untracked 
| 625|0x00000000a7100000, 0x00000000a7100000, 0x00000000a7200000|  0%| F|  |TAMS 0x00000000a7100000| PB 0x00000000a7100000| Untracked 
| 626|0x00000000a7200000, 0x00000000a7200000, 0x00000000a7300000|  0%| F|  |TAMS 0x00000000a7200000| PB 0x00000000a7200000| Untracked 
| 627|0x00000000a7300000, 0x00000000a7300000, 0x00000000a7400000|  0%| F|  |TAMS 0x00000000a7300000| PB 0x00000000a7300000| Untracked 
| 628|0x00000000a7400000, 0x00000000a7400000, 0x00000000a7500000|  0%| F|  |TAMS 0x00000000a7400000| PB 0x00000000a7400000| Untracked 
| 629|0x00000000a7500000, 0x00000000a7500000, 0x00000000a7600000|  0%| F|  |TAMS 0x00000000a7500000| PB 0x00000000a7500000| Untracked 
| 630|0x00000000a7600000, 0x00000000a7600000, 0x00000000a7700000|  0%| F|  |TAMS 0x00000000a7600000| PB 0x00000000a7600000| Untracked 
| 631|0x00000000a7700000, 0x00000000a7700000, 0x00000000a7800000|  0%| F|  |TAMS 0x00000000a7700000| PB 0x00000000a7700000| Untracked 
| 632|0x00000000a7800000, 0x00000000a7800000, 0x00000000a7900000|  0%| F|  |TAMS 0x00000000a7800000| PB 0x00000000a7800000| Untracked 
| 633|0x00000000a7900000, 0x00000000a7a00000, 0x00000000a7a00000|100%| S|CS|TAMS 0x00000000a7900000| PB 0x00000000a7900000| Complete 
| 634|0x00000000a7a00000, 0x00000000a7b00000, 0x00000000a7b00000|100%| S|CS|TAMS 0x00000000a7a00000| PB 0x00000000a7a00000| Complete 
| 635|0x00000000a7b00000, 0x00000000a7c00000, 0x00000000a7c00000|100%| S|CS|TAMS 0x00000000a7b00000| PB 0x00000000a7b00000| Complete 
| 636|0x00000000a7c00000, 0x00000000a7d00000, 0x00000000a7d00000|100%| S|CS|TAMS 0x00000000a7c00000| PB 0x00000000a7c00000| Complete 
| 637|0x00000000a7d00000, 0x00000000a7e00000, 0x00000000a7e00000|100%| S|CS|TAMS 0x00000000a7d00000| PB 0x00000000a7d00000| Complete 
| 638|0x00000000a7e00000, 0x00000000a7f00000, 0x00000000a7f00000|100%| S|CS|TAMS 0x00000000a7e00000| PB 0x00000000a7e00000| Complete 
| 639|0x00000000a7f00000, 0x00000000a8000000, 0x00000000a8000000|100%| S|CS|TAMS 0x00000000a7f00000| PB 0x00000000a7f00000| Complete 
| 640|0x00000000a8000000, 0x00000000a8100000, 0x00000000a8100000|100%| S|CS|TAMS 0x00000000a8000000| PB 0x00000000a8000000| Complete 
| 641|0x00000000a8100000, 0x00000000a8200000, 0x00000000a8200000|100%| S|CS|TAMS 0x00000000a8100000| PB 0x00000000a8100000| Complete 
| 642|0x00000000a8200000, 0x00000000a8300000, 0x00000000a8300000|100%| S|CS|TAMS 0x00000000a8200000| PB 0x00000000a8200000| Complete 
| 643|0x00000000a8300000, 0x00000000a8400000, 0x00000000a8400000|100%| S|CS|TAMS 0x00000000a8300000| PB 0x00000000a8300000| Complete 
| 644|0x00000000a8400000, 0x00000000a8500000, 0x00000000a8500000|100%| S|CS|TAMS 0x00000000a8400000| PB 0x00000000a8400000| Complete 
| 645|0x00000000a8500000, 0x00000000a8600000, 0x00000000a8600000|100%| S|CS|TAMS 0x00000000a8500000| PB 0x00000000a8500000| Complete 
| 646|0x00000000a8600000, 0x00000000a8700000, 0x00000000a8700000|100%| S|CS|TAMS 0x00000000a8600000| PB 0x00000000a8600000| Complete 
| 647|0x00000000a8700000, 0x00000000a8800000, 0x00000000a8800000|100%| S|CS|TAMS 0x00000000a8700000| PB 0x00000000a8700000| Complete 
| 648|0x00000000a8800000, 0x00000000a8900000, 0x00000000a8900000|100%| S|CS|TAMS 0x00000000a8800000| PB 0x00000000a8800000| Complete 
| 649|0x00000000a8900000, 0x00000000a8a00000, 0x00000000a8a00000|100%| S|CS|TAMS 0x00000000a8900000| PB 0x00000000a8900000| Complete 
| 650|0x00000000a8a00000, 0x00000000a8b00000, 0x00000000a8b00000|100%| S|CS|TAMS 0x00000000a8a00000| PB 0x00000000a8a00000| Complete 
| 651|0x00000000a8b00000, 0x00000000a8c00000, 0x00000000a8c00000|100%| S|CS|TAMS 0x00000000a8b00000| PB 0x00000000a8b00000| Complete 
| 652|0x00000000a8c00000, 0x00000000a8c00000, 0x00000000a8d00000|  0%| F|  |TAMS 0x00000000a8c00000| PB 0x00000000a8c00000| Untracked 
| 653|0x00000000a8d00000, 0x00000000a8d00000, 0x00000000a8e00000|  0%| F|  |TAMS 0x00000000a8d00000| PB 0x00000000a8d00000| Untracked 
| 654|0x00000000a8e00000, 0x00000000a8e00000, 0x00000000a8f00000|  0%| F|  |TAMS 0x00000000a8e00000| PB 0x00000000a8e00000| Untracked 
| 655|0x00000000a8f00000, 0x00000000a8f00000, 0x00000000a9000000|  0%| F|  |TAMS 0x00000000a8f00000| PB 0x00000000a8f00000| Untracked 
| 656|0x00000000a9000000, 0x00000000a9000000, 0x00000000a9100000|  0%| F|  |TAMS 0x00000000a9000000| PB 0x00000000a9000000| Untracked 
| 657|0x00000000a9100000, 0x00000000a9100000, 0x00000000a9200000|  0%| F|  |TAMS 0x00000000a9100000| PB 0x00000000a9100000| Untracked 
| 658|0x00000000a9200000, 0x00000000a9200000, 0x00000000a9300000|  0%| F|  |TAMS 0x00000000a9200000| PB 0x00000000a9200000| Untracked 
| 659|0x00000000a9300000, 0x00000000a9300000, 0x00000000a9400000|  0%| F|  |TAMS 0x00000000a9300000| PB 0x00000000a9300000| Untracked 
| 660|0x00000000a9400000, 0x00000000a9400000, 0x00000000a9500000|  0%| F|  |TAMS 0x00000000a9400000| PB 0x00000000a9400000| Untracked 
| 661|0x00000000a9500000, 0x00000000a9500000, 0x00000000a9600000|  0%| F|  |TAMS 0x00000000a9500000| PB 0x00000000a9500000| Untracked 
| 662|0x00000000a9600000, 0x00000000a9600000, 0x00000000a9700000|  0%| F|  |TAMS 0x00000000a9600000| PB 0x00000000a9600000| Untracked 
| 663|0x00000000a9700000, 0x00000000a9700000, 0x00000000a9800000|  0%| F|  |TAMS 0x00000000a9700000| PB 0x00000000a9700000| Untracked 
| 664|0x00000000a9800000, 0x00000000a9800000, 0x00000000a9900000|  0%| F|  |TAMS 0x00000000a9800000| PB 0x00000000a9800000| Untracked 
| 665|0x00000000a9900000, 0x00000000a9900000, 0x00000000a9a00000|  0%| F|  |TAMS 0x00000000a9900000| PB 0x00000000a9900000| Untracked 
| 666|0x00000000a9a00000, 0x00000000a9a00000, 0x00000000a9b00000|  0%| F|  |TAMS 0x00000000a9a00000| PB 0x00000000a9a00000| Untracked 
| 667|0x00000000a9b00000, 0x00000000a9b00000, 0x00000000a9c00000|  0%| F|  |TAMS 0x00000000a9b00000| PB 0x00000000a9b00000| Untracked 
| 668|0x00000000a9c00000, 0x00000000a9c00000, 0x00000000a9d00000|  0%| F|  |TAMS 0x00000000a9c00000| PB 0x00000000a9c00000| Untracked 
| 669|0x00000000a9d00000, 0x00000000a9d00000, 0x00000000a9e00000|  0%| F|  |TAMS 0x00000000a9d00000| PB 0x00000000a9d00000| Untracked 
| 670|0x00000000a9e00000, 0x00000000a9e00000, 0x00000000a9f00000|  0%| F|  |TAMS 0x00000000a9e00000| PB 0x00000000a9e00000| Untracked 
| 671|0x00000000a9f00000, 0x00000000a9f00000, 0x00000000aa000000|  0%| F|  |TAMS 0x00000000a9f00000| PB 0x00000000a9f00000| Untracked 
| 672|0x00000000aa000000, 0x00000000aa000000, 0x00000000aa100000|  0%| F|  |TAMS 0x00000000aa000000| PB 0x00000000aa000000| Untracked 
| 673|0x00000000aa100000, 0x00000000aa100000, 0x00000000aa200000|  0%| F|  |TAMS 0x00000000aa100000| PB 0x00000000aa100000| Untracked 
| 674|0x00000000aa200000, 0x00000000aa200000, 0x00000000aa300000|  0%| F|  |TAMS 0x00000000aa200000| PB 0x00000000aa200000| Untracked 
| 675|0x00000000aa300000, 0x00000000aa300000, 0x00000000aa400000|  0%| F|  |TAMS 0x00000000aa300000| PB 0x00000000aa300000| Untracked 
| 676|0x00000000aa400000, 0x00000000aa400000, 0x00000000aa500000|  0%| F|  |TAMS 0x00000000aa400000| PB 0x00000000aa400000| Untracked 
| 677|0x00000000aa500000, 0x00000000aa500000, 0x00000000aa600000|  0%| F|  |TAMS 0x00000000aa500000| PB 0x00000000aa500000| Untracked 
| 678|0x00000000aa600000, 0x00000000aa600000, 0x00000000aa700000|  0%| F|  |TAMS 0x00000000aa600000| PB 0x00000000aa600000| Untracked 
| 679|0x00000000aa700000, 0x00000000aa700000, 0x00000000aa800000|  0%| F|  |TAMS 0x00000000aa700000| PB 0x00000000aa700000| Untracked 
| 680|0x00000000aa800000, 0x00000000aa800000, 0x00000000aa900000|  0%| F|  |TAMS 0x00000000aa800000| PB 0x00000000aa800000| Untracked 
| 681|0x00000000aa900000, 0x00000000aa900000, 0x00000000aaa00000|  0%| F|  |TAMS 0x00000000aa900000| PB 0x00000000aa900000| Untracked 
| 682|0x00000000aaa00000, 0x00000000aaa00000, 0x00000000aab00000|  0%| F|  |TAMS 0x00000000aaa00000| PB 0x00000000aaa00000| Untracked 
| 683|0x00000000aab00000, 0x00000000aab00000, 0x00000000aac00000|  0%| F|  |TAMS 0x00000000aab00000| PB 0x00000000aab00000| Untracked 
| 684|0x00000000aac00000, 0x00000000aac00000, 0x00000000aad00000|  0%| F|  |TAMS 0x00000000aac00000| PB 0x00000000aac00000| Untracked 
| 685|0x00000000aad00000, 0x00000000aad00000, 0x00000000aae00000|  0%| F|  |TAMS 0x00000000aad00000| PB 0x00000000aad00000| Untracked 
| 686|0x00000000aae00000, 0x00000000aae00000, 0x00000000aaf00000|  0%| F|  |TAMS 0x00000000aae00000| PB 0x00000000aae00000| Untracked 
| 687|0x00000000aaf00000, 0x00000000aaf00000, 0x00000000ab000000|  0%| F|  |TAMS 0x00000000aaf00000| PB 0x00000000aaf00000| Untracked 
| 688|0x00000000ab000000, 0x00000000ab000000, 0x00000000ab100000|  0%| F|  |TAMS 0x00000000ab000000| PB 0x00000000ab000000| Untracked 
| 689|0x00000000ab100000, 0x00000000ab100000, 0x00000000ab200000|  0%| F|  |TAMS 0x00000000ab100000| PB 0x00000000ab100000| Untracked 
| 690|0x00000000ab200000, 0x00000000ab200000, 0x00000000ab300000|  0%| F|  |TAMS 0x00000000ab200000| PB 0x00000000ab200000| Untracked 
| 691|0x00000000ab300000, 0x00000000ab300000, 0x00000000ab400000|  0%| F|  |TAMS 0x00000000ab300000| PB 0x00000000ab300000| Untracked 
| 692|0x00000000ab400000, 0x00000000ab400000, 0x00000000ab500000|  0%| F|  |TAMS 0x00000000ab400000| PB 0x00000000ab400000| Untracked 
| 693|0x00000000ab500000, 0x00000000ab500000, 0x00000000ab600000|  0%| F|  |TAMS 0x00000000ab500000| PB 0x00000000ab500000| Untracked 
| 694|0x00000000ab600000, 0x00000000ab600000, 0x00000000ab700000|  0%| F|  |TAMS 0x00000000ab600000| PB 0x00000000ab600000| Untracked 
| 695|0x00000000ab700000, 0x00000000ab700000, 0x00000000ab800000|  0%| F|  |TAMS 0x00000000ab700000| PB 0x00000000ab700000| Untracked 
| 696|0x00000000ab800000, 0x00000000ab800000, 0x00000000ab900000|  0%| F|  |TAMS 0x00000000ab800000| PB 0x00000000ab800000| Untracked 
| 697|0x00000000ab900000, 0x00000000ab900000, 0x00000000aba00000|  0%| F|  |TAMS 0x00000000ab900000| PB 0x00000000ab900000| Untracked 
| 698|0x00000000aba00000, 0x00000000aba00000, 0x00000000abb00000|  0%| F|  |TAMS 0x00000000aba00000| PB 0x00000000aba00000| Untracked 
| 699|0x00000000abb00000, 0x00000000abb00000, 0x00000000abc00000|  0%| F|  |TAMS 0x00000000abb00000| PB 0x00000000abb00000| Untracked 
| 700|0x00000000abc00000, 0x00000000abc00000, 0x00000000abd00000|  0%| F|  |TAMS 0x00000000abc00000| PB 0x00000000abc00000| Untracked 
| 701|0x00000000abd00000, 0x00000000abd00000, 0x00000000abe00000|  0%| F|  |TAMS 0x00000000abd00000| PB 0x00000000abd00000| Untracked 
| 702|0x00000000abe00000, 0x00000000abe00000, 0x00000000abf00000|  0%| F|  |TAMS 0x00000000abe00000| PB 0x00000000abe00000| Untracked 
| 703|0x00000000abf00000, 0x00000000abf00000, 0x00000000ac000000|  0%| F|  |TAMS 0x00000000abf00000| PB 0x00000000abf00000| Untracked 
| 704|0x00000000ac000000, 0x00000000ac000000, 0x00000000ac100000|  0%| F|  |TAMS 0x00000000ac000000| PB 0x00000000ac000000| Untracked 
| 705|0x00000000ac100000, 0x00000000ac100000, 0x00000000ac200000|  0%| F|  |TAMS 0x00000000ac100000| PB 0x00000000ac100000| Untracked 
| 706|0x00000000ac200000, 0x00000000ac200000, 0x00000000ac300000|  0%| F|  |TAMS 0x00000000ac200000| PB 0x00000000ac200000| Untracked 
| 707|0x00000000ac300000, 0x00000000ac300000, 0x00000000ac400000|  0%| F|  |TAMS 0x00000000ac300000| PB 0x00000000ac300000| Untracked 
| 708|0x00000000ac400000, 0x00000000ac400000, 0x00000000ac500000|  0%| F|  |TAMS 0x00000000ac400000| PB 0x00000000ac400000| Untracked 
| 709|0x00000000ac500000, 0x00000000ac500000, 0x00000000ac600000|  0%| F|  |TAMS 0x00000000ac500000| PB 0x00000000ac500000| Untracked 
| 710|0x00000000ac600000, 0x00000000ac600000, 0x00000000ac700000|  0%| F|  |TAMS 0x00000000ac600000| PB 0x00000000ac600000| Untracked 
| 711|0x00000000ac700000, 0x00000000ac700000, 0x00000000ac800000|  0%| F|  |TAMS 0x00000000ac700000| PB 0x00000000ac700000| Untracked 
| 712|0x00000000ac800000, 0x00000000ac800000, 0x00000000ac900000|  0%| F|  |TAMS 0x00000000ac800000| PB 0x00000000ac800000| Untracked 
| 713|0x00000000ac900000, 0x00000000ac900000, 0x00000000aca00000|  0%| F|  |TAMS 0x00000000ac900000| PB 0x00000000ac900000| Untracked 
| 714|0x00000000aca00000, 0x00000000aca00000, 0x00000000acb00000|  0%| F|  |TAMS 0x00000000aca00000| PB 0x00000000aca00000| Untracked 
| 715|0x00000000acb00000, 0x00000000acb00000, 0x00000000acc00000|  0%| F|  |TAMS 0x00000000acb00000| PB 0x00000000acb00000| Untracked 
| 716|0x00000000acc00000, 0x00000000acc00000, 0x00000000acd00000|  0%| F|  |TAMS 0x00000000acc00000| PB 0x00000000acc00000| Untracked 
| 717|0x00000000acd00000, 0x00000000acd00000, 0x00000000ace00000|  0%| F|  |TAMS 0x00000000acd00000| PB 0x00000000acd00000| Untracked 
| 718|0x00000000ace00000, 0x00000000ace00000, 0x00000000acf00000|  0%| F|  |TAMS 0x00000000ace00000| PB 0x00000000ace00000| Untracked 
| 719|0x00000000acf00000, 0x00000000acf00000, 0x00000000ad000000|  0%| F|  |TAMS 0x00000000acf00000| PB 0x00000000acf00000| Untracked 
| 720|0x00000000ad000000, 0x00000000ad000000, 0x00000000ad100000|  0%| F|  |TAMS 0x00000000ad000000| PB 0x00000000ad000000| Untracked 
| 721|0x00000000ad100000, 0x00000000ad100000, 0x00000000ad200000|  0%| F|  |TAMS 0x00000000ad100000| PB 0x00000000ad100000| Untracked 
| 722|0x00000000ad200000, 0x00000000ad200000, 0x00000000ad300000|  0%| F|  |TAMS 0x00000000ad200000| PB 0x00000000ad200000| Untracked 
| 723|0x00000000ad300000, 0x00000000ad300000, 0x00000000ad400000|  0%| F|  |TAMS 0x00000000ad300000| PB 0x00000000ad300000| Untracked 
| 724|0x00000000ad400000, 0x00000000ad400000, 0x00000000ad500000|  0%| F|  |TAMS 0x00000000ad400000| PB 0x00000000ad400000| Untracked 
| 725|0x00000000ad500000, 0x00000000ad500000, 0x00000000ad600000|  0%| F|  |TAMS 0x00000000ad500000| PB 0x00000000ad500000| Untracked 
| 726|0x00000000ad600000, 0x00000000ad600000, 0x00000000ad700000|  0%| F|  |TAMS 0x00000000ad600000| PB 0x00000000ad600000| Untracked 
| 727|0x00000000ad700000, 0x00000000ad700000, 0x00000000ad800000|  0%| F|  |TAMS 0x00000000ad700000| PB 0x00000000ad700000| Untracked 
| 728|0x00000000ad800000, 0x00000000ad800000, 0x00000000ad900000|  0%| F|  |TAMS 0x00000000ad800000| PB 0x00000000ad800000| Untracked 
| 729|0x00000000ad900000, 0x00000000ad900000, 0x00000000ada00000|  0%| F|  |TAMS 0x00000000ad900000| PB 0x00000000ad900000| Untracked 
| 730|0x00000000ada00000, 0x00000000ada00000, 0x00000000adb00000|  0%| F|  |TAMS 0x00000000ada00000| PB 0x00000000ada00000| Untracked 
| 731|0x00000000adb00000, 0x00000000adb00000, 0x00000000adc00000|  0%| F|  |TAMS 0x00000000adb00000| PB 0x00000000adb00000| Untracked 
| 732|0x00000000adc00000, 0x00000000adc00000, 0x00000000add00000|  0%| F|  |TAMS 0x00000000adc00000| PB 0x00000000adc00000| Untracked 
| 733|0x00000000add00000, 0x00000000add00000, 0x00000000ade00000|  0%| F|  |TAMS 0x00000000add00000| PB 0x00000000add00000| Untracked 
| 734|0x00000000ade00000, 0x00000000ade00000, 0x00000000adf00000|  0%| F|  |TAMS 0x00000000ade00000| PB 0x00000000ade00000| Untracked 
| 735|0x00000000adf00000, 0x00000000adf00000, 0x00000000ae000000|  0%| F|  |TAMS 0x00000000adf00000| PB 0x00000000adf00000| Untracked 
| 736|0x00000000ae000000, 0x00000000ae000000, 0x00000000ae100000|  0%| F|  |TAMS 0x00000000ae000000| PB 0x00000000ae000000| Untracked 
| 737|0x00000000ae100000, 0x00000000ae100000, 0x00000000ae200000|  0%| F|  |TAMS 0x00000000ae100000| PB 0x00000000ae100000| Untracked 
| 738|0x00000000ae200000, 0x00000000ae200000, 0x00000000ae300000|  0%| F|  |TAMS 0x00000000ae200000| PB 0x00000000ae200000| Untracked 
| 739|0x00000000ae300000, 0x00000000ae300000, 0x00000000ae400000|  0%| F|  |TAMS 0x00000000ae300000| PB 0x00000000ae300000| Untracked 
| 740|0x00000000ae400000, 0x00000000ae400000, 0x00000000ae500000|  0%| F|  |TAMS 0x00000000ae400000| PB 0x00000000ae400000| Untracked 
| 741|0x00000000ae500000, 0x00000000ae500000, 0x00000000ae600000|  0%| F|  |TAMS 0x00000000ae500000| PB 0x00000000ae500000| Untracked 
| 742|0x00000000ae600000, 0x00000000ae600000, 0x00000000ae700000|  0%| F|  |TAMS 0x00000000ae600000| PB 0x00000000ae600000| Untracked 
| 743|0x00000000ae700000, 0x00000000ae700000, 0x00000000ae800000|  0%| F|  |TAMS 0x00000000ae700000| PB 0x00000000ae700000| Untracked 
| 744|0x00000000ae800000, 0x00000000ae800000, 0x00000000ae900000|  0%| F|  |TAMS 0x00000000ae800000| PB 0x00000000ae800000| Untracked 
| 745|0x00000000ae900000, 0x00000000ae900000, 0x00000000aea00000|  0%| F|  |TAMS 0x00000000ae900000| PB 0x00000000ae900000| Untracked 
| 746|0x00000000aea00000, 0x00000000aea00000, 0x00000000aeb00000|  0%| F|  |TAMS 0x00000000aea00000| PB 0x00000000aea00000| Untracked 
| 747|0x00000000aeb00000, 0x00000000aeb00000, 0x00000000aec00000|  0%| F|  |TAMS 0x00000000aeb00000| PB 0x00000000aeb00000| Untracked 
| 748|0x00000000aec00000, 0x00000000aec00000, 0x00000000aed00000|  0%| F|  |TAMS 0x00000000aec00000| PB 0x00000000aec00000| Untracked 
| 749|0x00000000aed00000, 0x00000000aed00000, 0x00000000aee00000|  0%| F|  |TAMS 0x00000000aed00000| PB 0x00000000aed00000| Untracked 
| 750|0x00000000aee00000, 0x00000000aee00000, 0x00000000aef00000|  0%| F|  |TAMS 0x00000000aee00000| PB 0x00000000aee00000| Untracked 
| 751|0x00000000aef00000, 0x00000000aef00000, 0x00000000af000000|  0%| F|  |TAMS 0x00000000aef00000| PB 0x00000000aef00000| Untracked 
| 752|0x00000000af000000, 0x00000000af000000, 0x00000000af100000|  0%| F|  |TAMS 0x00000000af000000| PB 0x00000000af000000| Untracked 
| 753|0x00000000af100000, 0x00000000af100000, 0x00000000af200000|  0%| F|  |TAMS 0x00000000af100000| PB 0x00000000af100000| Untracked 
| 754|0x00000000af200000, 0x00000000af200000, 0x00000000af300000|  0%| F|  |TAMS 0x00000000af200000| PB 0x00000000af200000| Untracked 
| 755|0x00000000af300000, 0x00000000af300000, 0x00000000af400000|  0%| F|  |TAMS 0x00000000af300000| PB 0x00000000af300000| Untracked 
| 756|0x00000000af400000, 0x00000000af400000, 0x00000000af500000|  0%| F|  |TAMS 0x00000000af400000| PB 0x00000000af400000| Untracked 
| 757|0x00000000af500000, 0x00000000af500000, 0x00000000af600000|  0%| F|  |TAMS 0x00000000af500000| PB 0x00000000af500000| Untracked 
| 758|0x00000000af600000, 0x00000000af600000, 0x00000000af700000|  0%| F|  |TAMS 0x00000000af600000| PB 0x00000000af600000| Untracked 
| 759|0x00000000af700000, 0x00000000af700000, 0x00000000af800000|  0%| F|  |TAMS 0x00000000af700000| PB 0x00000000af700000| Untracked 
| 760|0x00000000af800000, 0x00000000af800000, 0x00000000af900000|  0%| F|  |TAMS 0x00000000af800000| PB 0x00000000af800000| Untracked 
| 761|0x00000000af900000, 0x00000000af900000, 0x00000000afa00000|  0%| F|  |TAMS 0x00000000af900000| PB 0x00000000af900000| Untracked 
| 762|0x00000000afa00000, 0x00000000afa00000, 0x00000000afb00000|  0%| F|  |TAMS 0x00000000afa00000| PB 0x00000000afa00000| Untracked 
| 763|0x00000000afb00000, 0x00000000afb00000, 0x00000000afc00000|  0%| F|  |TAMS 0x00000000afb00000| PB 0x00000000afb00000| Untracked 
| 764|0x00000000afc00000, 0x00000000afc00000, 0x00000000afd00000|  0%| F|  |TAMS 0x00000000afc00000| PB 0x00000000afc00000| Untracked 
| 765|0x00000000afd00000, 0x00000000afd00000, 0x00000000afe00000|  0%| F|  |TAMS 0x00000000afd00000| PB 0x00000000afd00000| Untracked 
| 766|0x00000000afe00000, 0x00000000afe00000, 0x00000000aff00000|  0%| F|  |TAMS 0x00000000afe00000| PB 0x00000000afe00000| Untracked 
| 767|0x00000000aff00000, 0x00000000aff00000, 0x00000000b0000000|  0%| F|  |TAMS 0x00000000aff00000| PB 0x00000000aff00000| Untracked 
| 768|0x00000000b0000000, 0x00000000b0000000, 0x00000000b0100000|  0%| F|  |TAMS 0x00000000b0000000| PB 0x00000000b0000000| Untracked 
| 769|0x00000000b0100000, 0x00000000b0100000, 0x00000000b0200000|  0%| F|  |TAMS 0x00000000b0100000| PB 0x00000000b0100000| Untracked 
| 770|0x00000000b0200000, 0x00000000b0200000, 0x00000000b0300000|  0%| F|  |TAMS 0x00000000b0200000| PB 0x00000000b0200000| Untracked 
| 771|0x00000000b0300000, 0x00000000b0300000, 0x00000000b0400000|  0%| F|  |TAMS 0x00000000b0300000| PB 0x00000000b0300000| Untracked 
| 772|0x00000000b0400000, 0x00000000b0400000, 0x00000000b0500000|  0%| F|  |TAMS 0x00000000b0400000| PB 0x00000000b0400000| Untracked 
| 773|0x00000000b0500000, 0x00000000b0500000, 0x00000000b0600000|  0%| F|  |TAMS 0x00000000b0500000| PB 0x00000000b0500000| Untracked 
| 774|0x00000000b0600000, 0x00000000b0600000, 0x00000000b0700000|  0%| F|  |TAMS 0x00000000b0600000| PB 0x00000000b0600000| Untracked 
| 775|0x00000000b0700000, 0x00000000b0700000, 0x00000000b0800000|  0%| F|  |TAMS 0x00000000b0700000| PB 0x00000000b0700000| Untracked 
| 776|0x00000000b0800000, 0x00000000b0800000, 0x00000000b0900000|  0%| F|  |TAMS 0x00000000b0800000| PB 0x00000000b0800000| Untracked 
| 777|0x00000000b0900000, 0x00000000b0900000, 0x00000000b0a00000|  0%| F|  |TAMS 0x00000000b0900000| PB 0x00000000b0900000| Untracked 
| 778|0x00000000b0a00000, 0x00000000b0a00000, 0x00000000b0b00000|  0%| F|  |TAMS 0x00000000b0a00000| PB 0x00000000b0a00000| Untracked 
| 779|0x00000000b0b00000, 0x00000000b0b00000, 0x00000000b0c00000|  0%| F|  |TAMS 0x00000000b0b00000| PB 0x00000000b0b00000| Untracked 
| 780|0x00000000b0c00000, 0x00000000b0c00000, 0x00000000b0d00000|  0%| F|  |TAMS 0x00000000b0c00000| PB 0x00000000b0c00000| Untracked 
| 781|0x00000000b0d00000, 0x00000000b0d00000, 0x00000000b0e00000|  0%| F|  |TAMS 0x00000000b0d00000| PB 0x00000000b0d00000| Untracked 

Card table byte_map: [0x0000021bf1ea0000,0x0000021bf22a0000] _byte_map_base: 0x0000021bf1aa0000

Marking Bits: (CMBitMap*) 0x0000021bd9b86b60
 Bits: [0x0000021bf22a0000, 0x0000021bf42a0000)

Polling page: 0x0000021bd7990000

Metaspace:

Usage:
  Non-class:    363.96 MB used.
      Class:     51.92 MB used.
       Both:    415.88 MB used.

Virtual space:
  Non-class space:      384.00 MB reserved,     365.31 MB ( 95%) committed,  6 nodes.
      Class space:        1.00 GB reserved,      53.31 MB (  5%) committed,  1 nodes.
             Both:        1.38 GB reserved,     418.62 MB ( 30%) committed. 

Chunk freelists:
   Non-Class:  2.66 MB
       Class:  10.70 MB
        Both:  13.36 MB

MaxMetaspaceSize: unlimited
CompressedClassSpaceSize: 1.00 GB
Initial GC threshold: 21.00 MB
Current GC threshold: 692.50 MB
CDS: on
 - commit_granule_bytes: 65536.
 - commit_granule_words: 8192.
 - virtual_space_node_default_size: 8388608.
 - enlarge_chunks_in_place: 1.
 - use_allocation_guard: 0.


Internal statistics:

num_allocs_failed_limit: 12.
num_arena_births: 13098.
num_arena_deaths: 7954.
num_vsnodes_births: 7.
num_vsnodes_deaths: 0.
num_space_committed: 6893.
num_space_uncommitted: 101.
num_chunks_returned_to_freelist: 12076.
num_chunks_taken_from_freelist: 37671.
num_chunk_merges: 3699.
num_chunk_splits: 21714.
num_chunks_enlarged: 14334.
num_inconsistent_stats: 0.

CodeHeap 'non-profiled nmethods': size=119168Kb used=30447Kb max_used=38426Kb free=88720Kb
 bounds [0x0000021be9dc0000, 0x0000021bec350000, 0x0000021bf1220000]
CodeHeap 'profiled nmethods': size=119104Kb used=65911Kb max_used=95776Kb free=53192Kb
 bounds [0x0000021be2220000, 0x0000021be7fb0000, 0x0000021be9670000]
CodeHeap 'non-nmethods': size=7488Kb used=4571Kb max_used=4637Kb free=2916Kb
 bounds [0x0000021be9670000, 0x0000021be9b20000, 0x0000021be9dc0000]
 total_blobs=31352 nmethods=29959 adapters=1290
 compilation: enabled
              stopped_count=0, restarted_count=0
 full_count=0

Compilation events (20 events):
Event: 8609.362 Thread 0x0000021bd651afa0 nmethod 157804 0x0000021be2860890 code [0x0000021be2860aa0, 0x0000021be2860de8]
Event: 8609.365 Thread 0x0000021bd6517ff0 157809       1       com.sun.org.apache.xerces.internal.dom.CoreDocumentImpl::isXML11Version (5 bytes)
Event: 8609.366 Thread 0x0000021bf7256db0 157810       2       com.sun.org.apache.xerces.internal.dom.ElementNSImpl::setPrefix (206 bytes)
Event: 8609.366 Thread 0x0000021bd6517ff0 nmethod 157809 0x0000021bea9b2390 code [0x0000021bea9b2520, 0x0000021bea9b25f0]
Event: 8609.368 Thread 0x0000021bd6517920 nmethod 157805 0x0000021be4df5e10 code [0x0000021be4df61e0, 0x0000021be4df6fc0]
Event: 8609.376 Thread 0x0000021bd6517920 157812       3       com.android.ide.common.resources.ResourceMergerItem::getDetailsXml (9 bytes)
Event: 8609.376 Thread 0x0000021bd6517ff0 157813       2       com.android.ide.common.resources.DataFile::getItems (10 bytes)
Event: 8609.377 Thread 0x0000021bd6517ff0 nmethod 157813 0x0000021be6fbba90 code [0x0000021be6fbbc40, 0x0000021be6fbbd78]
Event: 8609.377 Thread 0x0000021bd6517920 nmethod 157812 0x0000021be3fd8490 code [0x0000021be3fd8660, 0x0000021be3fd8848]
Event: 8609.378 Thread 0x0000021bf7256db0 nmethod 157810 0x0000021be33eef10 code [0x0000021be33ef280, 0x0000021be33efec8]
Event: 8609.378 Thread 0x0000021bf7252520 nmethod 156524 0x0000021bead82610 code [0x0000021bead827c0, 0x0000021bead829f8]
Event: 8609.382 Thread 0x0000021bd6517ff0 157814       3       com.android.ide.common.resources.NodeUtils::duplicateNode (315 bytes)
Event: 8609.384 Thread 0x0000021bf7252520 157811       4       com.sun.org.apache.xerces.internal.dom.CoreDocumentImpl::createElement (47 bytes)
Event: 8609.391 Thread 0x0000021bd6517ff0 nmethod 157814 0x0000021be3036f10 code [0x0000021be30373c0, 0x0000021be3039d88]
Event: 8609.396 Thread 0x0000021bd6517920 157816       2       com.android.ide.common.resources.DataFile::hasNotRemovedItems (48 bytes)
Event: 8609.396 Thread 0x0000021bf7256db0 157817       2       com.android.ide.common.resources.DataSet::createFileElement (81 bytes)
Event: 8609.396 Thread 0x0000021bd651afa0 157818       2       com.android.ide.common.resources.ResourceFile::addExtraAttributes (33 bytes)
Event: 8609.398 Thread 0x0000021bd651afa0 nmethod 157818 0x0000021be3036a10 code [0x0000021be3036be0, 0x0000021be3036dc0]
Event: 8609.398 Thread 0x0000021bd6517920 nmethod 157816 0x0000021be30b6f10 code [0x0000021be30b7100, 0x0000021be30b73c0]
Event: 8609.400 Thread 0x0000021bf7256db0 nmethod 157817 0x0000021be3ad7f90 code [0x0000021be3ad81c0, 0x0000021be3ad85c0]

GC Heap History (20 events):
Event: 7830.901 GC heap after
{Heap after GC invocations=529 (full 2):
 garbage-first heap   total 723968K, used 370680K [0x0000000080000000, 0x0000000100000000)
  region size 1024K, 8 young (8192K), 8 survivors (8192K)
 Metaspace       used 400699K, committed 403712K, reserved 1441792K
  class space    used 49377K, committed 51008K, reserved 1048576K
}
Event: 7842.683 GC heap before
{Heap before GC invocations=529 (full 2):
 garbage-first heap   total 723968K, used 535544K [0x0000000080000000, 0x0000000100000000)
  region size 1024K, 170 young (174080K), 8 survivors (8192K)
 Metaspace       used 400761K, committed 403712K, reserved 1441792K
  class space    used 49391K, committed 51008K, reserved 1048576K
}
Event: 7842.736 GC heap after
{Heap after GC invocations=530 (full 2):
 garbage-first heap   total 723968K, used 372824K [0x0000000080000000, 0x0000000100000000)
  region size 1024K, 12 young (12288K), 12 survivors (12288K)
 Metaspace       used 400761K, committed 403712K, reserved 1441792K
  class space    used 49391K, committed 51008K, reserved 1048576K
}
Event: 8592.154 GC heap before
{Heap before GC invocations=530 (full 2):
 garbage-first heap   total 723968K, used 584792K [0x0000000080000000, 0x0000000100000000)
  region size 1024K, 219 young (224256K), 12 survivors (12288K)
 Metaspace       used 404044K, committed 406656K, reserved 1441792K
  class space    used 49862K, committed 51136K, reserved 1048576K
}
Event: 8592.457 GC heap after
{Heap after GC invocations=531 (full 2):
 garbage-first heap   total 723968K, used 379412K [0x0000000080000000, 0x0000000100000000)
  region size 1024K, 22 young (22528K), 22 survivors (22528K)
 Metaspace       used 404044K, committed 406656K, reserved 1441792K
  class space    used 49862K, committed 51136K, reserved 1048576K
}
Event: 8595.847 GC heap before
{Heap before GC invocations=531 (full 2):
 garbage-first heap   total 723968K, used 446996K [0x0000000080000000, 0x0000000100000000)
  region size 1024K, 88 young (90112K), 22 survivors (22528K)
 Metaspace       used 405471K, committed 408064K, reserved 1441792K
  class space    used 50073K, committed 51392K, reserved 1048576K
}
Event: 8595.929 GC heap after
{Heap after GC invocations=532 (full 2):
 garbage-first heap   total 723968K, used 383890K [0x0000000080000000, 0x0000000100000000)
  region size 1024K, 8 young (8192K), 8 survivors (8192K)
 Metaspace       used 405471K, committed 408064K, reserved 1441792K
  class space    used 50073K, committed 51392K, reserved 1048576K
}
Event: 8600.720 GC heap before
{Heap before GC invocations=532 (full 2):
 garbage-first heap   total 723968K, used 569234K [0x0000000080000000, 0x0000000100000000)
  region size 1024K, 190 young (194560K), 8 survivors (8192K)
 Metaspace       used 408457K, committed 411328K, reserved 1441792K
  class space    used 50443K, committed 51904K, reserved 1048576K
}
Event: 8600.798 GC heap after
{Heap after GC invocations=533 (full 2):
 garbage-first heap   total 723968K, used 398679K [0x0000000080000000, 0x0000000100000000)
  region size 1024K, 24 young (24576K), 24 survivors (24576K)
 Metaspace       used 408457K, committed 411328K, reserved 1441792K
  class space    used 50443K, committed 51904K, reserved 1048576K
}
Event: 8601.389 GC heap before
{Heap before GC invocations=533 (full 2):
 garbage-first heap   total 723968K, used 537943K [0x0000000080000000, 0x0000000100000000)
  region size 1024K, 159 young (162816K), 24 survivors (24576K)
 Metaspace       used 409180K, committed 412096K, reserved 1441792K
  class space    used 50545K, committed 52032K, reserved 1048576K
}
Event: 8601.450 GC heap after
{Heap after GC invocations=534 (full 2):
 garbage-first heap   total 723968K, used 401541K [0x0000000080000000, 0x0000000100000000)
  region size 1024K, 5 young (5120K), 5 survivors (5120K)
 Metaspace       used 409180K, committed 412096K, reserved 1441792K
  class space    used 50545K, committed 52032K, reserved 1048576K
}
Event: 8603.159 GC heap before
{Heap before GC invocations=534 (full 2):
 garbage-first heap   total 723968K, used 636037K [0x0000000080000000, 0x0000000100000000)
  region size 1024K, 235 young (240640K), 5 survivors (5120K)
 Metaspace       used 414885K, committed 417792K, reserved 1441792K
  class space    used 51322K, committed 52800K, reserved 1048576K
}
Event: 8603.230 GC heap after
{Heap after GC invocations=535 (full 2):
 garbage-first heap   total 723968K, used 421257K [0x0000000080000000, 0x0000000100000000)
  region size 1024K, 25 young (25600K), 25 survivors (25600K)
 Metaspace       used 414885K, committed 417792K, reserved 1441792K
  class space    used 51322K, committed 52800K, reserved 1048576K
}
Event: 8604.374 GC heap before
{Heap before GC invocations=535 (full 2):
 garbage-first heap   total 723968K, used 618889K [0x0000000080000000, 0x0000000100000000)
  region size 1024K, 219 young (224256K), 25 survivors (25600K)
 Metaspace       used 417815K, committed 420672K, reserved 1441792K
  class space    used 51806K, committed 53248K, reserved 1048576K
}
Event: 8604.481 GC heap after
{Heap after GC invocations=536 (full 2):
 garbage-first heap   total 723968K, used 460503K [0x0000000080000000, 0x0000000100000000)
  region size 1024K, 28 young (28672K), 28 survivors (28672K)
 Metaspace       used 417815K, committed 420672K, reserved 1441792K
  class space    used 51806K, committed 53248K, reserved 1048576K
}
Event: 8605.203 GC heap before
{Heap before GC invocations=536 (full 2):
 garbage-first heap   total 723968K, used 572119K [0x0000000080000000, 0x0000000100000000)
  region size 1024K, 136 young (139264K), 28 survivors (28672K)
 Metaspace       used 418304K, committed 421120K, reserved 1441792K
  class space    used 51878K, committed 53312K, reserved 1048576K
}
Event: 8605.284 GC heap after
{Heap after GC invocations=537 (full 2):
 garbage-first heap   total 723968K, used 484984K [0x0000000080000000, 0x0000000100000000)
  region size 1024K, 17 young (17408K), 17 survivors (17408K)
 Metaspace       used 418304K, committed 421120K, reserved 1441792K
  class space    used 51878K, committed 53312K, reserved 1048576K
}
Event: 8606.400 GC heap before
{Heap before GC invocations=537 (full 2):
 garbage-first heap   total 723968K, used 647800K [0x0000000080000000, 0x0000000100000000)
  region size 1024K, 174 young (178176K), 17 survivors (17408K)
 Metaspace       used 421961K, committed 424832K, reserved 1441792K
  class space    used 52474K, committed 53952K, reserved 1048576K
}
Event: 8606.446 GC heap after
{Heap after GC invocations=538 (full 2):
 garbage-first heap   total 723968K, used 519161K [0x0000000080000000, 0x0000000100000000)
  region size 1024K, 22 young (22528K), 22 survivors (22528K)
 Metaspace       used 421961K, committed 424832K, reserved 1441792K
  class space    used 52474K, committed 53952K, reserved 1048576K
}
Event: 8609.433 GC heap before
{Heap before GC invocations=538 (full 2):
 garbage-first heap   total 800768K, used 609273K [0x0000000080000000, 0x0000000100000000)
  region size 1024K, 152 young (155648K), 22 survivors (22528K)
 Metaspace       used 425859K, committed 428672K, reserved 1441792K
  class space    used 53163K, committed 54592K, reserved 1048576K
}

Dll operation events (16 events):
Event: 0.085 Loaded shared library C:\Users\LENOVO\.gradle\jdks\eclipse_adoptium-21-amd64-windows.2\bin\java.dll
Event: 0.112 Loaded shared library C:\Users\LENOVO\.gradle\jdks\eclipse_adoptium-21-amd64-windows.2\bin\jsvml.dll
Event: 0.209 Loaded shared library C:\Users\LENOVO\.gradle\jdks\eclipse_adoptium-21-amd64-windows.2\bin\zip.dll
Event: 0.212 Loaded shared library C:\Users\LENOVO\.gradle\jdks\eclipse_adoptium-21-amd64-windows.2\bin\instrument.dll
Event: 0.308 Loaded shared library C:\Users\LENOVO\.gradle\jdks\eclipse_adoptium-21-amd64-windows.2\bin\net.dll
Event: 0.403 Loaded shared library C:\Users\LENOVO\.gradle\jdks\eclipse_adoptium-21-amd64-windows.2\bin\nio.dll
Event: 0.407 Loaded shared library C:\Users\LENOVO\.gradle\jdks\eclipse_adoptium-21-amd64-windows.2\bin\zip.dll
Event: 0.611 Loaded shared library C:\Users\LENOVO\.gradle\jdks\eclipse_adoptium-21-amd64-windows.2\bin\jimage.dll
Event: 0.890 Loaded shared library C:\Users\LENOVO\.gradle\jdks\eclipse_adoptium-21-amd64-windows.2\bin\verify.dll
Event: 0.928 Loaded shared library C:\Users\LENOVO\.gradle\native\660c5614fbf4a5f2a75b1949f50a0caf5cd603558e7d8a26e50b933a0cfb79d1\windows-amd64\native-platform.dll
Event: 0.941 Loaded shared library C:\Users\LENOVO\.gradle\native\0.2.8\x86_64-windows-gnu\gradle-fileevents.dll
Event: 1.822 Loaded shared library C:\Users\LENOVO\.gradle\jdks\eclipse_adoptium-21-amd64-windows.2\bin\management.dll
Event: 1.885 Loaded shared library C:\Users\LENOVO\.gradle\jdks\eclipse_adoptium-21-amd64-windows.2\bin\management_ext.dll
Event: 2.108 Loaded shared library C:\Users\LENOVO\.gradle\jdks\eclipse_adoptium-21-amd64-windows.2\bin\extnet.dll
Event: 2.559 Loaded shared library C:\Users\LENOVO\.gradle\jdks\eclipse_adoptium-21-amd64-windows.2\bin\sunmscapi.dll
Event: 904.042 Loaded shared library C:\Users\LENOVO\.gradle\jdks\eclipse_adoptium-21-amd64-windows.2\bin\rmi.dll

Deoptimization events (20 events):
Event: 8606.294 Thread 0x0000021c0c3a6df0 DEOPT PACKING pc=0x0000021be7533b89 sp=0x000000ed49ffaab0
Event: 8606.294 Thread 0x0000021c0c3a6df0 DEOPT UNPACKING pc=0x0000021be96c4e42 sp=0x000000ed49ff9fb0 mode 0
Event: 8608.517 Thread 0x0000021c0b504a30 DEOPT PACKING pc=0x0000021be3bdf98d sp=0x000000ed46afa450
Event: 8608.521 Thread 0x0000021c0b504a30 DEOPT UNPACKING pc=0x0000021be96c4e42 sp=0x000000ed46af9b88 mode 0
Event: 8608.580 Thread 0x0000021c0c3a1210 DEOPT PACKING pc=0x0000021be3bdf98d sp=0x000000ed462fa440
Event: 8608.580 Thread 0x0000021c0c3a1210 DEOPT UNPACKING pc=0x0000021be96c4e42 sp=0x000000ed462f9b78 mode 0
Event: 8608.608 Thread 0x0000021c0b504a30 DEOPT PACKING pc=0x0000021be3bdf98d sp=0x000000ed46afa450
Event: 8608.608 Thread 0x0000021c0b504a30 DEOPT UNPACKING pc=0x0000021be96c4e42 sp=0x000000ed46af9b88 mode 0
Event: 8608.614 Thread 0x0000021c0c3a6df0 Uncommon trap: trap_request=0xffffff6e fr.pc=0x0000021beb250688 relative=0x00000000000001c8
Event: 8608.614 Thread 0x0000021c0c3a6df0 Uncommon trap: reason=loop_limit_check action=maybe_recompile pc=0x0000021beb250688 method=com.sun.org.apache.xerces.internal.dom.AttributeMap.reconcileDefaults(Lcom/sun/org/apache/xerces/internal/dom/NamedNodeMapImpl;)V @ 26 c2
Event: 8608.615 Thread 0x0000021c0c3a6df0 DEOPT PACKING pc=0x0000021beb250688 sp=0x000000ed49ffae90
Event: 8608.615 Thread 0x0000021c0c3a6df0 DEOPT UNPACKING pc=0x0000021be96c46a2 sp=0x000000ed49ffae00 mode 2
Event: 8608.642 Thread 0x0000021bfe804b30 DEOPT PACKING pc=0x0000021be3bdf98d sp=0x000000ed48bf7a70
Event: 8608.642 Thread 0x0000021bfe804b30 DEOPT UNPACKING pc=0x0000021be96c4e42 sp=0x000000ed48bf71a8 mode 0
Event: 8608.668 Thread 0x0000021bfe804b30 DEOPT PACKING pc=0x0000021be3bdf60f sp=0x000000ed48bf7a10
Event: 8608.669 Thread 0x0000021bfe804b30 DEOPT UNPACKING pc=0x0000021be96c4e42 sp=0x000000ed48bf7148 mode 0
Event: 8608.697 Thread 0x0000021c0b504a30 DEOPT PACKING pc=0x0000021be3bdfa87 sp=0x000000ed46afa450
Event: 8608.697 Thread 0x0000021c0b504a30 DEOPT UNPACKING pc=0x0000021be96c4e42 sp=0x000000ed46af9b88 mode 0
Event: 8608.964 Thread 0x0000021c0c3a6df0 DEOPT PACKING pc=0x0000021be26531dd sp=0x000000ed49ffaea0
Event: 8608.965 Thread 0x0000021c0c3a6df0 DEOPT UNPACKING pc=0x0000021be96c4e42 sp=0x000000ed49ffa3a8 mode 0

Classes loaded (20 events):
Event: 2424.819 Loading class java/lang/ClassLoaderCustomizer
Event: 2424.819 Loading class java/lang/ClassLoaderCustomizer done
Event: 2424.820 Loading class java/lang/ClassLoaderCustomizer
Event: 2424.820 Loading class java/lang/ClassLoaderCustomizer done
Event: 2424.824 Loading class java/security/SecureClassLoaderCustomizer
Event: 2424.824 Loading class java/security/SecureClassLoaderCustomizer done
Event: 2424.824 Loading class java/security/SecureClassLoaderCustomizer
Event: 2424.824 Loading class java/security/SecureClassLoaderCustomizer done
Event: 2424.825 Loading class java/net/URLClassLoaderCustomizer
Event: 2424.825 Loading class java/net/URLClassLoaderCustomizer done
Event: 2424.825 Loading class java/net/URLClassLoaderCustomizer
Event: 2424.825 Loading class java/net/URLClassLoaderCustomizer done
Event: 2699.471 Loading class java/beans/ParameterDescriptor
Event: 2699.483 Loading class java/beans/ParameterDescriptor done
Event: 4052.984 Loading class java/rmi/server/Unreferenced
Event: 4052.989 Loading class java/rmi/server/Unreferenced done
Event: 4064.443 Loading class java/util/Collections$EmptyListIterator
Event: 4064.453 Loading class java/util/Collections$EmptyListIterator done
Event: 7793.077 Loading class sun/rmi/transport/ObjectTable$1
Event: 7793.140 Loading class sun/rmi/transport/ObjectTable$1 done

Classes unloaded (20 events):
Event: 8606.552 Thread 0x0000021bf71fab60 Unloading class 0x0000021b81758800 'jdk/internal/reflect/GeneratedSerializationConstructorAccessor1334'
Event: 8606.552 Thread 0x0000021bf71fab60 Unloading class 0x0000021b8174dc00 'jdk/internal/reflect/GeneratedSerializationConstructorAccessor1333'
Event: 8606.552 Thread 0x0000021bf71fab60 Unloading class 0x0000021b81743800 'jdk/internal/reflect/GeneratedSerializationConstructorAccessor1332'
Event: 8606.552 Thread 0x0000021bf71fab60 Unloading class 0x0000021b81738c00 'jdk/internal/reflect/GeneratedSerializationConstructorAccessor1331'
Event: 8606.552 Thread 0x0000021bf71fab60 Unloading class 0x0000021b81738400 'jdk/internal/reflect/GeneratedSerializationConstructorAccessor1330'
Event: 8606.552 Thread 0x0000021bf71fab60 Unloading class 0x0000021b81737c00 'jdk/internal/reflect/GeneratedSerializationConstructorAccessor1329'
Event: 8606.552 Thread 0x0000021bf71fab60 Unloading class 0x0000021b81489400 'jdk/internal/reflect/GeneratedSerializationConstructorAccessor1328'
Event: 8606.552 Thread 0x0000021bf71fab60 Unloading class 0x0000021b81488000 'jdk/internal/reflect/GeneratedSerializationConstructorAccessor1327'
Event: 8606.552 Thread 0x0000021bf71fab60 Unloading class 0x0000021b81484c00 'jdk/internal/reflect/GeneratedSerializationConstructorAccessor1326'
Event: 8606.552 Thread 0x0000021bf71fab60 Unloading class 0x0000021b8147b000 'jdk/internal/reflect/GeneratedSerializationConstructorAccessor1325'
Event: 8606.552 Thread 0x0000021bf71fab60 Unloading class 0x0000021b813eb000 'jdk/internal/reflect/GeneratedSerializationConstructorAccessor1323'
Event: 8606.552 Thread 0x0000021bf71fab60 Unloading class 0x0000021b813eac00 'jdk/internal/reflect/GeneratedSerializationConstructorAccessor1322'
Event: 8606.552 Thread 0x0000021bf71fab60 Unloading class 0x0000021b813e9400 'jdk/internal/reflect/GeneratedSerializationConstructorAccessor1321'
Event: 8606.552 Thread 0x0000021bf71fab60 Unloading class 0x0000021b8137d000 'java/lang/invoke/LambdaForm$MH+0x0000021b8137d000'
Event: 8606.552 Thread 0x0000021bf71fab60 Unloading class 0x0000021b81332c00 'java/lang/invoke/LambdaForm$MH+0x0000021b81332c00'
Event: 8606.553 Thread 0x0000021bf71fab60 Unloading class 0x0000021b8131d400 'java/lang/invoke/LambdaForm$MH+0x0000021b8131d400'
Event: 8606.553 Thread 0x0000021bf71fab60 Unloading class 0x0000021b83551800 'java/lang/invoke/LambdaForm$MH+0x0000021b83551800'
Event: 8606.553 Thread 0x0000021bf71fab60 Unloading class 0x0000021b832e9000 'java/lang/invoke/LambdaForm$MH+0x0000021b832e9000'
Event: 8606.553 Thread 0x0000021bf71fab60 Unloading class 0x0000021b832e8400 'java/lang/invoke/LambdaForm$MH+0x0000021b832e8400'
Event: 8606.553 Thread 0x0000021bf71fab60 Unloading class 0x0000021b822b8800 'java/lang/invoke/LambdaForm$MH+0x0000021b822b8800'

Classes redefined (0 events):
No events

Internal exceptions (20 events):
Event: 8604.206 Thread 0x0000021c0b503680 Exception <a 'java/io/FileNotFoundException'{0x00000000a8942640}> (0x00000000a8942640) 
thrown [s\src\hotspot\share\prims\jni.cpp, line 520]
Event: 8604.226 Thread 0x0000021c0b503680 Exception <a 'sun/nio/fs/WindowsException'{0x00000000a188ecf0}> (0x00000000a188ecf0) 
thrown [s\src\hotspot\share\prims\jni.cpp, line 520]
Event: 8604.226 Thread 0x0000021c0b503680 Exception <a 'sun/nio/fs/WindowsException'{0x00000000a188eea0}> (0x00000000a188eea0) 
thrown [s\src\hotspot\share\prims\jni.cpp, line 520]
Event: 8604.314 Thread 0x0000021c0c39dd90 Exception <a 'sun/nio/fs/WindowsException'{0x00000000a891e570}> (0x00000000a891e570) 
thrown [s\src\hotspot\share\prims\jni.cpp, line 520]
Event: 8604.322 Thread 0x0000021c0c39dd90 Exception <a 'java/io/FileNotFoundException'{0x00000000a892b6e0}> (0x00000000a892b6e0) 
thrown [s\src\hotspot\share\prims\jni.cpp, line 520]
Event: 8604.338 Thread 0x0000021c0c39dd90 Exception <a 'sun/nio/fs/WindowsException'{0x00000000a06a1580}> (0x00000000a06a1580) 
thrown [s\src\hotspot\share\prims\jni.cpp, line 520]
Event: 8604.338 Thread 0x0000021c0c39dd90 Exception <a 'sun/nio/fs/WindowsException'{0x00000000a06a1730}> (0x00000000a06a1730) 
thrown [s\src\hotspot\share\prims\jni.cpp, line 520]
Event: 8604.564 Thread 0x0000021c0c3a6760 Exception <a 'sun/nio/fs/WindowsException'{0x00000000ac1be308}> (0x00000000ac1be308) 
thrown [s\src\hotspot\share\prims\jni.cpp, line 520]
Event: 8604.572 Thread 0x0000021c0c3a6760 Exception <a 'sun/nio/fs/WindowsException'{0x00000000ac1bf738}> (0x00000000ac1bf738) 
thrown [s\src\hotspot\share\prims\jni.cpp, line 520]
Event: 8604.846 Thread 0x0000021c0b5043a0 Exception <a 'sun/nio/fs/WindowsException'{0x00000000a8df7e48}> (0x00000000a8df7e48) 
thrown [s\src\hotspot\share\prims\jni.cpp, line 520]
Event: 8604.862 Thread 0x0000021c0b5043a0 Exception <a 'java/io/FileNotFoundException'{0x00000000a8911138}> (0x00000000a8911138) 
thrown [s\src\hotspot\share\prims\jni.cpp, line 520]
Event: 8604.897 Thread 0x0000021c0b5043a0 Exception <a 'sun/nio/fs/WindowsException'{0x00000000a85658a8}> (0x00000000a85658a8) 
thrown [s\src\hotspot\share\prims\jni.cpp, line 520]
Event: 8604.897 Thread 0x0000021c0b5043a0 Exception <a 'sun/nio/fs/WindowsException'{0x00000000a8565a58}> (0x00000000a8565a58) 
thrown [s\src\hotspot\share\prims\jni.cpp, line 520]
Event: 8605.077 Thread 0x0000021bfe806c00 Exception <a 'java/lang/NoSuchMethodError'{0x00000000a6b91600}: static Ljava/lang/Object;.<clinit>()V> (0x00000000a6b91600) 
thrown [s\src\hotspot\share\prims\jni.cpp, line 1111]
Event: 8605.354 Thread 0x0000021c0b5043a0 Exception <a 'sun/nio/fs/WindowsException'{0x00000000ab3bf6c8}> (0x00000000ab3bf6c8) 
thrown [s\src\hotspot\share\prims\jni.cpp, line 520]
Event: 8605.361 Thread 0x0000021c0b5043a0 Exception <a 'java/io/FileNotFoundException'{0x00000000ab02f3d0}> (0x00000000ab02f3d0) 
thrown [s\src\hotspot\share\prims\jni.cpp, line 520]
Event: 8605.389 Thread 0x0000021bfe806c00 Exception <a 'sun/nio/fs/WindowsException'{0x00000000aabc6328}> (0x00000000aabc6328) 
thrown [s\src\hotspot\share\prims\jni.cpp, line 520]
Event: 8605.402 Thread 0x0000021bfe806c00 Exception <a 'java/io/FileNotFoundException'{0x00000000aabce958}> (0x00000000aabce958) 
thrown [s\src\hotspot\share\prims\jni.cpp, line 520]
Event: 8608.313 Thread 0x0000021c0c3a60d0 Exception <a 'java/lang/IncompatibleClassChangeError'{0x00000000abc88480}: Found class java.lang.Object, but interface was expected> (0x00000000abc88480) 
thrown [s\src\hotspot\share\interpreter\linkResolver.cpp, line 840]
Event: 8608.316 Thread 0x0000021c0c3a60d0 Exception <a 'java/lang/IncompatibleClassChangeError'{0x00000000abc8cb20}: Found class java.lang.Object, but interface was expected> (0x00000000abc8cb20) 
thrown [s\src\hotspot\share\interpreter\linkResolver.cpp, line 840]

ZGC Phase Switch (0 events):
No events

VM Operations (20 events):
Event: 8606.320 Executing VM operation: HandshakeAllThreads (Deoptimize) done
Event: 8606.320 Executing VM operation: Cleanup
Event: 8606.338 Executing VM operation: Cleanup done
Event: 8606.399 Executing VM operation: G1CollectForAllocation (G1 Evacuation Pause)
Event: 8606.446 Executing VM operation: G1CollectForAllocation (G1 Evacuation Pause) done
Event: 8606.463 Executing VM operation: HandshakeAllThreads (Deoptimize)
Event: 8606.466 Executing VM operation: HandshakeAllThreads (Deoptimize) done
Event: 8606.491 Executing VM operation: HandshakeAllThreads (Deoptimize)
Event: 8606.496 Executing VM operation: HandshakeAllThreads (Deoptimize) done
Event: 8606.536 Executing VM operation: G1PauseRemark
Event: 8608.213 Executing VM operation: G1PauseRemark done
Event: 8608.308 Executing VM operation: HandshakeAllThreads (Deoptimize)
Event: 8608.316 Executing VM operation: HandshakeAllThreads (Deoptimize) done
Event: 8608.361 Executing VM operation: HandshakeAllThreads (Deoptimize)
Event: 8608.632 Executing VM operation: HandshakeAllThreads (Deoptimize) done
Event: 8608.647 Executing VM operation: HandshakeAllThreads (Deoptimize)
Event: 8608.658 Executing VM operation: HandshakeAllThreads (Deoptimize) done
Event: 8609.414 Executing VM operation: ICBufferFull
Event: 8609.422 Executing VM operation: ICBufferFull done
Event: 8609.424 Executing VM operation: G1CollectForAllocation (G1 Evacuation Pause)

Memory protections (0 events):
No events

Nmethod flushes (20 events):
Event: 8608.079 Thread 0x0000021bf71fab60 flushing  nmethod 0x0000021be73d2490
Event: 8608.079 Thread 0x0000021bf71fab60 flushing  nmethod 0x0000021be73d3110
Event: 8608.079 Thread 0x0000021bf71fab60 flushing  nmethod 0x0000021be73d3510
Event: 8608.079 Thread 0x0000021bf71fab60 flushing  nmethod 0x0000021be73d3b10
Event: 8608.079 Thread 0x0000021bf71fab60 flushing  nmethod 0x0000021be73d4090
Event: 8608.079 Thread 0x0000021bf71fab60 flushing  nmethod 0x0000021be73d4d10
Event: 8608.079 Thread 0x0000021bf71fab60 flushing  nmethod 0x0000021be73d5190
Event: 8608.079 Thread 0x0000021bf71fab60 flushing  nmethod 0x0000021be73d5710
Event: 8608.079 Thread 0x0000021bf71fab60 flushing  nmethod 0x0000021be7456310
Event: 8608.079 Thread 0x0000021bf71fab60 flushing  nmethod 0x0000021be7458f10
Event: 8608.079 Thread 0x0000021bf71fab60 flushing  nmethod 0x0000021be7460f90
Event: 8608.079 Thread 0x0000021bf71fab60 flushing  nmethod 0x0000021be7461690
Event: 8608.079 Thread 0x0000021bf71fab60 flushing  nmethod 0x0000021be7462010
Event: 8608.079 Thread 0x0000021bf71fab60 flushing  nmethod 0x0000021be7462810
Event: 8608.079 Thread 0x0000021bf71fab60 flushing  nmethod 0x0000021be7463210
Event: 8608.079 Thread 0x0000021bf71fab60 flushing  nmethod 0x0000021be7463590
Event: 8608.079 Thread 0x0000021bf71fab60 flushing  nmethod 0x0000021be7463910
Event: 8608.080 Thread 0x0000021bf71fab60 flushing  nmethod 0x0000021be775c510
Event: 8608.080 Thread 0x0000021bf71fab60 flushing  nmethod 0x0000021be7b06b10
Event: 8608.080 Thread 0x0000021bf71fab60 flushing  nmethod 0x0000021be7cab190

Events (20 events):
Event: 8602.257 Thread 0x0000021c04c96380 Thread added: 0x0000021bd4409130
Event: 8602.433 Thread 0x0000021c0e400c70 Thread added: 0x0000021c0b0efe50
Event: 8602.476 Thread 0x0000021c0e400c70 Thread added: 0x0000021c04af10c0
Event: 8603.141 Thread 0x0000021c0c3a60d0 Thread added: 0x0000021bc4c3f2b0
Event: 8603.148 Thread 0x0000021bc4c3f2b0 Thread added: 0x0000021bfc7dca30
Event: 8603.149 Thread 0x0000021bfc7dca30 Thread added: 0x0000021c0e401300
Event: 8603.150 Thread 0x0000021c0e401300 Thread added: 0x0000021c065c0ab0
Event: 8603.151 Thread 0x0000021c065c0ab0 Thread added: 0x0000021c0f2da800
Event: 8603.153 Thread 0x0000021c0f2da800 Thread added: 0x0000021c065c17d0
Event: 8603.154 Thread 0x0000021c065c17d0 Thread added: 0x0000021c0e401990
Event: 8603.156 Thread 0x0000021c0e401990 Thread added: 0x0000021c0c3a7480
Event: 8603.232 Thread 0x0000021c0c3a7480 Thread added: 0x0000021c04c92f00
Event: 8603.234 Thread 0x0000021c0c3a60d0 Thread added: 0x0000021c0db851c0
Event: 8603.236 Thread 0x0000021c04c92f00 Thread added: 0x0000021c0d6fb430
Event: 8603.236 Thread 0x0000021c0db851c0 Thread added: 0x0000021c04c93590
Event: 8603.237 Thread 0x0000021c04c93590 Thread added: 0x0000021c0c3a4000
Event: 8603.240 Thread 0x0000021c0d6fb430 Thread added: 0x0000021bd44097c0
Event: 8603.241 Thread 0x0000021c0c3a4000 Thread added: 0x0000021c0c3a7b10
Event: 8603.244 Thread 0x0000021bd44097c0 Thread added: 0x0000021c0c3a4690
Event: 8604.512 Thread 0x0000021c0db84b30 Thread exited: 0x0000021c0db84b30


Dynamic libraries:
0x00007ff75e090000 - 0x00007ff75e09e000 	C:\Users\LENOVO\.gradle\jdks\eclipse_adoptium-21-amd64-windows.2\bin\java.exe
0x00007ffbb8960000 - 0x00007ffbb8bc6000 	C:\Windows\SYSTEM32\ntdll.dll
0x00007ffbb7060000 - 0x00007ffbb7129000 	C:\Windows\System32\KERNEL32.DLL
0x00007ffbb5fb0000 - 0x00007ffbb63ae000 	C:\Windows\System32\KERNELBASE.dll
0x00007ffbb63c0000 - 0x00007ffbb650c000 	C:\Windows\System32\ucrtbase.dll
0x00007ffba2c50000 - 0x00007ffba2c68000 	C:\Users\LENOVO\.gradle\jdks\eclipse_adoptium-21-amd64-windows.2\bin\jli.dll
0x00007ffba2e10000 - 0x00007ffba2e2e000 	C:\Users\LENOVO\.gradle\jdks\eclipse_adoptium-21-amd64-windows.2\bin\VCRUNTIME140.dll
0x00007ffbb8640000 - 0x00007ffbb8807000 	C:\Windows\System32\USER32.dll
0x00007ffbb5ec0000 - 0x00007ffbb5ee7000 	C:\Windows\System32\win32u.dll
0x00007ffba0070000 - 0x00007ffba0302000 	C:\Windows\WinSxS\amd64_microsoft.windows.common-controls_6595b64144ccf1df_6.0.26100.8875_none_3e0d5d42e32fe9dd\COMCTL32.dll
0x00007ffbb84f0000 - 0x00007ffbb851b000 	C:\Windows\System32\GDI32.dll
0x00007ffbb8370000 - 0x00007ffbb8419000 	C:\Windows\System32\msvcrt.dll
0x00007ffbb5b80000 - 0x00007ffbb5caa000 	C:\Windows\System32\gdi32full.dll
0x00007ffbb6520000 - 0x00007ffbb65c3000 	C:\Windows\System32\msvcp_win.dll
0x00007ffbb6880000 - 0x00007ffbb68b2000 	C:\Windows\System32\IMM32.DLL
0x00007ffba4980000 - 0x00007ffba498c000 	C:\Users\LENOVO\.gradle\jdks\eclipse_adoptium-21-amd64-windows.2\bin\vcruntime140_1.dll
0x00007ffb8e1e0000 - 0x00007ffb8e26d000 	C:\Users\LENOVO\.gradle\jdks\eclipse_adoptium-21-amd64-windows.2\bin\msvcp140.dll
0x00007ffb52bf0000 - 0x00007ffb53980000 	C:\Users\LENOVO\.gradle\jdks\eclipse_adoptium-21-amd64-windows.2\bin\server\jvm.dll
0x00007ffbb7130000 - 0x00007ffbb71e7000 	C:\Windows\System32\ADVAPI32.dll
0x00007ffbb7620000 - 0x00007ffbb76ca000 	C:\Windows\System32\sechost.dll
0x00007ffbb8520000 - 0x00007ffbb8638000 	C:\Windows\System32\RPCRT4.dll
0x00007ffbb7400000 - 0x00007ffbb7480000 	C:\Windows\System32\WS2_32.dll
0x00007ffbb59e0000 - 0x00007ffbb5a3e000 	C:\Windows\SYSTEM32\POWRPROF.dll
0x00007ffba6fa0000 - 0x00007ffba6fab000 	C:\Windows\SYSTEM32\VERSION.dll
0x00007ffba9ab0000 - 0x00007ffba9ae6000 	C:\Windows\SYSTEM32\WINMM.dll
0x00007ffbb59c0000 - 0x00007ffbb59d4000 	C:\Windows\SYSTEM32\UMPDC.dll
0x00007ffbb4860000 - 0x00007ffbb487b000 	C:\Windows\SYSTEM32\kernel.appcore.dll
0x00007ffba3f30000 - 0x00007ffba3f3a000 	C:\Users\LENOVO\.gradle\jdks\eclipse_adoptium-21-amd64-windows.2\bin\jimage.dll
0x00007ffbb3190000 - 0x00007ffbb33d2000 	C:\Windows\SYSTEM32\DBGHELP.DLL
0x00007ffbb78c0000 - 0x00007ffbb7c43000 	C:\Windows\System32\combase.dll
0x00007ffbb7540000 - 0x00007ffbb7619000 	C:\Windows\System32\OLEAUT32.dll
0x00007ffb8dee0000 - 0x00007ffb8df1b000 	C:\Windows\SYSTEM32\dbgcore.DLL
0x00007ffbb65d0000 - 0x00007ffbb667c000 	C:\Windows\System32\bcryptPrimitives.dll
0x00007ffba3ad0000 - 0x00007ffba3adf000 	C:\Users\LENOVO\.gradle\jdks\eclipse_adoptium-21-amd64-windows.2\bin\instrument.dll
0x00007ffb9e5b0000 - 0x00007ffb9e5cf000 	C:\Users\LENOVO\.gradle\jdks\eclipse_adoptium-21-amd64-windows.2\bin\java.dll
0x00007ffbb68c0000 - 0x00007ffbb7052000 	C:\Windows\System32\SHELL32.dll
0x00007ffbb35f0000 - 0x00007ffbb3e82000 	C:\Windows\SYSTEM32\windows.storage.dll
0x00007ffbb8810000 - 0x00007ffbb8907000 	C:\Windows\System32\SHCORE.dll
0x00007ffbb7390000 - 0x00007ffbb73f7000 	C:\Windows\System32\shlwapi.dll
0x00007ffbb5aa0000 - 0x00007ffbb5ac9000 	C:\Windows\SYSTEM32\profapi.dll
0x00007ffb69bb0000 - 0x00007ffb69c87000 	C:\Users\LENOVO\.gradle\jdks\eclipse_adoptium-21-amd64-windows.2\bin\jsvml.dll
0x00007ffb9e590000 - 0x00007ffb9e5a8000 	C:\Users\LENOVO\.gradle\jdks\eclipse_adoptium-21-amd64-windows.2\bin\zip.dll
0x00007ffba3100000 - 0x00007ffba3110000 	C:\Users\LENOVO\.gradle\jdks\eclipse_adoptium-21-amd64-windows.2\bin\net.dll
0x00007ffbacd80000 - 0x00007ffbacea7000 	C:\Windows\SYSTEM32\WINHTTP.dll
0x00007ffbb4e10000 - 0x00007ffbb4e7c000 	C:\Windows\system32\mswsock.dll
0x00007ffb955c0000 - 0x00007ffb955d6000 	C:\Users\LENOVO\.gradle\jdks\eclipse_adoptium-21-amd64-windows.2\bin\nio.dll
0x00007ffba30e0000 - 0x00007ffba30f0000 	C:\Users\LENOVO\.gradle\jdks\eclipse_adoptium-21-amd64-windows.2\bin\verify.dll
0x00007ffba2f70000 - 0x00007ffba2f97000 	C:\Users\LENOVO\.gradle\native\660c5614fbf4a5f2a75b1949f50a0caf5cd603558e7d8a26e50b933a0cfb79d1\windows-amd64\native-platform.dll
0x00007ffb74c70000 - 0x00007ffb74ce7000 	C:\Users\LENOVO\.gradle\native\0.2.8\x86_64-windows-gnu\gradle-fileevents.dll
0x00007ffba2c40000 - 0x00007ffba2c4a000 	C:\Users\LENOVO\.gradle\jdks\eclipse_adoptium-21-amd64-windows.2\bin\management.dll
0x00007ffba2bf0000 - 0x00007ffba2bfb000 	C:\Users\LENOVO\.gradle\jdks\eclipse_adoptium-21-amd64-windows.2\bin\management_ext.dll
0x00007ffbb8420000 - 0x00007ffbb8428000 	C:\Windows\System32\PSAPI.DLL
0x00007ffbb4240000 - 0x00007ffbb4273000 	C:\Windows\SYSTEM32\IPHLPAPI.DLL
0x00007ffbb6870000 - 0x00007ffbb687a000 	C:\Windows\System32\NSI.dll
0x00007ffba2360000 - 0x00007ffba2369000 	C:\Users\LENOVO\.gradle\jdks\eclipse_adoptium-21-amd64-windows.2\bin\extnet.dll
0x00007ffbb5130000 - 0x00007ffbb514b000 	C:\Windows\SYSTEM32\CRYPTSP.dll
0x00007ffbb47c0000 - 0x00007ffbb47f9000 	C:\Windows\system32\rsaenh.dll
0x00007ffbb4ed0000 - 0x00007ffbb4f02000 	C:\Windows\SYSTEM32\USERENV.dll
0x00007ffbb5a70000 - 0x00007ffbb5a9a000 	C:\Windows\SYSTEM32\bcrypt.dll
0x00007ffbb5110000 - 0x00007ffbb511c000 	C:\Windows\SYSTEM32\CRYPTBASE.dll
0x00007ffba2320000 - 0x00007ffba232e000 	C:\Users\LENOVO\.gradle\jdks\eclipse_adoptium-21-amd64-windows.2\bin\sunmscapi.dll
0x00007ffbb5d40000 - 0x00007ffbb5eb8000 	C:\Windows\System32\CRYPT32.dll
0x00007ffbb5350000 - 0x00007ffbb5380000 	C:\Windows\SYSTEM32\ncrypt.dll
0x00007ffbb5300000 - 0x00007ffbb533f000 	C:\Windows\SYSTEM32\NTASN1.dll
0x00007ffba6060000 - 0x00007ffba6068000 	C:\Windows\system32\wshunix.dll
0x00007ffbb4990000 - 0x00007ffbb49c6000 	C:\Windows\SYSTEM32\ntmarta.dll
0x00007ffbb42e0000 - 0x00007ffbb4436000 	C:\Windows\SYSTEM32\DNSAPI.dll
0x00007ffbb4ba0000 - 0x00007ffbb4bad000 	C:\Windows\SYSTEM32\DSPARSE.dll
0x00007ffba9890000 - 0x00007ffba989b000 	C:\Windows\System32\rasadhlp.dll
0x00007ffbae910000 - 0x00007ffbae996000 	C:\Windows\System32\fwpuclnt.dll
0x00007ffbb24c0000 - 0x00007ffbb2560000 	C:\Windows\system32\apphelp.dll
0x00007ffba60d0000 - 0x00007ffba60e8000 	C:\Windows\system32\napinsp.dll
0x00007ffba3eb0000 - 0x00007ffba3ec3000 	C:\Windows\System32\winrnr.dll
0x00007ffba3aa0000 - 0x00007ffba3ac2000 	C:\Windows\system32\nlansp_c.dll
0x00007ffba9a90000 - 0x00007ffba9aa6000 	C:\Windows\system32\wshbth.dll
0x00007ffba7000000 - 0x00007ffba7007000 	C:\Users\LENOVO\.gradle\jdks\eclipse_adoptium-21-amd64-windows.2\bin\rmi.dll

dbghelp: loaded successfully - version: 4.0.5 - missing functions: none
symbol engine: initialized successfully - sym options: 0x614 - pdb path: .;C:\Users\LENOVO\.gradle\jdks\eclipse_adoptium-21-amd64-windows.2\bin;C:\Windows\SYSTEM32;C:\Windows\WinSxS\amd64_microsoft.windows.common-controls_6595b64144ccf1df_6.0.26100.8875_none_3e0d5d42e32fe9dd;C:\Users\LENOVO\.gradle\jdks\eclipse_adoptium-21-amd64-windows.2\bin\server;C:\Users\LENOVO\.gradle\native\660c5614fbf4a5f2a75b1949f50a0caf5cd603558e7d8a26e50b933a0cfb79d1\windows-amd64;C:\Users\LENOVO\.gradle\native\0.2.8\x86_64-windows-gnu

VM Arguments:
jvm_args: --add-opens=java.base/java.lang=ALL-UNNAMED --add-opens=java.base/java.lang.invoke=ALL-UNNAMED --add-opens=java.base/java.util=ALL-UNNAMED --add-opens=java.prefs/java.util.prefs=ALL-UNNAMED --add-exports=jdk.compiler/com.sun.tools.javac.api=ALL-UNNAMED --add-exports=jdk.compiler/com.sun.tools.javac.util=ALL-UNNAMED --add-opens=java.base/java.util=ALL-UNNAMED --add-opens=java.prefs/java.util.prefs=ALL-UNNAMED --add-opens=java.base/java.nio.charset=ALL-UNNAMED --add-opens=java.base/java.net=ALL-UNNAMED --add-opens=java.base/java.util.concurrent=ALL-UNNAMED --add-opens=java.base/java.util.concurrent.atomic=ALL-UNNAMED --add-opens=java.xml/javax.xml.namespace=ALL-UNNAMED --add-opens=java.base/java.time=ALL-UNNAMED -Xmx2048m -Dfile.encoding=UTF-8 -Duser.country=PH -Duser.language=en -Duser.variant -javaagent:C:\Users\LENOVO\.gradle\wrapper\dists\gradle-9.4.1-bin\arn2x92ynaizyzdaamcbpbhtj\gradle-9.4.1\lib\agents\gradle-instrumentation-agent-9.4.1.jar 
java_command: org.gradle.launcher.daemon.bootstrap.GradleDaemon 9.4.1
java_class_path (initial): C:\Users\LENOVO\.gradle\wrapper\dists\gradle-9.4.1-bin\arn2x92ynaizyzdaamcbpbhtj\gradle-9.4.1\lib\gradle-daemon-main-9.4.1.jar
Launcher Type: SUN_STANDARD

[Global flags]
     intx CICompilerCount                          = 12                                        {product} {ergonomic}
     uint ConcGCThreads                            = 3                                         {product} {ergonomic}
     uint G1ConcRefinementThreads                  = 13                                        {product} {ergonomic}
   size_t G1HeapRegionSize                         = 1048576                                   {product} {ergonomic}
    uintx GCDrainStackTargetSize                   = 64                                        {product} {ergonomic}
   size_t InitialHeapSize                          = 96468992                                  {product} {ergonomic}
   size_t MarkStackSize                            = 4194304                                   {product} {ergonomic}
   size_t MaxHeapSize                              = 2147483648                                {product} {command line}
   size_t MaxNewSize                               = 1287651328                                {product} {ergonomic}
   size_t MinHeapDeltaBytes                        = 1048576                                   {product} {ergonomic}
   size_t MinHeapSize                              = 8388608                                   {product} {ergonomic}
    uintx NonNMethodCodeHeapSize                   = 7602480                                {pd product} {ergonomic}
    uintx NonProfiledCodeHeapSize                  = 122027880                              {pd product} {ergonomic}
    uintx ProfiledCodeHeapSize                     = 122027880                              {pd product} {ergonomic}
    uintx ReservedCodeCacheSize                    = 251658240                              {pd product} {ergonomic}
     bool SegmentedCodeCache                       = true                                      {product} {ergonomic}
   size_t SoftMaxHeapSize                          = 2147483648                             {manageable} {ergonomic}
     bool UseCompressedOops                        = true                           {product lp64_product} {ergonomic}
     bool UseG1GC                                  = true                                      {product} {ergonomic}
     bool UseLargePagesIndividualAllocation        = false                                  {pd product} {ergonomic}

Logging:
Log output configuration:
 #0: stdout all=warning uptime,level,tags foldmultilines=false
 #1: stderr all=off uptime,level,tags foldmultilines=false

Environment Variables:
PATH=C:\Windows\system32;C:\Windows;C:\Windows\System32\Wbem;C:\Windows\System32\WindowsPowerShell\v1.0\;C:\Windows\System32\OpenSSH\;C:\Users\LENOVO\AppData\Local\Microsoft\WindowsApps;
USERNAME=LENOVO
OS=Windows_NT
PROCESSOR_IDENTIFIER=AMD64 Family 25 Model 68 Stepping 1, AuthenticAMD
TMP=C:\Users\LENOVO\AppData\Local\Temp
TEMP=C:\Users\LENOVO\AppData\Local\Temp




Periodic native trim disabled

---------------  S Y S T E M  ---------------

OS:
 Windows 11 , 64 bit Build 26100 (10.0.26100.8875)
OS uptime: 3 days 13:59 hours
Hyper-V role detected

CPU: total 16 (initial active 16) (16 cores per cpu, 2 threads per core) family 25 model 68 stepping 1 microcode 0xa404107, cx8, cmov, fxsr, ht, mmx, 3dnowpref, sse, sse2, sse3, ssse3, sse4a, sse4.1, sse4.2, popcnt, lzcnt, tsc, tscinvbit, avx, avx2, aes, erms, clmul, bmi1, bmi2, adx, sha, fma, vzeroupper, clflush, clflushopt, hv, rdtscp, rdpid, fsrm, f16c, cet_ss
Processor Information for processor 0
  Max Mhz: 3201, Current Mhz: 2560, Mhz Limit: 3201
Processor Information for processor 1
  Max Mhz: 3201, Current Mhz: 2560, Mhz Limit: 3201
Processor Information for processor 2
  Max Mhz: 3201, Current Mhz: 3201, Mhz Limit: 3201
Processor Information for processor 3
  Max Mhz: 3201, Current Mhz: 2560, Mhz Limit: 3201
Processor Information for processor 4
  Max Mhz: 3201, Current Mhz: 3201, Mhz Limit: 3201
Processor Information for processor 5
  Max Mhz: 3201, Current Mhz: 2560, Mhz Limit: 3201
Processor Information for processor 6
  Max Mhz: 3201, Current Mhz: 3201, Mhz Limit: 3201
Processor Information for processor 7
  Max Mhz: 3201, Current Mhz: 2560, Mhz Limit: 3201
Processor Information for processor 8
  Max Mhz: 3201, Current Mhz: 3201, Mhz Limit: 3201
Processor Information for processor 9
  Max Mhz: 3201, Current Mhz: 2560, Mhz Limit: 3201
Processor Information for processor 10
  Max Mhz: 3201, Current Mhz: 3201, Mhz Limit: 3201
Processor Information for processor 11
  Max Mhz: 3201, Current Mhz: 2560, Mhz Limit: 3201
Processor Information for processor 12
  Max Mhz: 3201, Current Mhz: 3201, Mhz Limit: 3201
Processor Information for processor 13
  Max Mhz: 3201, Current Mhz: 2560, Mhz Limit: 3201
Processor Information for processor 14
  Max Mhz: 3201, Current Mhz: 3201, Mhz Limit: 3201
Processor Information for processor 15
  Max Mhz: 3201, Current Mhz: 2560, Mhz Limit: 3201

Memory: 4k page, system-wide physical 5828M (189M free)
TotalPageFile size 24260M (AvailPageFile size 345M)
current process WorkingSet (physical memory assigned to process): 810M, peak: 1886M
current process commit charge ("private bytes"): 1790M, peak: 3209M

vm_info: OpenJDK 64-Bit Server VM (21.0.7+6-LTS) for windows-amd64 JRE (21.0.7+6-LTS), built on 2025-04-15T00:00:00Z by "admin" with MS VC++ 17.7 (VS2022)

END.
