#
# There is insufficient memory for the Java Runtime Environment to continue.
# Native memory allocation (mmap) failed to map 591396864 bytes. Error detail: G1 virtual space
# Possible reasons:
#   The system is out of physical RAM or swap space
#   This process is running with CompressedOops enabled, and the Java Heap may be blocking the growth of the native heap
# Possible solutions:
#   Reduce memory load on the system
#   Increase physical memory or swap space
#   Check if swap backing store is full
#   Decrease Java heap size (-Xmx/-Xms)
#   Decrease number of Java threads
#   Decrease Java thread stack sizes (-Xss)
#   Set larger code cache with -XX:ReservedCodeCacheSize=
#   JVM is running with Unscaled Compressed Oops mode in which the Java heap is
#     placed in the first 4GB address space. The Java Heap base address is the
#     maximum limit for the native heap growth. Please use -XX:HeapBaseMinAddress
#     to set the Java Heap base and to place the Java Heap above 4GB virtual address.
# This output file may be truncated or incomplete.
#
#  Out of Memory Error (os_windows.cpp:3686), pid=14728, tid=20468
#
# JRE version: OpenJDK Runtime Environment Temurin-21.0.7+6 (21.0.7+6) (build 21.0.7+6-LTS)
# Java VM: OpenJDK 64-Bit Server VM Temurin-21.0.7+6 (21.0.7+6-LTS, mixed mode, sharing, tiered, compressed oops, compressed class ptrs, g1 gc, windows-amd64)
# No core dump will be written. Minidumps are not enabled by default on client versions of Windows
#

---------------  S U M M A R Y ------------

Command Line: --add-opens=java.base/java.lang=ALL-UNNAMED --add-opens=java.base/java.lang.invoke=ALL-UNNAMED --add-opens=java.base/java.util=ALL-UNNAMED --add-opens=java.prefs/java.util.prefs=ALL-UNNAMED --add-exports=jdk.compiler/com.sun.tools.javac.api=ALL-UNNAMED --add-exports=jdk.compiler/com.sun.tools.javac.util=ALL-UNNAMED --add-opens=java.base/java.util=ALL-UNNAMED --add-opens=java.prefs/java.util.prefs=ALL-UNNAMED --add-opens=java.base/java.nio.charset=ALL-UNNAMED --add-opens=java.base/java.net=ALL-UNNAMED --add-opens=java.base/java.util.concurrent=ALL-UNNAMED --add-opens=java.base/java.util.concurrent.atomic=ALL-UNNAMED --add-opens=java.xml/javax.xml.namespace=ALL-UNNAMED --add-opens=java.base/java.time=ALL-UNNAMED -Xmx2048m -Dfile.encoding=UTF-8 -Duser.country=PH -Duser.language=en -Duser.variant -javaagent:C:\Users\LENOVO\.gradle\wrapper\dists\gradle-9.4.1-bin\arn2x92ynaizyzdaamcbpbhtj\gradle-9.4.1\lib\agents\gradle-instrumentation-agent-9.4.1.jar org.gradle.launcher.daemon.bootstrap.GradleDaemon 9.4.1

Host: AMD Ryzen 7 7735HS with Radeon Graphics        , 16 cores, 5G,  Windows 11 , 64 bit Build 26100 (10.0.26100.8875)
Time: Sat Aug  8 04:10:19 2026 Taipei Standard Time elapsed time: 112.979707 seconds (0d 0h 1m 52s)

---------------  T H R E A D  ---------------

Current thread (0x000001a541bb0580):  VMThread "VM Thread"          [id=20468, stack(0x00000017be600000,0x00000017be700000) (1024K)]

Stack: [0x00000017be600000,0x00000017be700000]
Native frames: (J=compiled Java code, j=interpreted, Vv=VM code, C=native code)
V  [jvm.dll+0x6ce119]
V  [jvm.dll+0x8a84a1]
V  [jvm.dll+0x8aa9ce]
V  [jvm.dll+0x8ab0b3]
V  [jvm.dll+0x27f8a6]
V  [jvm.dll+0x6ca945]
V  [jvm.dll+0x6bebea]
V  [jvm.dll+0x355eca]
V  [jvm.dll+0x35da96]
V  [jvm.dll+0x3af72e]
V  [jvm.dll+0x3af9d8]
V  [jvm.dll+0x32a05c]
V  [jvm.dll+0x32a0e7]
V  [jvm.dll+0x36deac]
V  [jvm.dll+0x36c6f8]
V  [jvm.dll+0x329821]
V  [jvm.dll+0x36bd6a]
V  [jvm.dll+0x8b0dcf]
V  [jvm.dll+0x8b2154]
V  [jvm.dll+0x8b2690]
V  [jvm.dll+0x8b2933]
V  [jvm.dll+0x851f6b]
V  [jvm.dll+0x6cc7dd]
C  [ucrtbase.dll+0x2cd30]
C  [KERNEL32.DLL+0x2e957]
C  [ntdll.dll+0xaad6c]

VM_Operation (0x00000017c21f98c0): G1CollectForAllocation, mode: safepoint, requested by thread 0x000001a5883a25f0


---------------  P R O C E S S  ---------------

Threads class SMR info:
_java_thread_list=0x000001a58cb63bb0, length=110, elements={
0x000001a5243ed460, 0x000001a541bcbd00, 0x000001a541bcc750, 0x000001a541bd0df0,
0x000001a541bd1840, 0x000001a541bd2d10, 0x000001a541bd3910, 0x000001a541bd71a0,
0x000001a541be1400, 0x000001a58714e750, 0x000001a5872e3eb0, 0x000001a589012af0,
0x000001a589286170, 0x000001a589387f60, 0x000001a589343d10, 0x000001a589588a10,
0x000001a589589dc0, 0x000001a589586fd0, 0x000001a589588380, 0x000001a58a381150,
0x000001a58a380430, 0x000001a58a380ac0, 0x000001a58a3866a0, 0x000001a58a3852f0,
0x000001a58a387a50, 0x000001a58a3845d0, 0x000001a58a386d30, 0x000001a5883a3310,
0x000001a5883a39a0, 0x000001a5883a4d50, 0x000001a5883a46c0, 0x000001a58a4eab00,
0x000001a58a4ea470, 0x000001a58c7fdaf0, 0x000001a5935ba360, 0x000001a59318d7e0,
0x000001a59318f220, 0x000001a5931912f0, 0x000001a59318e500, 0x000001a593192010,
0x000001a5931926a0, 0x000001a593192d30, 0x000001a59318f8b0, 0x000001a593193a50,
0x000001a5931940e0, 0x000001a593194e00, 0x000001a58839fe90, 0x000001a5883a0bb0,
0x000001a5883a18d0, 0x000001a58839e450, 0x000001a58839eae0, 0x000001a58839f800,
0x000001a5883a0520, 0x000001a5883a1240, 0x000001a5883a1f60, 0x000001a5883a25f0,
0x000001a58839f170, 0x000001a5883a53e0, 0x000001a5883a2c80, 0x000001a5883a4030,
0x000001a5883a5a70, 0x000001a5935b61c0, 0x000001a5935b4e10, 0x000001a5935b54a0,
0x000001a5935b7570, 0x000001a5935b7c00, 0x000001a5935b6ee0, 0x000001a5935b5b30,
0x000001a5935b4780, 0x000001a5935b8290, 0x000001a58a4ebeb0, 0x000001a58a4ee610,
0x000001a58a4edf80, 0x000001a58a4ecbd0, 0x000001a58a4eb190, 0x000001a58a4eeca0,
0x000001a58a4f06e0, 0x000001a58a4f1a90, 0x000001a58a383220, 0x000001a58a382b90,
0x000001a58a384c60, 0x000001a58a3817e0, 0x000001a58a385980, 0x000001a58a382500,
0x000001a58a3873c0, 0x000001a58c7fcdd0, 0x000001a58c7fe810, 0x000001a58c7feea0,
0x000001a58c7ffbc0, 0x000001a58c8008e0, 0x000001a589589730, 0x000001a589587660,
0x000001a58958a450, 0x000001a593190c60, 0x000001a58af81810, 0x000001a58af81ea0,
0x000001a58af81180, 0x000001a58af7f740, 0x000001a58af82530, 0x000001a58af7fdd0,
0x000001a58af7f0b0, 0x000001a58af80af0, 0x000001a58af82bc0, 0x000001a58af80460,
0x000001a58b0e0d00, 0x000001a59503b7f0, 0x000001a595c3e060, 0x000001a595c3f4d0,
0x000001a595c3fba0, 0x000001a5940428c0
}

Java Threads: ( => current thread )
  0x000001a5243ed460 JavaThread "main"                              [_thread_blocked, id=16428, stack(0x00000017bdf00000,0x00000017be000000) (1024K)]
  0x000001a541bcbd00 JavaThread "Reference Handler"          daemon [_thread_blocked, id=18304, stack(0x00000017be700000,0x00000017be800000) (1024K)]
  0x000001a541bcc750 JavaThread "Finalizer"                  daemon [_thread_blocked, id=8836, stack(0x00000017be800000,0x00000017be900000) (1024K)]
  0x000001a541bd0df0 JavaThread "Signal Dispatcher"          daemon [_thread_blocked, id=11780, stack(0x00000017be900000,0x00000017bea00000) (1024K)]
  0x000001a541bd1840 JavaThread "Attach Listener"            daemon [_thread_blocked, id=24820, stack(0x00000017bea00000,0x00000017beb00000) (1024K)]
  0x000001a541bd2d10 JavaThread "Service Thread"             daemon [_thread_blocked, id=6012, stack(0x00000017beb00000,0x00000017bec00000) (1024K)]
  0x000001a541bd3910 JavaThread "Monitor Deflation Thread"   daemon [_thread_blocked, id=7020, stack(0x00000017bec00000,0x00000017bed00000) (1024K)]
  0x000001a541bd71a0 JavaThread "C2 CompilerThread0"         daemon [_thread_blocked, id=18808, stack(0x00000017bed00000,0x00000017bee00000) (1024K)]
  0x000001a541be1400 JavaThread "C1 CompilerThread0"         daemon [_thread_blocked, id=25116, stack(0x00000017bee00000,0x00000017bef00000) (1024K)]
  0x000001a58714e750 JavaThread "Common-Cleaner"             daemon [_thread_blocked, id=16120, stack(0x00000017bef00000,0x00000017bf000000) (1024K)]
  0x000001a5872e3eb0 JavaThread "Notification Thread"        daemon [_thread_blocked, id=7384, stack(0x00000017bf000000,0x00000017bf100000) (1024K)]
  0x000001a589012af0 JavaThread "Daemon health stats"               [_thread_blocked, id=17324, stack(0x00000017bf700000,0x00000017bf800000) (1024K)]
  0x000001a589286170 JavaThread "Incoming local TCP Connector on port 52861"        [_thread_in_native, id=10948, stack(0x00000017bf800000,0x00000017bf900000) (1024K)]
  0x000001a589387f60 JavaThread "Daemon periodic checks"            [_thread_blocked, id=12572, stack(0x00000017bfb00000,0x00000017bfc00000) (1024K)]
  0x000001a589343d10 JavaThread "Daemon"                            [_thread_blocked, id=23148, stack(0x00000017bfc00000,0x00000017bfd00000) (1024K)]
  0x000001a589588a10 JavaThread "Daemon worker"                     [_thread_blocked, id=6080, stack(0x00000017bff00000,0x00000017c0000000) (1024K)]
  0x000001a589589dc0 JavaThread "Cache worker for journal cache (C:\Users\LENOVO\.gradle\caches\journal-1)"        [_thread_blocked, id=3228, stack(0x00000017c0b00000,0x00000017c0c00000) (1024K)]
  0x000001a589586fd0 JavaThread "File lock request listener"        [_thread_in_native, id=18056, stack(0x00000017c0c00000,0x00000017c0d00000) (1024K)]
  0x000001a589588380 JavaThread "Cache worker for file hash cache (C:\Users\LENOVO\.gradle\caches\9.4.1\fileHashes)"        [_thread_blocked, id=1932, stack(0x00000017c0d00000,0x00000017c0e00000) (1024K)]
  0x000001a58a381150 JavaThread "Cache worker for file content cache (C:\Users\LENOVO\.gradle\caches\9.4.1\fileContent)"        [_thread_blocked, id=4728, stack(0x00000017c1300000,0x00000017c1400000) (1024K)]
  0x000001a58a380430 JavaThread "File watcher server"        daemon [_thread_blocked, id=22460, stack(0x00000017c1400000,0x00000017c1500000) (1024K)]
  0x000001a58a380ac0 JavaThread "File watcher consumer"      daemon [_thread_blocked, id=23732, stack(0x00000017c1500000,0x00000017c1600000) (1024K)]
  0x000001a58a3866a0 JavaThread "jar transforms"                    [_thread_blocked, id=11492, stack(0x00000017c1800000,0x00000017c1900000) (1024K)]
  0x000001a58a3852f0 JavaThread "jar transforms Thread 2"           [_thread_blocked, id=13780, stack(0x00000017bfa00000,0x00000017bfb00000) (1024K)]
  0x000001a58a387a50 JavaThread "jar transforms Thread 3"           [_thread_blocked, id=25512, stack(0x00000017c1900000,0x00000017c1a00000) (1024K)]
  0x000001a58a3845d0 JavaThread "jar transforms Thread 4"           [_thread_blocked, id=7904, stack(0x00000017c1a00000,0x00000017c1b00000) (1024K)]
  0x000001a58a386d30 JavaThread "jar transforms Thread 5"           [_thread_blocked, id=10972, stack(0x00000017c1b00000,0x00000017c1c00000) (1024K)]
  0x000001a5883a3310 JavaThread "jar transforms Thread 6"           [_thread_blocked, id=23220, stack(0x00000017c2c00000,0x00000017c2d00000) (1024K)]
  0x000001a5883a39a0 JavaThread "jar transforms Thread 7"           [_thread_blocked, id=16932, stack(0x00000017c2d00000,0x00000017c2e00000) (1024K)]
  0x000001a5883a4d50 JavaThread "jar transforms Thread 8"           [_thread_blocked, id=13956, stack(0x00000017c2e00000,0x00000017c2f00000) (1024K)]
  0x000001a5883a46c0 JavaThread "jar transforms Thread 9"           [_thread_blocked, id=2312, stack(0x00000017c2f00000,0x00000017c3000000) (1024K)]
  0x000001a58a4eab00 JavaThread "jar transforms Thread 10"          [_thread_blocked, id=17908, stack(0x00000017c3000000,0x00000017c3100000) (1024K)]
  0x000001a58a4ea470 JavaThread "Memory manager"                    [_thread_blocked, id=11432, stack(0x00000017c3300000,0x00000017c3400000) (1024K)]
  0x000001a58c7fdaf0 JavaThread "pool-3-thread-1"                   [_thread_blocked, id=18124, stack(0x00000017c3500000,0x00000017c3600000) (1024K)]
  0x000001a5935ba360 JavaThread "RMI Scheduler(0)"           daemon [_thread_blocked, id=6864, stack(0x00000017bf600000,0x00000017bf700000) (1024K)]
  0x000001a59318d7e0 JavaThread "RMI GC Daemon"              daemon [_thread_blocked, id=19608, stack(0x00000017c4900000,0x00000017c4a00000) (1024K)]
  0x000001a59318f220 JavaThread "RMI TCP Accept-0"           daemon [_thread_in_native, id=20284, stack(0x00000017c4a00000,0x00000017c4b00000) (1024K)]
  0x000001a5931912f0 JavaThread "RMI Reaper"                        [_thread_blocked, id=9436, stack(0x00000017c4b00000,0x00000017c4c00000) (1024K)]
  0x000001a59318e500 JavaThread "RMI TCP Connection(idle)"   daemon [_thread_blocked, id=19556, stack(0x00000017c4c00000,0x00000017c4d00000) (1024K)]
  0x000001a593192010 JavaThread "Handler for socket connection from /127.0.0.1:52861 to /127.0.0.1:59390"        [_thread_in_native, id=24348, stack(0x00000017bdc00000,0x00000017bdd00000) (1024K)]
  0x000001a5931926a0 JavaThread "Cancel handler"                    [_thread_blocked, id=25200, stack(0x00000017bdd00000,0x00000017bde00000) (1024K)]
  0x000001a593192d30 JavaThread "Asynchronous log dispatcher for DefaultDaemonConnection: socket connection from /127.0.0.1:52861 to /127.0.0.1:59390"        [_thread_blocked, id=23660, stack(0x00000017bde00000,0x00000017bdf00000) (1024K)]
  0x000001a59318f8b0 JavaThread "Stdin handler"                     [_thread_blocked, id=19388, stack(0x00000017bfe00000,0x00000017bff00000) (1024K)]
  0x000001a593193a50 JavaThread "Daemon client event forwarder"        [_thread_blocked, id=592, stack(0x00000017c0100000,0x00000017c0200000) (1024K)]
  0x000001a5931940e0 JavaThread "Cache worker for file hash cache (C:\edp-android-dadole\edp-android-collab\.gradle\9.4.1\fileHashes)"        [_thread_blocked, id=4488, stack(0x00000017c0200000,0x00000017c0300000) (1024K)]
  0x000001a593194e00 JavaThread "Cache worker for checksums cache (C:\edp-android-dadole\edp-android-collab\.gradle\9.4.1\checksums)"        [_thread_blocked, id=7712, stack(0x00000017c1000000,0x00000017c1100000) (1024K)]
  0x000001a58839fe90 JavaThread "Cache worker for Build Output Cleanup Cache (C:\edp-android-dadole\edp-android-collab\.gradle\buildOutputCleanup)"        [_thread_blocked, id=7584, stack(0x00000017c1100000,0x00000017c1200000) (1024K)]
  0x000001a5883a0bb0 JavaThread "Cache worker for cache directory md-supplier (C:\Users\LENOVO\.gradle\caches\9.4.1\md-supplier)"        [_thread_blocked, id=22756, stack(0x00000017c1200000,0x00000017c1300000) (1024K)]
  0x000001a5883a18d0 JavaThread "Cache worker for cache directory md-rule (C:\Users\LENOVO\.gradle\caches\9.4.1\md-rule)"        [_thread_blocked, id=23492, stack(0x00000017c1600000,0x00000017c1700000) (1024K)]
  0x000001a58839e450 JavaThread "Build operations"                  [_thread_blocked, id=2512, stack(0x00000017c1700000,0x00000017c1800000) (1024K)]
  0x000001a58839eae0 JavaThread "Build operations Thread 2"         [_thread_blocked, id=1656, stack(0x00000017c1c00000,0x00000017c1d00000) (1024K)]
  0x000001a58839f800 JavaThread "Build operations Thread 3"         [_thread_blocked, id=7748, stack(0x00000017c1d00000,0x00000017c1e00000) (1024K)]
  0x000001a5883a0520 JavaThread "Build operations Thread 4"         [_thread_blocked, id=19708, stack(0x00000017c1e00000,0x00000017c1f00000) (1024K)]
  0x000001a5883a1240 JavaThread "Build operations Thread 5"         [_thread_blocked, id=11664, stack(0x00000017c1f00000,0x00000017c2000000) (1024K)]
  0x000001a5883a1f60 JavaThread "Build operations Thread 6"         [_thread_blocked, id=4540, stack(0x00000017c2000000,0x00000017c2100000) (1024K)]
  0x000001a5883a25f0 JavaThread "Build operations Thread 7"         [_thread_blocked, id=10940, stack(0x00000017c2100000,0x00000017c2200000) (1024K)]
  0x000001a58839f170 JavaThread "Build operations Thread 8"         [_thread_blocked, id=20548, stack(0x00000017c2200000,0x00000017c2300000) (1024K)]
  0x000001a5883a53e0 JavaThread "Build operations Thread 9"         [_thread_blocked, id=24608, stack(0x00000017c2300000,0x00000017c2400000) (1024K)]
  0x000001a5883a2c80 JavaThread "Build operations Thread 10"        [_thread_blocked, id=11716, stack(0x00000017c2400000,0x00000017c2500000) (1024K)]
  0x000001a5883a4030 JavaThread "Build operations Thread 11"        [_thread_blocked, id=2268, stack(0x00000017c2500000,0x00000017c2600000) (1024K)]
  0x000001a5883a5a70 JavaThread "Build operations Thread 12"        [_thread_blocked, id=21844, stack(0x00000017c2600000,0x00000017c2700000) (1024K)]
  0x000001a5935b61c0 JavaThread "Build operations Thread 13"        [_thread_blocked, id=16116, stack(0x00000017c2700000,0x00000017c2800000) (1024K)]
  0x000001a5935b4e10 JavaThread "Build operations Thread 14"        [_thread_blocked, id=21396, stack(0x00000017c2800000,0x00000017c2900000) (1024K)]
  0x000001a5935b54a0 JavaThread "Build operations Thread 15"        [_thread_blocked, id=21432, stack(0x00000017c2900000,0x00000017c2a00000) (1024K)]
  0x000001a5935b7570 JavaThread "Build operations Thread 16"        [_thread_blocked, id=12192, stack(0x00000017c2a00000,0x00000017c2b00000) (1024K)]
  0x000001a5935b7c00 JavaThread "Configuration cache report writer"        [_thread_blocked, id=20944, stack(0x00000017c2b00000,0x00000017c2c00000) (1024K)]
  0x000001a5935b6ee0 JavaThread "build event listener"              [_thread_blocked, id=3764, stack(0x00000017c3100000,0x00000017c3200000) (1024K)]
  0x000001a5935b5b30 JavaThread "build event listener"              [_thread_blocked, id=5532, stack(0x00000017c3200000,0x00000017c3300000) (1024K)]
  0x000001a5935b4780 JavaThread "pool-6-thread-1"                   [_thread_blocked, id=24944, stack(0x00000017bf900000,0x00000017bfa00000) (1024K)]
  0x000001a5935b8290 JavaThread "build event listener"              [_thread_blocked, id=18420, stack(0x00000017c3400000,0x00000017c3500000) (1024K)]
  0x000001a58a4ebeb0 JavaThread "included builds"                   [_thread_blocked, id=10152, stack(0x00000017c3700000,0x00000017c3800000) (1024K)]
  0x000001a58a4ee610 JavaThread "Execution worker"                  [_thread_blocked, id=6968, stack(0x00000017c3800000,0x00000017c3900000) (1024K)]
  0x000001a58a4edf80 JavaThread "Execution worker Thread 2"         [_thread_blocked, id=21672, stack(0x00000017c3900000,0x00000017c3a00000) (1024K)]
  0x000001a58a4ecbd0 JavaThread "Execution worker Thread 3"         [_thread_blocked, id=10140, stack(0x00000017c3a00000,0x00000017c3b00000) (1024K)]
  0x000001a58a4eb190 JavaThread "Execution worker Thread 4"         [_thread_blocked, id=16188, stack(0x00000017c3b00000,0x00000017c3c00000) (1024K)]
  0x000001a58a4eeca0 JavaThread "Execution worker Thread 5"         [_thread_blocked, id=12556, stack(0x00000017c3c00000,0x00000017c3d00000) (1024K)]
  0x000001a58a4f06e0 JavaThread "Execution worker Thread 6"         [_thread_blocked, id=5040, stack(0x00000017c3d00000,0x00000017c3e00000) (1024K)]
  0x000001a58a4f1a90 JavaThread "Execution worker Thread 7"         [_thread_blocked, id=16484, stack(0x00000017c3e00000,0x00000017c3f00000) (1024K)]
  0x000001a58a383220 JavaThread "Execution worker Thread 8"         [_thread_blocked, id=24044, stack(0x00000017c3f00000,0x00000017c4000000) (1024K)]
  0x000001a58a382b90 JavaThread "Execution worker Thread 9"         [_thread_blocked, id=3192, stack(0x00000017c4000000,0x00000017c4100000) (1024K)]
  0x000001a58a384c60 JavaThread "Execution worker Thread 10"        [_thread_blocked, id=4672, stack(0x00000017c4100000,0x00000017c4200000) (1024K)]
  0x000001a58a3817e0 JavaThread "Execution worker Thread 11"        [_thread_blocked, id=4968, stack(0x00000017c4200000,0x00000017c4300000) (1024K)]
  0x000001a58a385980 JavaThread "Execution worker Thread 12"        [_thread_blocked, id=656, stack(0x00000017c4300000,0x00000017c4400000) (1024K)]
  0x000001a58a382500 JavaThread "Execution worker Thread 13"        [_thread_blocked, id=25204, stack(0x00000017c4400000,0x00000017c4500000) (1024K)]
  0x000001a58a3873c0 JavaThread "Execution worker Thread 14"        [_thread_blocked, id=8872, stack(0x00000017c4500000,0x00000017c4600000) (1024K)]
  0x000001a58c7fcdd0 JavaThread "Execution worker Thread 15"        [_thread_blocked, id=9008, stack(0x00000017c4600000,0x00000017c4700000) (1024K)]
  0x000001a58c7fe810 JavaThread "Cache worker for execution history cache (C:\edp-android-dadole\edp-android-collab\.gradle\9.4.1\executionHistory)"        [_thread_blocked, id=21296, stack(0x00000017c4700000,0x00000017c4800000) (1024K)]
  0x000001a58c7feea0 JavaThread "WorkerExecutor Queue"              [_thread_blocked, id=12592, stack(0x00000017c4800000,0x00000017c4900000) (1024K)]
  0x000001a58c7ffbc0 JavaThread "WorkerExecutor Queue Thread 2"        [_thread_blocked, id=4008, stack(0x00000017c4d00000,0x00000017c4e00000) (1024K)]
  0x000001a58c8008e0 JavaThread "WorkerExecutor Queue Thread 3"        [_thread_blocked, id=10864, stack(0x00000017c4e00000,0x00000017c4f00000) (1024K)]
  0x000001a589589730 JavaThread "WorkerExecutor Queue Thread 4"        [_thread_blocked, id=9784, stack(0x00000017c4f00000,0x00000017c5000000) (1024K)]
  0x000001a589587660 JavaThread "WorkerExecutor Queue Thread 5"        [_thread_blocked, id=11472, stack(0x00000017c5000000,0x00000017c5100000) (1024K)]
  0x000001a58958a450 JavaThread "WorkerExecutor Queue Thread 6"        [_thread_blocked, id=13448, stack(0x00000017c5100000,0x00000017c5200000) (1024K)]
  0x000001a593190c60 JavaThread "WorkerExecutor Queue Thread 7"        [_thread_blocked, id=15856, stack(0x00000017c5200000,0x00000017c5300000) (1024K)]
  0x000001a58af81810 JavaThread "WorkerExecutor Queue Thread 8"        [_thread_blocked, id=4372, stack(0x00000017c5300000,0x00000017c5400000) (1024K)]
  0x000001a58af81ea0 JavaThread "WorkerExecutor Queue Thread 9"        [_thread_blocked, id=14212, stack(0x00000017c5400000,0x00000017c5500000) (1024K)]
  0x000001a58af81180 JavaThread "WorkerExecutor Queue Thread 10"        [_thread_blocked, id=25064, stack(0x00000017c5500000,0x00000017c5600000) (1024K)]
  0x000001a58af7f740 JavaThread "WorkerExecutor Queue Thread 11"        [_thread_blocked, id=13836, stack(0x00000017c5600000,0x00000017c5700000) (1024K)]
  0x000001a58af82530 JavaThread "WorkerExecutor Queue Thread 12"        [_thread_blocked, id=20140, stack(0x00000017c5700000,0x00000017c5800000) (1024K)]
  0x000001a58af7fdd0 JavaThread "WorkerExecutor Queue Thread 13"        [_thread_blocked, id=21080, stack(0x00000017c5800000,0x00000017c5900000) (1024K)]
  0x000001a58af7f0b0 JavaThread "WorkerExecutor Queue Thread 14"        [_thread_blocked, id=22784, stack(0x00000017c5900000,0x00000017c5a00000) (1024K)]
  0x000001a58af80af0 JavaThread "WorkerExecutor Queue Thread 15"        [_thread_blocked, id=17328, stack(0x00000017c5a00000,0x00000017c5b00000) (1024K)]
  0x000001a58af82bc0 JavaThread "WorkerExecutor Queue Thread 16"        [_thread_blocked, id=10572, stack(0x00000017c5b00000,0x00000017c5c00000) (1024K)]
  0x000001a58af80460 JavaThread "WorkerExecutor Queue Thread 17"        [_thread_blocked, id=18000, stack(0x00000017c5c00000,0x00000017c5d00000) (1024K)]
  0x000001a58b0e0d00 JavaThread "C2 CompilerThread1"         daemon [_thread_blocked, id=23224, stack(0x00000017c0000000,0x00000017c0100000) (1024K)]
  0x000001a59503b7f0 JavaThread "C1 CompilerThread1"         daemon [_thread_blocked, id=17668, stack(0x00000017c3600000,0x00000017c3700000) (1024K)]
  0x000001a595c3e060 JavaThread "C1 CompilerThread2"         daemon [_thread_blocked, id=18220, stack(0x00000017c5d00000,0x00000017c5e00000) (1024K)]
  0x000001a595c3f4d0 JavaThread "C2 CompilerThread2"         daemon [_thread_blocked, id=3864, stack(0x00000017c5e00000,0x00000017c5f00000) (1024K)]
  0x000001a595c3fba0 JavaThread "C2 CompilerThread3"         daemon [_thread_blocked, id=21716, stack(0x00000017c5f00000,0x00000017c6000000) (1024K)]
  0x000001a5940428c0 JavaThread "C2 CompilerThread4"         daemon [_thread_blocked, id=13020, stack(0x00000017c6000000,0x00000017c6100000) (1024K)]
Total: 110

Other Threads:
=>0x000001a541bb0580 VMThread "VM Thread"                           [id=20468, stack(0x00000017be600000,0x00000017be700000) (1024K)]
  0x000001a541b9a4a0 WatcherThread "VM Periodic Task Thread"        [id=24464, stack(0x00000017be500000,0x00000017be600000) (1024K)]
  0x000001a5244469d0 WorkerThread "GC Thread#0"                     [id=4676, stack(0x00000017be000000,0x00000017be100000) (1024K)]
  0x000001a587a59d00 WorkerThread "GC Thread#1"                     [id=15968, stack(0x00000017bf100000,0x00000017bf200000) (1024K)]
  0x000001a587de9c60 WorkerThread "GC Thread#2"                     [id=16072, stack(0x00000017bf200000,0x00000017bf300000) (1024K)]
  0x000001a587c7b4f0 WorkerThread "GC Thread#3"                     [id=10856, stack(0x00000017bf300000,0x00000017bf400000) (1024K)]
  0x000001a587c69b10 WorkerThread "GC Thread#4"                     [id=23884, stack(0x00000017bf400000,0x00000017bf500000) (1024K)]
  0x000001a589506290 WorkerThread "GC Thread#5"                     [id=20880, stack(0x00000017c0300000,0x00000017c0400000) (1024K)]
  0x000001a589506630 WorkerThread "GC Thread#6"                     [id=6744, stack(0x00000017c0400000,0x00000017c0500000) (1024K)]
  0x000001a5895057b0 WorkerThread "GC Thread#7"                     [id=20840, stack(0x00000017c0500000,0x00000017c0600000) (1024K)]
  0x000001a589505ef0 WorkerThread "GC Thread#8"                     [id=12892, stack(0x00000017c0600000,0x00000017c0700000) (1024K)]
  0x000001a5895069d0 WorkerThread "GC Thread#9"                     [id=5552, stack(0x00000017c0700000,0x00000017c0800000) (1024K)]
  0x000001a589505b50 WorkerThread "GC Thread#10"                    [id=4288, stack(0x00000017c0800000,0x00000017c0900000) (1024K)]
  0x000001a589506d70 WorkerThread "GC Thread#11"                    [id=24216, stack(0x00000017c0900000,0x00000017c0a00000) (1024K)]
  0x000001a589505410 WorkerThread "GC Thread#12"                    [id=6704, stack(0x00000017c0a00000,0x00000017c0b00000) (1024K)]
  0x000001a524458ee0 ConcurrentGCThread "G1 Main Marker"            [id=21044, stack(0x00000017be100000,0x00000017be200000) (1024K)]
  0x000001a5244598f0 WorkerThread "G1 Conc#0"                       [id=16960, stack(0x00000017be200000,0x00000017be300000) (1024K)]
  0x000001a58af43990 WorkerThread "G1 Conc#1"                       [id=24992, stack(0x00000017c0e00000,0x00000017c0f00000) (1024K)]
  0x000001a58af44810 WorkerThread "G1 Conc#2"                       [id=11036, stack(0x00000017c0f00000,0x00000017c1000000) (1024K)]
  0x000001a541a68060 ConcurrentGCThread "G1 Refine#0"               [id=23604, stack(0x00000017be300000,0x00000017be400000) (1024K)]
  0x000001a541a69890 ConcurrentGCThread "G1 Service"                [id=24080, stack(0x00000017be400000,0x00000017be500000) (1024K)]
Total: 21

Threads with active compile tasks:
C2 CompilerThread0  113062 21822 %     4       com.android.tools.r8.internal.nv::a @ 3345 (4509 bytes)
C2 CompilerThread1  113062 21874       4       com.android.tools.r8.internal.jn::a (270 bytes)
C2 CompilerThread2  113062 21870       4       com.android.tools.r8.graph.u9::a (357 bytes)
C2 CompilerThread3  113062 21910       4       com.android.tools.r8.internal.nv::a (6696 bytes)
C2 CompilerThread4  113062 21859       4       com.android.tools.r8.graph.u9::c (180 bytes)
Total: 5

VM state: at safepoint (normal execution)

VM Mutex/Monitor currently owned by a thread:  ([mutex/lock_event])
[0x00007ffb5389e308] Threads_lock - owner thread: 0x000001a541bb0580
[0x00007ffb5389e408] Heap_lock - owner thread: 0x000001a5883a25f0

Heap address: 0x0000000080000000, size: 2048 MB, Compressed Oops mode: 32-bit

CDS archive(s) mapped at: [0x000001a542000000-0x000001a542c80000-0x000001a542c80000), size 13107200, SharedBaseAddress: 0x000001a542000000, ArchiveRelocationMode: 1.
Compressed class space mapped at: 0x000001a543000000-0x000001a583000000, reserved size: 1073741824
Narrow klass base: 0x000001a542000000, Narrow klass shift: 0, Narrow klass range: 0x100000000

GC Precious Log:
 CardTable entry size: 512
 Card Set container configuration: InlinePtr #cards 5 size 8 Array Of Cards #cards 12 size 40 Howl #buckets 4 coarsen threshold 1843 Howl Bitmap #cards 512 size 80 coarsen threshold 460 Card regions per heap region 1 cards per card region 2048
 CPUs: 16 total, 16 available
 Memory: 5828M
 Large Page Support: Disabled
 NUMA Support: Disabled
 Compressed Oops: Enabled (32-bit)
 Heap Region Size: 1M
 Heap Min Capacity: 8M
 Heap Initial Capacity: 92M
 Heap Max Capacity: 2G
 Pre-touch: Disabled
 Parallel Workers: 13
 Concurrent Workers: 3
 Concurrent Refinement Workers: 13
 Periodic GC: Disabled

Heap:
 garbage-first heap   total 654336K, used 432640K [0x0000000080000000, 0x0000000100000000)
  region size 1024K, 27 young (27648K), 27 survivors (27648K)
 Metaspace       used 142096K, committed 145152K, reserved 1179648K
  class space    used 19058K, committed 20608K, reserved 1048576K

Heap Regions: E=young(eden), S=young(survivor), O=old, HS=humongous(starts), HC=humongous(continues), CS=collection set, F=free, TAMS=top-at-mark-start, PB=parsable bottom
|   0|0x0000000080000000, 0x0000000080100000, 0x0000000080100000|100%|HS|  |TAMS 0x0000000080000000| PB 0x0000000080000000| Complete 
|   1|0x0000000080100000, 0x0000000080200000, 0x0000000080200000|100%|HC|  |TAMS 0x0000000080100000| PB 0x0000000080100000| Complete 
|   2|0x0000000080200000, 0x0000000080300000, 0x0000000080300000|100%|HC|  |TAMS 0x0000000080200000| PB 0x0000000080200000| Complete 
|   3|0x0000000080300000, 0x0000000080400000, 0x0000000080400000|100%|HC|  |TAMS 0x0000000080300000| PB 0x0000000080300000| Complete 
|   4|0x0000000080400000, 0x0000000080500000, 0x0000000080500000|100%| O|  |TAMS 0x0000000080400000| PB 0x0000000080400000| Untracked 
|   5|0x0000000080500000, 0x0000000080600000, 0x0000000080600000|100%| O|  |TAMS 0x0000000080500000| PB 0x0000000080500000| Untracked 
|   6|0x0000000080600000, 0x0000000080700000, 0x0000000080700000|100%| O|  |TAMS 0x0000000080600000| PB 0x0000000080600000| Untracked 
|   7|0x0000000080700000, 0x0000000080800000, 0x0000000080800000|100%| O|  |TAMS 0x0000000080700000| PB 0x0000000080700000| Untracked 
|   8|0x0000000080800000, 0x0000000080900000, 0x0000000080900000|100%|HS|  |TAMS 0x0000000080800000| PB 0x0000000080800000| Complete 
|   9|0x0000000080900000, 0x0000000080a00000, 0x0000000080a00000|100%| O|  |TAMS 0x0000000080900000| PB 0x0000000080900000| Untracked 
|  10|0x0000000080a00000, 0x0000000080b00000, 0x0000000080b00000|100%| O|  |TAMS 0x0000000080a00000| PB 0x0000000080a00000| Untracked 
|  11|0x0000000080b00000, 0x0000000080c00000, 0x0000000080c00000|100%| O|  |TAMS 0x0000000080b00000| PB 0x0000000080b00000| Untracked 
|  12|0x0000000080c00000, 0x0000000080d00000, 0x0000000080d00000|100%| O|  |TAMS 0x0000000080c00000| PB 0x0000000080c00000| Untracked 
|  13|0x0000000080d00000, 0x0000000080e00000, 0x0000000080e00000|100%| O|  |TAMS 0x0000000080d00000| PB 0x0000000080d00000| Untracked 
|  14|0x0000000080e00000, 0x0000000080f00000, 0x0000000080f00000|100%| O|  |TAMS 0x0000000080e00000| PB 0x0000000080e00000| Untracked 
|  15|0x0000000080f00000, 0x0000000081000000, 0x0000000081000000|100%| O|  |TAMS 0x0000000080f00000| PB 0x0000000080f00000| Untracked 
|  16|0x0000000081000000, 0x0000000081100000, 0x0000000081100000|100%| O|  |TAMS 0x0000000081000000| PB 0x0000000081000000| Untracked 
|  17|0x0000000081100000, 0x0000000081200000, 0x0000000081200000|100%| O|  |TAMS 0x0000000081100000| PB 0x0000000081100000| Untracked 
|  18|0x0000000081200000, 0x0000000081300000, 0x0000000081300000|100%| O|  |TAMS 0x0000000081200000| PB 0x0000000081200000| Untracked 
|  19|0x0000000081300000, 0x0000000081400000, 0x0000000081400000|100%| O|  |TAMS 0x0000000081300000| PB 0x0000000081300000| Untracked 
|  20|0x0000000081400000, 0x0000000081500000, 0x0000000081500000|100%| O|  |TAMS 0x0000000081400000| PB 0x0000000081400000| Untracked 
|  21|0x0000000081500000, 0x0000000081600000, 0x0000000081600000|100%| O|  |TAMS 0x0000000081500000| PB 0x0000000081500000| Untracked 
|  22|0x0000000081600000, 0x0000000081700000, 0x0000000081700000|100%| O|  |TAMS 0x0000000081600000| PB 0x0000000081600000| Untracked 
|  23|0x0000000081700000, 0x0000000081800000, 0x0000000081800000|100%| O|  |TAMS 0x0000000081700000| PB 0x0000000081700000| Untracked 
|  24|0x0000000081800000, 0x0000000081900000, 0x0000000081900000|100%| O|  |TAMS 0x0000000081800000| PB 0x0000000081800000| Untracked 
|  25|0x0000000081900000, 0x0000000081a00000, 0x0000000081a00000|100%| O|  |TAMS 0x0000000081900000| PB 0x0000000081900000| Untracked 
|  26|0x0000000081a00000, 0x0000000081b00000, 0x0000000081b00000|100%| O|  |TAMS 0x0000000081a00000| PB 0x0000000081a00000| Untracked 
|  27|0x0000000081b00000, 0x0000000081c00000, 0x0000000081c00000|100%| O|  |TAMS 0x0000000081b00000| PB 0x0000000081b00000| Untracked 
|  28|0x0000000081c00000, 0x0000000081d00000, 0x0000000081d00000|100%| O|  |TAMS 0x0000000081c00000| PB 0x0000000081c00000| Untracked 
|  29|0x0000000081d00000, 0x0000000081e00000, 0x0000000081e00000|100%| O|  |TAMS 0x0000000081d00000| PB 0x0000000081d00000| Untracked 
|  30|0x0000000081e00000, 0x0000000081f00000, 0x0000000081f00000|100%| O|  |TAMS 0x0000000081e00000| PB 0x0000000081e00000| Untracked 
|  31|0x0000000081f00000, 0x0000000082000000, 0x0000000082000000|100%| O|  |TAMS 0x0000000081f00000| PB 0x0000000081f00000| Untracked 
|  32|0x0000000082000000, 0x0000000082100000, 0x0000000082100000|100%| O|  |TAMS 0x0000000082000000| PB 0x0000000082000000| Untracked 
|  33|0x0000000082100000, 0x0000000082200000, 0x0000000082200000|100%| O|  |TAMS 0x0000000082100000| PB 0x0000000082100000| Untracked 
|  34|0x0000000082200000, 0x0000000082300000, 0x0000000082300000|100%| O|  |TAMS 0x0000000082200000| PB 0x0000000082200000| Untracked 
|  35|0x0000000082300000, 0x0000000082400000, 0x0000000082400000|100%| O|  |TAMS 0x0000000082300000| PB 0x0000000082300000| Untracked 
|  36|0x0000000082400000, 0x0000000082500000, 0x0000000082500000|100%| O|  |TAMS 0x0000000082400000| PB 0x0000000082400000| Untracked 
|  37|0x0000000082500000, 0x0000000082600000, 0x0000000082600000|100%| O|  |TAMS 0x0000000082500000| PB 0x0000000082500000| Untracked 
|  38|0x0000000082600000, 0x0000000082700000, 0x0000000082700000|100%| O|  |TAMS 0x0000000082600000| PB 0x0000000082600000| Untracked 
|  39|0x0000000082700000, 0x0000000082800000, 0x0000000082800000|100%| O|  |TAMS 0x0000000082700000| PB 0x0000000082700000| Untracked 
|  40|0x0000000082800000, 0x0000000082900000, 0x0000000082900000|100%|HS|  |TAMS 0x0000000082800000| PB 0x0000000082800000| Complete 
|  41|0x0000000082900000, 0x0000000082a00000, 0x0000000082a00000|100%| O|Cm|TAMS 0x0000000082900000| PB 0x0000000082900000| Complete 
|  42|0x0000000082a00000, 0x0000000082b00000, 0x0000000082b00000|100%| O|  |TAMS 0x0000000082a00000| PB 0x0000000082a00000| Untracked 
|  43|0x0000000082b00000, 0x0000000082c00000, 0x0000000082c00000|100%| O|  |TAMS 0x0000000082b00000| PB 0x0000000082b00000| Untracked 
|  44|0x0000000082c00000, 0x0000000082d00000, 0x0000000082d00000|100%| O|  |TAMS 0x0000000082c00000| PB 0x0000000082c00000| Untracked 
|  45|0x0000000082d00000, 0x0000000082e00000, 0x0000000082e00000|100%| O|  |TAMS 0x0000000082d00000| PB 0x0000000082d00000| Untracked 
|  46|0x0000000082e00000, 0x0000000082f00000, 0x0000000082f00000|100%| O|Cm|TAMS 0x0000000082e00000| PB 0x0000000082e00000| Complete 
|  47|0x0000000082f00000, 0x0000000083000000, 0x0000000083000000|100%| O|  |TAMS 0x0000000082f00000| PB 0x0000000082f00000| Untracked 
|  48|0x0000000083000000, 0x0000000083100000, 0x0000000083100000|100%| O|  |TAMS 0x0000000083000000| PB 0x0000000083000000| Untracked 
|  49|0x0000000083100000, 0x0000000083200000, 0x0000000083200000|100%| O|  |TAMS 0x0000000083100000| PB 0x0000000083100000| Untracked 
|  50|0x0000000083200000, 0x0000000083300000, 0x0000000083300000|100%|HS|  |TAMS 0x0000000083200000| PB 0x0000000083200000| Complete 
|  51|0x0000000083300000, 0x0000000083400000, 0x0000000083400000|100%|HS|  |TAMS 0x0000000083300000| PB 0x0000000083300000| Complete 
|  52|0x0000000083400000, 0x0000000083500000, 0x0000000083500000|100%|HC|  |TAMS 0x0000000083400000| PB 0x0000000083400000| Complete 
|  53|0x0000000083500000, 0x0000000083600000, 0x0000000083600000|100%|HS|  |TAMS 0x0000000083500000| PB 0x0000000083500000| Complete 
|  54|0x0000000083600000, 0x0000000083700000, 0x0000000083700000|100%|HS|  |TAMS 0x0000000083600000| PB 0x0000000083600000| Complete 
|  55|0x0000000083700000, 0x0000000083800000, 0x0000000083800000|100%| O|  |TAMS 0x0000000083700000| PB 0x0000000083700000| Untracked 
|  56|0x0000000083800000, 0x0000000083900000, 0x0000000083900000|100%|HS|  |TAMS 0x0000000083800000| PB 0x0000000083800000| Complete 
|  57|0x0000000083900000, 0x0000000083a00000, 0x0000000083a00000|100%|HS|  |TAMS 0x0000000083900000| PB 0x0000000083900000| Complete 
|  58|0x0000000083a00000, 0x0000000083b00000, 0x0000000083b00000|100%| O|  |TAMS 0x0000000083a00000| PB 0x0000000083a00000| Untracked 
|  59|0x0000000083b00000, 0x0000000083c00000, 0x0000000083c00000|100%| O|  |TAMS 0x0000000083b00000| PB 0x0000000083b00000| Untracked 
|  60|0x0000000083c00000, 0x0000000083d00000, 0x0000000083d00000|100%| O|  |TAMS 0x0000000083c00000| PB 0x0000000083c00000| Untracked 
|  61|0x0000000083d00000, 0x0000000083e00000, 0x0000000083e00000|100%| O|  |TAMS 0x0000000083d00000| PB 0x0000000083d00000| Untracked 
|  62|0x0000000083e00000, 0x0000000083f00000, 0x0000000083f00000|100%| O|  |TAMS 0x0000000083e00000| PB 0x0000000083e00000| Untracked 
|  63|0x0000000083f00000, 0x0000000084000000, 0x0000000084000000|100%| O|  |TAMS 0x0000000083f00000| PB 0x0000000083f00000| Untracked 
|  64|0x0000000084000000, 0x0000000084100000, 0x0000000084100000|100%|HS|  |TAMS 0x0000000084000000| PB 0x0000000084000000| Complete 
|  65|0x0000000084100000, 0x0000000084200000, 0x0000000084200000|100%|HC|  |TAMS 0x0000000084100000| PB 0x0000000084100000| Complete 
|  66|0x0000000084200000, 0x0000000084300000, 0x0000000084300000|100%| O|  |TAMS 0x0000000084200000| PB 0x0000000084200000| Untracked 
|  67|0x0000000084300000, 0x0000000084400000, 0x0000000084400000|100%| O|  |TAMS 0x0000000084300000| PB 0x0000000084300000| Untracked 
|  68|0x0000000084400000, 0x0000000084500000, 0x0000000084500000|100%| O|  |TAMS 0x0000000084400000| PB 0x0000000084400000| Untracked 
|  69|0x0000000084500000, 0x0000000084600000, 0x0000000084600000|100%| O|  |TAMS 0x0000000084500000| PB 0x0000000084500000| Untracked 
|  70|0x0000000084600000, 0x0000000084700000, 0x0000000084700000|100%| O|  |TAMS 0x0000000084600000| PB 0x0000000084600000| Untracked 
|  71|0x0000000084700000, 0x0000000084800000, 0x0000000084800000|100%|HS|  |TAMS 0x0000000084700000| PB 0x0000000084700000| Complete 
|  72|0x0000000084800000, 0x0000000084900000, 0x0000000084900000|100%| O|  |TAMS 0x0000000084800000| PB 0x0000000084800000| Untracked 
|  73|0x0000000084900000, 0x0000000084a00000, 0x0000000084a00000|100%| O|  |TAMS 0x0000000084900000| PB 0x0000000084900000| Untracked 
|  74|0x0000000084a00000, 0x0000000084b00000, 0x0000000084b00000|100%| O|  |TAMS 0x0000000084a00000| PB 0x0000000084a00000| Untracked 
|  75|0x0000000084b00000, 0x0000000084c00000, 0x0000000084c00000|100%| O|Cm|TAMS 0x0000000084b00000| PB 0x0000000084b00000| Complete 
|  76|0x0000000084c00000, 0x0000000084d00000, 0x0000000084d00000|100%| O|  |TAMS 0x0000000084c00000| PB 0x0000000084c00000| Untracked 
|  77|0x0000000084d00000, 0x0000000084e00000, 0x0000000084e00000|100%| O|  |TAMS 0x0000000084d00000| PB 0x0000000084d00000| Untracked 
|  78|0x0000000084e00000, 0x0000000084f00000, 0x0000000084f00000|100%| O|  |TAMS 0x0000000084e00000| PB 0x0000000084e00000| Untracked 
|  79|0x0000000084f00000, 0x0000000085000000, 0x0000000085000000|100%| O|  |TAMS 0x0000000084f00000| PB 0x0000000084f00000| Untracked 
|  80|0x0000000085000000, 0x0000000085100000, 0x0000000085100000|100%| O|Cm|TAMS 0x0000000085000000| PB 0x0000000085000000| Complete 
|  81|0x0000000085100000, 0x0000000085200000, 0x0000000085200000|100%| O|  |TAMS 0x0000000085100000| PB 0x0000000085100000| Untracked 
|  82|0x0000000085200000, 0x0000000085300000, 0x0000000085300000|100%| O|  |TAMS 0x0000000085200000| PB 0x0000000085200000| Untracked 
|  83|0x0000000085300000, 0x0000000085400000, 0x0000000085400000|100%| O|  |TAMS 0x0000000085300000| PB 0x0000000085300000| Untracked 
|  84|0x0000000085400000, 0x0000000085500000, 0x0000000085500000|100%| O|  |TAMS 0x0000000085400000| PB 0x0000000085400000| Untracked 
|  85|0x0000000085500000, 0x0000000085600000, 0x0000000085600000|100%| O|  |TAMS 0x0000000085500000| PB 0x0000000085500000| Untracked 
|  86|0x0000000085600000, 0x0000000085700000, 0x0000000085700000|100%| O|  |TAMS 0x0000000085600000| PB 0x0000000085600000| Untracked 
|  87|0x0000000085700000, 0x0000000085800000, 0x0000000085800000|100%| O|Cm|TAMS 0x0000000085700000| PB 0x0000000085700000| Complete 
|  88|0x0000000085800000, 0x0000000085900000, 0x0000000085900000|100%| O|  |TAMS 0x0000000085800000| PB 0x0000000085800000| Untracked 
|  89|0x0000000085900000, 0x0000000085a00000, 0x0000000085a00000|100%| O|  |TAMS 0x0000000085900000| PB 0x0000000085900000| Untracked 
|  90|0x0000000085a00000, 0x0000000085b00000, 0x0000000085b00000|100%| O|  |TAMS 0x0000000085a00000| PB 0x0000000085a00000| Untracked 
|  91|0x0000000085b00000, 0x0000000085c00000, 0x0000000085c00000|100%| O|  |TAMS 0x0000000085b00000| PB 0x0000000085b00000| Untracked 
|  92|0x0000000085c00000, 0x0000000085d00000, 0x0000000085d00000|100%| O|  |TAMS 0x0000000085c00000| PB 0x0000000085c00000| Untracked 
|  93|0x0000000085d00000, 0x0000000085e00000, 0x0000000085e00000|100%| O|  |TAMS 0x0000000085d00000| PB 0x0000000085d00000| Untracked 
|  94|0x0000000085e00000, 0x0000000085f00000, 0x0000000085f00000|100%| O|  |TAMS 0x0000000085e00000| PB 0x0000000085e00000| Untracked 
|  95|0x0000000085f00000, 0x0000000086000000, 0x0000000086000000|100%| O|  |TAMS 0x0000000085f00000| PB 0x0000000085f00000| Untracked 
|  96|0x0000000086000000, 0x0000000086100000, 0x0000000086100000|100%|HS|  |TAMS 0x0000000086000000| PB 0x0000000086000000| Complete 
|  97|0x0000000086100000, 0x0000000086200000, 0x0000000086200000|100%|HC|  |TAMS 0x0000000086100000| PB 0x0000000086100000| Complete 
|  98|0x0000000086200000, 0x0000000086300000, 0x0000000086300000|100%|HC|  |TAMS 0x0000000086200000| PB 0x0000000086200000| Complete 
|  99|0x0000000086300000, 0x0000000086400000, 0x0000000086400000|100%| O|  |TAMS 0x0000000086300000| PB 0x0000000086300000| Untracked 
| 100|0x0000000086400000, 0x0000000086500000, 0x0000000086500000|100%| O|  |TAMS 0x0000000086400000| PB 0x0000000086400000| Untracked 
| 101|0x0000000086500000, 0x0000000086600000, 0x0000000086600000|100%| O|  |TAMS 0x0000000086500000| PB 0x0000000086500000| Untracked 
| 102|0x0000000086600000, 0x0000000086700000, 0x0000000086700000|100%| O|  |TAMS 0x0000000086600000| PB 0x0000000086600000| Untracked 
| 103|0x0000000086700000, 0x0000000086800000, 0x0000000086800000|100%| O|  |TAMS 0x0000000086700000| PB 0x0000000086700000| Untracked 
| 104|0x0000000086800000, 0x0000000086900000, 0x0000000086900000|100%| O|  |TAMS 0x0000000086800000| PB 0x0000000086800000| Untracked 
| 105|0x0000000086900000, 0x0000000086a00000, 0x0000000086a00000|100%| O|  |TAMS 0x0000000086900000| PB 0x0000000086900000| Untracked 
| 106|0x0000000086a00000, 0x0000000086b00000, 0x0000000086b00000|100%| O|  |TAMS 0x0000000086a00000| PB 0x0000000086a00000| Untracked 
| 107|0x0000000086b00000, 0x0000000086c00000, 0x0000000086c00000|100%| O|  |TAMS 0x0000000086b00000| PB 0x0000000086b00000| Untracked 
| 108|0x0000000086c00000, 0x0000000086d00000, 0x0000000086d00000|100%| O|  |TAMS 0x0000000086c00000| PB 0x0000000086c00000| Untracked 
| 109|0x0000000086d00000, 0x0000000086e00000, 0x0000000086e00000|100%| O|  |TAMS 0x0000000086d00000| PB 0x0000000086d00000| Untracked 
| 110|0x0000000086e00000, 0x0000000086f00000, 0x0000000086f00000|100%| O|  |TAMS 0x0000000086e00000| PB 0x0000000086e00000| Untracked 
| 111|0x0000000086f00000, 0x0000000087000000, 0x0000000087000000|100%| O|  |TAMS 0x0000000086f00000| PB 0x0000000086f00000| Untracked 
| 112|0x0000000087000000, 0x0000000087100000, 0x0000000087100000|100%| O|  |TAMS 0x0000000087000000| PB 0x0000000087000000| Untracked 
| 113|0x0000000087100000, 0x0000000087200000, 0x0000000087200000|100%| O|  |TAMS 0x0000000087100000| PB 0x0000000087100000| Untracked 
| 114|0x0000000087200000, 0x0000000087300000, 0x0000000087300000|100%| O|  |TAMS 0x0000000087200000| PB 0x0000000087200000| Untracked 
| 115|0x0000000087300000, 0x0000000087400000, 0x0000000087400000|100%| O|  |TAMS 0x0000000087300000| PB 0x0000000087300000| Untracked 
| 116|0x0000000087400000, 0x0000000087500000, 0x0000000087500000|100%| O|  |TAMS 0x0000000087400000| PB 0x0000000087400000| Untracked 
| 117|0x0000000087500000, 0x0000000087600000, 0x0000000087600000|100%| O|  |TAMS 0x0000000087500000| PB 0x0000000087500000| Untracked 
| 118|0x0000000087600000, 0x0000000087700000, 0x0000000087700000|100%| O|Cm|TAMS 0x0000000087600000| PB 0x0000000087600000| Complete 
| 119|0x0000000087700000, 0x0000000087800000, 0x0000000087800000|100%| O|  |TAMS 0x0000000087700000| PB 0x0000000087700000| Untracked 
| 120|0x0000000087800000, 0x0000000087900000, 0x0000000087900000|100%| O|  |TAMS 0x0000000087800000| PB 0x0000000087800000| Untracked 
| 121|0x0000000087900000, 0x0000000087a00000, 0x0000000087a00000|100%| O|  |TAMS 0x0000000087900000| PB 0x0000000087900000| Untracked 
| 122|0x0000000087a00000, 0x0000000087b00000, 0x0000000087b00000|100%| O|  |TAMS 0x0000000087a00000| PB 0x0000000087a00000| Untracked 
| 123|0x0000000087b00000, 0x0000000087c00000, 0x0000000087c00000|100%| O|  |TAMS 0x0000000087b00000| PB 0x0000000087b00000| Untracked 
| 124|0x0000000087c00000, 0x0000000087d00000, 0x0000000087d00000|100%| O|  |TAMS 0x0000000087c00000| PB 0x0000000087c00000| Untracked 
| 125|0x0000000087d00000, 0x0000000087e00000, 0x0000000087e00000|100%| O|  |TAMS 0x0000000087d00000| PB 0x0000000087d00000| Untracked 
| 126|0x0000000087e00000, 0x0000000087f00000, 0x0000000087f00000|100%| O|  |TAMS 0x0000000087e00000| PB 0x0000000087e00000| Untracked 
| 127|0x0000000087f00000, 0x0000000088000000, 0x0000000088000000|100%| O|  |TAMS 0x0000000087f00000| PB 0x0000000087f00000| Untracked 
| 128|0x0000000088000000, 0x0000000088100000, 0x0000000088100000|100%| O|  |TAMS 0x0000000088000000| PB 0x0000000088000000| Untracked 
| 129|0x0000000088100000, 0x0000000088200000, 0x0000000088200000|100%| O|  |TAMS 0x0000000088100000| PB 0x0000000088100000| Untracked 
| 130|0x0000000088200000, 0x0000000088300000, 0x0000000088300000|100%| O|  |TAMS 0x0000000088200000| PB 0x0000000088200000| Untracked 
| 131|0x0000000088300000, 0x0000000088400000, 0x0000000088400000|100%| O|  |TAMS 0x0000000088300000| PB 0x0000000088300000| Untracked 
| 132|0x0000000088400000, 0x0000000088500000, 0x0000000088500000|100%| O|  |TAMS 0x0000000088400000| PB 0x0000000088400000| Untracked 
| 133|0x0000000088500000, 0x0000000088600000, 0x0000000088600000|100%| O|  |TAMS 0x0000000088500000| PB 0x0000000088500000| Untracked 
| 134|0x0000000088600000, 0x0000000088700000, 0x0000000088700000|100%| O|  |TAMS 0x0000000088600000| PB 0x0000000088600000| Untracked 
| 135|0x0000000088700000, 0x0000000088800000, 0x0000000088800000|100%| O|  |TAMS 0x0000000088700000| PB 0x0000000088700000| Untracked 
| 136|0x0000000088800000, 0x0000000088900000, 0x0000000088900000|100%| O|  |TAMS 0x0000000088800000| PB 0x0000000088800000| Untracked 
| 137|0x0000000088900000, 0x0000000088a00000, 0x0000000088a00000|100%| O|  |TAMS 0x0000000088900000| PB 0x0000000088900000| Untracked 
| 138|0x0000000088a00000, 0x0000000088b00000, 0x0000000088b00000|100%| O|  |TAMS 0x0000000088a00000| PB 0x0000000088a00000| Untracked 
| 139|0x0000000088b00000, 0x0000000088c00000, 0x0000000088c00000|100%| O|  |TAMS 0x0000000088b00000| PB 0x0000000088b00000| Untracked 
| 140|0x0000000088c00000, 0x0000000088d00000, 0x0000000088d00000|100%| O|  |TAMS 0x0000000088c00000| PB 0x0000000088c00000| Untracked 
| 141|0x0000000088d00000, 0x0000000088e00000, 0x0000000088e00000|100%| O|  |TAMS 0x0000000088d00000| PB 0x0000000088d00000| Untracked 
| 142|0x0000000088e00000, 0x0000000088f00000, 0x0000000088f00000|100%| O|  |TAMS 0x0000000088e00000| PB 0x0000000088e00000| Untracked 
| 143|0x0000000088f00000, 0x0000000089000000, 0x0000000089000000|100%| O|  |TAMS 0x0000000088f00000| PB 0x0000000088f00000| Untracked 
| 144|0x0000000089000000, 0x0000000089100000, 0x0000000089100000|100%| O|  |TAMS 0x0000000089000000| PB 0x0000000089000000| Untracked 
| 145|0x0000000089100000, 0x0000000089200000, 0x0000000089200000|100%| O|  |TAMS 0x0000000089100000| PB 0x0000000089100000| Untracked 
| 146|0x0000000089200000, 0x0000000089300000, 0x0000000089300000|100%| O|  |TAMS 0x0000000089200000| PB 0x0000000089200000| Untracked 
| 147|0x0000000089300000, 0x0000000089400000, 0x0000000089400000|100%| O|  |TAMS 0x0000000089300000| PB 0x0000000089300000| Untracked 
| 148|0x0000000089400000, 0x0000000089500000, 0x0000000089500000|100%| O|  |TAMS 0x0000000089400000| PB 0x0000000089400000| Untracked 
| 149|0x0000000089500000, 0x0000000089600000, 0x0000000089600000|100%| O|  |TAMS 0x0000000089500000| PB 0x0000000089500000| Untracked 
| 150|0x0000000089600000, 0x0000000089700000, 0x0000000089700000|100%| O|  |TAMS 0x0000000089600000| PB 0x0000000089600000| Untracked 
| 151|0x0000000089700000, 0x0000000089800000, 0x0000000089800000|100%| O|  |TAMS 0x0000000089700000| PB 0x0000000089700000| Untracked 
| 152|0x0000000089800000, 0x0000000089900000, 0x0000000089900000|100%| O|  |TAMS 0x0000000089800000| PB 0x0000000089800000| Untracked 
| 153|0x0000000089900000, 0x0000000089a00000, 0x0000000089a00000|100%| O|  |TAMS 0x0000000089900000| PB 0x0000000089900000| Untracked 
| 154|0x0000000089a00000, 0x0000000089b00000, 0x0000000089b00000|100%| O|  |TAMS 0x0000000089a00000| PB 0x0000000089a00000| Untracked 
| 155|0x0000000089b00000, 0x0000000089c00000, 0x0000000089c00000|100%| O|  |TAMS 0x0000000089b00000| PB 0x0000000089b00000| Untracked 
| 156|0x0000000089c00000, 0x0000000089d00000, 0x0000000089d00000|100%| O|  |TAMS 0x0000000089c00000| PB 0x0000000089c00000| Untracked 
| 157|0x0000000089d00000, 0x0000000089e00000, 0x0000000089e00000|100%| O|  |TAMS 0x0000000089d00000| PB 0x0000000089d00000| Untracked 
| 158|0x0000000089e00000, 0x0000000089f00000, 0x0000000089f00000|100%| O|  |TAMS 0x0000000089e00000| PB 0x0000000089e00000| Untracked 
| 159|0x0000000089f00000, 0x000000008a000000, 0x000000008a000000|100%| O|  |TAMS 0x0000000089f00000| PB 0x0000000089f00000| Untracked 
| 160|0x000000008a000000, 0x000000008a100000, 0x000000008a100000|100%| O|  |TAMS 0x000000008a000000| PB 0x000000008a000000| Untracked 
| 161|0x000000008a100000, 0x000000008a200000, 0x000000008a200000|100%| O|  |TAMS 0x000000008a100000| PB 0x000000008a100000| Untracked 
| 162|0x000000008a200000, 0x000000008a300000, 0x000000008a300000|100%| O|  |TAMS 0x000000008a200000| PB 0x000000008a200000| Untracked 
| 163|0x000000008a300000, 0x000000008a400000, 0x000000008a400000|100%| O|  |TAMS 0x000000008a300000| PB 0x000000008a300000| Untracked 
| 164|0x000000008a400000, 0x000000008a500000, 0x000000008a500000|100%| O|Cm|TAMS 0x000000008a400000| PB 0x000000008a400000| Complete 
| 165|0x000000008a500000, 0x000000008a600000, 0x000000008a600000|100%| O|Cm|TAMS 0x000000008a500000| PB 0x000000008a500000| Complete 
| 166|0x000000008a600000, 0x000000008a700000, 0x000000008a700000|100%| O|  |TAMS 0x000000008a600000| PB 0x000000008a600000| Untracked 
| 167|0x000000008a700000, 0x000000008a800000, 0x000000008a800000|100%| O|  |TAMS 0x000000008a700000| PB 0x000000008a700000| Untracked 
| 168|0x000000008a800000, 0x000000008a900000, 0x000000008a900000|100%| O|  |TAMS 0x000000008a800000| PB 0x000000008a800000| Untracked 
| 169|0x000000008a900000, 0x000000008aa00000, 0x000000008aa00000|100%| O|  |TAMS 0x000000008a900000| PB 0x000000008a900000| Untracked 
| 170|0x000000008aa00000, 0x000000008ab00000, 0x000000008ab00000|100%| O|  |TAMS 0x000000008aa00000| PB 0x000000008aa00000| Untracked 
| 171|0x000000008ab00000, 0x000000008ac00000, 0x000000008ac00000|100%| O|  |TAMS 0x000000008ab00000| PB 0x000000008ab00000| Untracked 
| 172|0x000000008ac00000, 0x000000008ad00000, 0x000000008ad00000|100%| O|  |TAMS 0x000000008ac00000| PB 0x000000008ac00000| Untracked 
| 173|0x000000008ad00000, 0x000000008ae00000, 0x000000008ae00000|100%| O|  |TAMS 0x000000008ad00000| PB 0x000000008ad00000| Untracked 
| 174|0x000000008ae00000, 0x000000008af00000, 0x000000008af00000|100%| O|  |TAMS 0x000000008ae00000| PB 0x000000008ae00000| Untracked 
| 175|0x000000008af00000, 0x000000008b000000, 0x000000008b000000|100%| O|  |TAMS 0x000000008af00000| PB 0x000000008af00000| Untracked 
| 176|0x000000008b000000, 0x000000008b100000, 0x000000008b100000|100%| O|  |TAMS 0x000000008b000000| PB 0x000000008b000000| Untracked 
| 177|0x000000008b100000, 0x000000008b200000, 0x000000008b200000|100%| O|  |TAMS 0x000000008b100000| PB 0x000000008b100000| Untracked 
| 178|0x000000008b200000, 0x000000008b300000, 0x000000008b300000|100%| O|  |TAMS 0x000000008b200000| PB 0x000000008b200000| Untracked 
| 179|0x000000008b300000, 0x000000008b400000, 0x000000008b400000|100%| O|  |TAMS 0x000000008b300000| PB 0x000000008b300000| Untracked 
| 180|0x000000008b400000, 0x000000008b500000, 0x000000008b500000|100%| O|  |TAMS 0x000000008b400000| PB 0x000000008b400000| Untracked 
| 181|0x000000008b500000, 0x000000008b600000, 0x000000008b600000|100%| O|  |TAMS 0x000000008b500000| PB 0x000000008b500000| Untracked 
| 182|0x000000008b600000, 0x000000008b700000, 0x000000008b700000|100%| O|  |TAMS 0x000000008b600000| PB 0x000000008b600000| Untracked 
| 183|0x000000008b700000, 0x000000008b800000, 0x000000008b800000|100%| O|  |TAMS 0x000000008b700000| PB 0x000000008b700000| Untracked 
| 184|0x000000008b800000, 0x000000008b900000, 0x000000008b900000|100%| O|  |TAMS 0x000000008b800000| PB 0x000000008b800000| Untracked 
| 185|0x000000008b900000, 0x000000008ba00000, 0x000000008ba00000|100%| O|  |TAMS 0x000000008b900000| PB 0x000000008b900000| Untracked 
| 186|0x000000008ba00000, 0x000000008bb00000, 0x000000008bb00000|100%| O|  |TAMS 0x000000008ba00000| PB 0x000000008ba00000| Untracked 
| 187|0x000000008bb00000, 0x000000008bc00000, 0x000000008bc00000|100%| O|  |TAMS 0x000000008bb00000| PB 0x000000008bb00000| Untracked 
| 188|0x000000008bc00000, 0x000000008bd00000, 0x000000008bd00000|100%| O|  |TAMS 0x000000008bc00000| PB 0x000000008bc00000| Untracked 
| 189|0x000000008bd00000, 0x000000008be00000, 0x000000008be00000|100%| O|  |TAMS 0x000000008bd00000| PB 0x000000008bd00000| Untracked 
| 190|0x000000008be00000, 0x000000008bf00000, 0x000000008bf00000|100%| O|  |TAMS 0x000000008be00000| PB 0x000000008be00000| Untracked 
| 191|0x000000008bf00000, 0x000000008c000000, 0x000000008c000000|100%| O|  |TAMS 0x000000008bf00000| PB 0x000000008bf00000| Untracked 
| 192|0x000000008c000000, 0x000000008c100000, 0x000000008c100000|100%| O|  |TAMS 0x000000008c000000| PB 0x000000008c000000| Untracked 
| 193|0x000000008c100000, 0x000000008c200000, 0x000000008c200000|100%| O|  |TAMS 0x000000008c100000| PB 0x000000008c100000| Untracked 
| 194|0x000000008c200000, 0x000000008c300000, 0x000000008c300000|100%| O|  |TAMS 0x000000008c200000| PB 0x000000008c200000| Untracked 
| 195|0x000000008c300000, 0x000000008c400000, 0x000000008c400000|100%| O|  |TAMS 0x000000008c300000| PB 0x000000008c300000| Untracked 
| 196|0x000000008c400000, 0x000000008c500000, 0x000000008c500000|100%| O|  |TAMS 0x000000008c400000| PB 0x000000008c400000| Untracked 
| 197|0x000000008c500000, 0x000000008c600000, 0x000000008c600000|100%| O|  |TAMS 0x000000008c500000| PB 0x000000008c500000| Untracked 
| 198|0x000000008c600000, 0x000000008c700000, 0x000000008c700000|100%| O|  |TAMS 0x000000008c600000| PB 0x000000008c600000| Untracked 
| 199|0x000000008c700000, 0x000000008c800000, 0x000000008c800000|100%| O|  |TAMS 0x000000008c700000| PB 0x000000008c700000| Untracked 
| 200|0x000000008c800000, 0x000000008c900000, 0x000000008c900000|100%| O|  |TAMS 0x000000008c800000| PB 0x000000008c800000| Untracked 
| 201|0x000000008c900000, 0x000000008ca00000, 0x000000008ca00000|100%| O|  |TAMS 0x000000008c900000| PB 0x000000008c900000| Untracked 
| 202|0x000000008ca00000, 0x000000008cb00000, 0x000000008cb00000|100%| O|  |TAMS 0x000000008ca00000| PB 0x000000008ca00000| Untracked 
| 203|0x000000008cb00000, 0x000000008cc00000, 0x000000008cc00000|100%| O|  |TAMS 0x000000008cb00000| PB 0x000000008cb00000| Untracked 
| 204|0x000000008cc00000, 0x000000008cd00000, 0x000000008cd00000|100%| O|  |TAMS 0x000000008cc00000| PB 0x000000008cc00000| Untracked 
| 205|0x000000008cd00000, 0x000000008ce00000, 0x000000008ce00000|100%| O|  |TAMS 0x000000008cd00000| PB 0x000000008cd00000| Untracked 
| 206|0x000000008ce00000, 0x000000008cf00000, 0x000000008cf00000|100%| O|  |TAMS 0x000000008ce00000| PB 0x000000008ce00000| Untracked 
| 207|0x000000008cf00000, 0x000000008d000000, 0x000000008d000000|100%| O|  |TAMS 0x000000008cf00000| PB 0x000000008cf00000| Untracked 
| 208|0x000000008d000000, 0x000000008d100000, 0x000000008d100000|100%| O|  |TAMS 0x000000008d000000| PB 0x000000008d000000| Untracked 
| 209|0x000000008d100000, 0x000000008d200000, 0x000000008d200000|100%| O|  |TAMS 0x000000008d100000| PB 0x000000008d100000| Untracked 
| 210|0x000000008d200000, 0x000000008d300000, 0x000000008d300000|100%| O|  |TAMS 0x000000008d200000| PB 0x000000008d200000| Untracked 
| 211|0x000000008d300000, 0x000000008d400000, 0x000000008d400000|100%| O|  |TAMS 0x000000008d300000| PB 0x000000008d300000| Untracked 
| 212|0x000000008d400000, 0x000000008d500000, 0x000000008d500000|100%| O|  |TAMS 0x000000008d400000| PB 0x000000008d400000| Untracked 
| 213|0x000000008d500000, 0x000000008d600000, 0x000000008d600000|100%| O|  |TAMS 0x000000008d500000| PB 0x000000008d500000| Untracked 
| 214|0x000000008d600000, 0x000000008d700000, 0x000000008d700000|100%| O|  |TAMS 0x000000008d600000| PB 0x000000008d600000| Untracked 
| 215|0x000000008d700000, 0x000000008d800000, 0x000000008d800000|100%| O|  |TAMS 0x000000008d700000| PB 0x000000008d700000| Untracked 
| 216|0x000000008d800000, 0x000000008d900000, 0x000000008d900000|100%| O|  |TAMS 0x000000008d800000| PB 0x000000008d800000| Untracked 
| 217|0x000000008d900000, 0x000000008da00000, 0x000000008da00000|100%| O|  |TAMS 0x000000008d900000| PB 0x000000008d900000| Untracked 
| 218|0x000000008da00000, 0x000000008db00000, 0x000000008db00000|100%| O|  |TAMS 0x000000008da00000| PB 0x000000008da00000| Untracked 
| 219|0x000000008db00000, 0x000000008dc00000, 0x000000008dc00000|100%| O|  |TAMS 0x000000008db00000| PB 0x000000008db00000| Untracked 
| 220|0x000000008dc00000, 0x000000008dd00000, 0x000000008dd00000|100%| O|  |TAMS 0x000000008dc00000| PB 0x000000008dc00000| Untracked 
| 221|0x000000008dd00000, 0x000000008de00000, 0x000000008de00000|100%| O|  |TAMS 0x000000008dd00000| PB 0x000000008dd00000| Untracked 
| 222|0x000000008de00000, 0x000000008df00000, 0x000000008df00000|100%| O|  |TAMS 0x000000008de00000| PB 0x000000008de00000| Untracked 
| 223|0x000000008df00000, 0x000000008e000000, 0x000000008e000000|100%| O|  |TAMS 0x000000008df00000| PB 0x000000008df00000| Untracked 
| 224|0x000000008e000000, 0x000000008e100000, 0x000000008e100000|100%| O|  |TAMS 0x000000008e000000| PB 0x000000008e000000| Untracked 
| 225|0x000000008e100000, 0x000000008e200000, 0x000000008e200000|100%| O|  |TAMS 0x000000008e100000| PB 0x000000008e100000| Untracked 
| 226|0x000000008e200000, 0x000000008e300000, 0x000000008e300000|100%| O|  |TAMS 0x000000008e200000| PB 0x000000008e200000| Untracked 
| 227|0x000000008e300000, 0x000000008e400000, 0x000000008e400000|100%| O|  |TAMS 0x000000008e300000| PB 0x000000008e300000| Untracked 
| 228|0x000000008e400000, 0x000000008e500000, 0x000000008e500000|100%| O|  |TAMS 0x000000008e400000| PB 0x000000008e400000| Untracked 
| 229|0x000000008e500000, 0x000000008e600000, 0x000000008e600000|100%| O|  |TAMS 0x000000008e500000| PB 0x000000008e500000| Untracked 
| 230|0x000000008e600000, 0x000000008e700000, 0x000000008e700000|100%| O|  |TAMS 0x000000008e600000| PB 0x000000008e600000| Untracked 
| 231|0x000000008e700000, 0x000000008e800000, 0x000000008e800000|100%| O|  |TAMS 0x000000008e700000| PB 0x000000008e700000| Untracked 
| 232|0x000000008e800000, 0x000000008e900000, 0x000000008e900000|100%| O|  |TAMS 0x000000008e800000| PB 0x000000008e800000| Untracked 
| 233|0x000000008e900000, 0x000000008ea00000, 0x000000008ea00000|100%| O|  |TAMS 0x000000008e900000| PB 0x000000008e900000| Untracked 
| 234|0x000000008ea00000, 0x000000008eb00000, 0x000000008eb00000|100%| O|  |TAMS 0x000000008ea00000| PB 0x000000008ea00000| Untracked 
| 235|0x000000008eb00000, 0x000000008ec00000, 0x000000008ec00000|100%| O|  |TAMS 0x000000008eb00000| PB 0x000000008eb00000| Untracked 
| 236|0x000000008ec00000, 0x000000008ed00000, 0x000000008ed00000|100%| O|  |TAMS 0x000000008ec00000| PB 0x000000008ec00000| Untracked 
| 237|0x000000008ed00000, 0x000000008ee00000, 0x000000008ee00000|100%| O|  |TAMS 0x000000008ed00000| PB 0x000000008ed00000| Untracked 
| 238|0x000000008ee00000, 0x000000008ef00000, 0x000000008ef00000|100%| O|  |TAMS 0x000000008ee00000| PB 0x000000008ee00000| Untracked 
| 239|0x000000008ef00000, 0x000000008f000000, 0x000000008f000000|100%| O|  |TAMS 0x000000008ef00000| PB 0x000000008ef00000| Untracked 
| 240|0x000000008f000000, 0x000000008f100000, 0x000000008f100000|100%| O|  |TAMS 0x000000008f000000| PB 0x000000008f000000| Untracked 
| 241|0x000000008f100000, 0x000000008f200000, 0x000000008f200000|100%| O|  |TAMS 0x000000008f100000| PB 0x000000008f100000| Untracked 
| 242|0x000000008f200000, 0x000000008f300000, 0x000000008f300000|100%| O|  |TAMS 0x000000008f200000| PB 0x000000008f200000| Untracked 
| 243|0x000000008f300000, 0x000000008f400000, 0x000000008f400000|100%| O|  |TAMS 0x000000008f300000| PB 0x000000008f300000| Untracked 
| 244|0x000000008f400000, 0x000000008f500000, 0x000000008f500000|100%| O|  |TAMS 0x000000008f400000| PB 0x000000008f400000| Untracked 
| 245|0x000000008f500000, 0x000000008f600000, 0x000000008f600000|100%| O|  |TAMS 0x000000008f500000| PB 0x000000008f500000| Untracked 
| 246|0x000000008f600000, 0x000000008f700000, 0x000000008f700000|100%| O|  |TAMS 0x000000008f600000| PB 0x000000008f600000| Untracked 
| 247|0x000000008f700000, 0x000000008f800000, 0x000000008f800000|100%| O|  |TAMS 0x000000008f700000| PB 0x000000008f700000| Untracked 
| 248|0x000000008f800000, 0x000000008f900000, 0x000000008f900000|100%| O|  |TAMS 0x000000008f800000| PB 0x000000008f800000| Untracked 
| 249|0x000000008f900000, 0x000000008fa00000, 0x000000008fa00000|100%| O|  |TAMS 0x000000008f900000| PB 0x000000008f900000| Untracked 
| 250|0x000000008fa00000, 0x000000008fb00000, 0x000000008fb00000|100%| O|  |TAMS 0x000000008fa00000| PB 0x000000008fa00000| Untracked 
| 251|0x000000008fb00000, 0x000000008fc00000, 0x000000008fc00000|100%| O|  |TAMS 0x000000008fb00000| PB 0x000000008fb00000| Untracked 
| 252|0x000000008fc00000, 0x000000008fd00000, 0x000000008fd00000|100%| O|  |TAMS 0x000000008fc00000| PB 0x000000008fc00000| Untracked 
| 253|0x000000008fd00000, 0x000000008fe00000, 0x000000008fe00000|100%| O|  |TAMS 0x000000008fd00000| PB 0x000000008fd00000| Untracked 
| 254|0x000000008fe00000, 0x000000008ff00000, 0x000000008ff00000|100%| O|  |TAMS 0x000000008fe00000| PB 0x000000008fe00000| Untracked 
| 255|0x000000008ff00000, 0x0000000090000000, 0x0000000090000000|100%| O|  |TAMS 0x000000008ff00000| PB 0x000000008ff00000| Untracked 
| 256|0x0000000090000000, 0x0000000090100000, 0x0000000090100000|100%| O|  |TAMS 0x0000000090000000| PB 0x0000000090000000| Untracked 
| 257|0x0000000090100000, 0x0000000090200000, 0x0000000090200000|100%| O|  |TAMS 0x0000000090100000| PB 0x0000000090100000| Untracked 
| 258|0x0000000090200000, 0x0000000090300000, 0x0000000090300000|100%| O|  |TAMS 0x0000000090200000| PB 0x0000000090200000| Untracked 
| 259|0x0000000090300000, 0x0000000090400000, 0x0000000090400000|100%| O|  |TAMS 0x0000000090300000| PB 0x0000000090300000| Untracked 
| 260|0x0000000090400000, 0x0000000090500000, 0x0000000090500000|100%| O|  |TAMS 0x0000000090400000| PB 0x0000000090400000| Untracked 
| 261|0x0000000090500000, 0x0000000090600000, 0x0000000090600000|100%| O|  |TAMS 0x0000000090500000| PB 0x0000000090500000| Untracked 
| 262|0x0000000090600000, 0x0000000090700000, 0x0000000090700000|100%| O|  |TAMS 0x0000000090600000| PB 0x0000000090600000| Untracked 
| 263|0x0000000090700000, 0x0000000090800000, 0x0000000090800000|100%| O|  |TAMS 0x0000000090700000| PB 0x0000000090700000| Untracked 
| 264|0x0000000090800000, 0x0000000090900000, 0x0000000090900000|100%| O|  |TAMS 0x0000000090800000| PB 0x0000000090800000| Untracked 
| 265|0x0000000090900000, 0x0000000090a00000, 0x0000000090a00000|100%| O|  |TAMS 0x0000000090900000| PB 0x0000000090900000| Untracked 
| 266|0x0000000090a00000, 0x0000000090b00000, 0x0000000090b00000|100%| O|  |TAMS 0x0000000090a00000| PB 0x0000000090a00000| Untracked 
| 267|0x0000000090b00000, 0x0000000090c00000, 0x0000000090c00000|100%| O|  |TAMS 0x0000000090b00000| PB 0x0000000090b00000| Untracked 
| 268|0x0000000090c00000, 0x0000000090d00000, 0x0000000090d00000|100%| O|  |TAMS 0x0000000090c00000| PB 0x0000000090c00000| Untracked 
| 269|0x0000000090d00000, 0x0000000090e00000, 0x0000000090e00000|100%| O|  |TAMS 0x0000000090d00000| PB 0x0000000090d00000| Untracked 
| 270|0x0000000090e00000, 0x0000000090f00000, 0x0000000090f00000|100%| O|  |TAMS 0x0000000090e00000| PB 0x0000000090e00000| Untracked 
| 271|0x0000000090f00000, 0x0000000091000000, 0x0000000091000000|100%| O|  |TAMS 0x0000000090f00000| PB 0x0000000090f00000| Untracked 
| 272|0x0000000091000000, 0x0000000091100000, 0x0000000091100000|100%| O|  |TAMS 0x0000000091000000| PB 0x0000000091000000| Untracked 
| 273|0x0000000091100000, 0x0000000091200000, 0x0000000091200000|100%| O|  |TAMS 0x0000000091100000| PB 0x0000000091100000| Untracked 
| 274|0x0000000091200000, 0x0000000091300000, 0x0000000091300000|100%| O|  |TAMS 0x0000000091200000| PB 0x0000000091200000| Untracked 
| 275|0x0000000091300000, 0x0000000091400000, 0x0000000091400000|100%| O|  |TAMS 0x0000000091300000| PB 0x0000000091300000| Untracked 
| 276|0x0000000091400000, 0x0000000091500000, 0x0000000091500000|100%| O|  |TAMS 0x0000000091400000| PB 0x0000000091400000| Untracked 
| 277|0x0000000091500000, 0x0000000091600000, 0x0000000091600000|100%| O|  |TAMS 0x0000000091500000| PB 0x0000000091500000| Untracked 
| 278|0x0000000091600000, 0x0000000091700000, 0x0000000091700000|100%| O|  |TAMS 0x0000000091600000| PB 0x0000000091600000| Untracked 
| 279|0x0000000091700000, 0x0000000091800000, 0x0000000091800000|100%| O|  |TAMS 0x0000000091700000| PB 0x0000000091700000| Untracked 
| 280|0x0000000091800000, 0x0000000091900000, 0x0000000091900000|100%| O|  |TAMS 0x0000000091800000| PB 0x0000000091800000| Untracked 
| 281|0x0000000091900000, 0x0000000091a00000, 0x0000000091a00000|100%| O|  |TAMS 0x0000000091900000| PB 0x0000000091900000| Untracked 
| 282|0x0000000091a00000, 0x0000000091b00000, 0x0000000091b00000|100%| O|  |TAMS 0x0000000091a00000| PB 0x0000000091a00000| Untracked 
| 283|0x0000000091b00000, 0x0000000091c00000, 0x0000000091c00000|100%| O|  |TAMS 0x0000000091b00000| PB 0x0000000091b00000| Untracked 
| 284|0x0000000091c00000, 0x0000000091d00000, 0x0000000091d00000|100%| O|  |TAMS 0x0000000091c00000| PB 0x0000000091c00000| Untracked 
| 285|0x0000000091d00000, 0x0000000091e00000, 0x0000000091e00000|100%| O|  |TAMS 0x0000000091d00000| PB 0x0000000091d00000| Untracked 
| 286|0x0000000091e00000, 0x0000000091f00000, 0x0000000091f00000|100%| O|  |TAMS 0x0000000091e00000| PB 0x0000000091e00000| Untracked 
| 287|0x0000000091f00000, 0x0000000092000000, 0x0000000092000000|100%| O|  |TAMS 0x0000000091f00000| PB 0x0000000091f00000| Untracked 
| 288|0x0000000092000000, 0x0000000092100000, 0x0000000092100000|100%| O|  |TAMS 0x0000000092000000| PB 0x0000000092000000| Untracked 
| 289|0x0000000092100000, 0x0000000092200000, 0x0000000092200000|100%| O|  |TAMS 0x0000000092100000| PB 0x0000000092100000| Untracked 
| 290|0x0000000092200000, 0x0000000092300000, 0x0000000092300000|100%| O|  |TAMS 0x0000000092200000| PB 0x0000000092200000| Untracked 
| 291|0x0000000092300000, 0x0000000092400000, 0x0000000092400000|100%| O|  |TAMS 0x0000000092300000| PB 0x0000000092300000| Untracked 
| 292|0x0000000092400000, 0x0000000092500000, 0x0000000092500000|100%| O|  |TAMS 0x0000000092400000| PB 0x0000000092400000| Untracked 
| 293|0x0000000092500000, 0x0000000092600000, 0x0000000092600000|100%| O|  |TAMS 0x0000000092500000| PB 0x0000000092500000| Untracked 
| 294|0x0000000092600000, 0x0000000092700000, 0x0000000092700000|100%| O|  |TAMS 0x0000000092600000| PB 0x0000000092600000| Untracked 
| 295|0x0000000092700000, 0x0000000092800000, 0x0000000092800000|100%| O|  |TAMS 0x0000000092700000| PB 0x0000000092700000| Untracked 
| 296|0x0000000092800000, 0x0000000092900000, 0x0000000092900000|100%| O|  |TAMS 0x0000000092800000| PB 0x0000000092800000| Untracked 
| 297|0x0000000092900000, 0x0000000092a00000, 0x0000000092a00000|100%| O|  |TAMS 0x0000000092900000| PB 0x0000000092900000| Untracked 
| 298|0x0000000092a00000, 0x0000000092b00000, 0x0000000092b00000|100%| O|  |TAMS 0x0000000092a00000| PB 0x0000000092a00000| Untracked 
| 299|0x0000000092b00000, 0x0000000092c00000, 0x0000000092c00000|100%| O|  |TAMS 0x0000000092b00000| PB 0x0000000092b00000| Untracked 
| 300|0x0000000092c00000, 0x0000000092d00000, 0x0000000092d00000|100%| O|  |TAMS 0x0000000092c00000| PB 0x0000000092c00000| Untracked 
| 301|0x0000000092d00000, 0x0000000092e00000, 0x0000000092e00000|100%| O|  |TAMS 0x0000000092d00000| PB 0x0000000092d00000| Untracked 
| 302|0x0000000092e00000, 0x0000000092f00000, 0x0000000092f00000|100%| O|  |TAMS 0x0000000092e00000| PB 0x0000000092e00000| Untracked 
| 303|0x0000000092f00000, 0x0000000093000000, 0x0000000093000000|100%| O|  |TAMS 0x0000000092f00000| PB 0x0000000092f00000| Untracked 
| 304|0x0000000093000000, 0x0000000093100000, 0x0000000093100000|100%| O|  |TAMS 0x0000000093000000| PB 0x0000000093000000| Untracked 
| 305|0x0000000093100000, 0x0000000093200000, 0x0000000093200000|100%| O|  |TAMS 0x0000000093100000| PB 0x0000000093100000| Untracked 
| 306|0x0000000093200000, 0x0000000093300000, 0x0000000093300000|100%| O|  |TAMS 0x0000000093200000| PB 0x0000000093200000| Untracked 
| 307|0x0000000093300000, 0x0000000093400000, 0x0000000093400000|100%| O|  |TAMS 0x0000000093300000| PB 0x0000000093300000| Untracked 
| 308|0x0000000093400000, 0x0000000093500000, 0x0000000093500000|100%| O|  |TAMS 0x0000000093400000| PB 0x0000000093400000| Untracked 
| 309|0x0000000093500000, 0x0000000093600000, 0x0000000093600000|100%| O|  |TAMS 0x0000000093500000| PB 0x0000000093500000| Untracked 
| 310|0x0000000093600000, 0x0000000093700000, 0x0000000093700000|100%| O|  |TAMS 0x0000000093600000| PB 0x0000000093600000| Untracked 
| 311|0x0000000093700000, 0x0000000093800000, 0x0000000093800000|100%| O|  |TAMS 0x0000000093700000| PB 0x0000000093700000| Untracked 
| 312|0x0000000093800000, 0x0000000093900000, 0x0000000093900000|100%| O|  |TAMS 0x0000000093800000| PB 0x0000000093800000| Untracked 
| 313|0x0000000093900000, 0x0000000093a00000, 0x0000000093a00000|100%| O|  |TAMS 0x0000000093900000| PB 0x0000000093900000| Untracked 
| 314|0x0000000093a00000, 0x0000000093b00000, 0x0000000093b00000|100%| O|  |TAMS 0x0000000093a00000| PB 0x0000000093a00000| Untracked 
| 315|0x0000000093b00000, 0x0000000093c00000, 0x0000000093c00000|100%| O|  |TAMS 0x0000000093b00000| PB 0x0000000093b00000| Untracked 
| 316|0x0000000093c00000, 0x0000000093d00000, 0x0000000093d00000|100%| O|  |TAMS 0x0000000093c00000| PB 0x0000000093c00000| Untracked 
| 317|0x0000000093d00000, 0x0000000093e00000, 0x0000000093e00000|100%| O|  |TAMS 0x0000000093d00000| PB 0x0000000093d00000| Untracked 
| 318|0x0000000093e00000, 0x0000000093f00000, 0x0000000093f00000|100%| O|  |TAMS 0x0000000093e00000| PB 0x0000000093e00000| Untracked 
| 319|0x0000000093f00000, 0x0000000094000000, 0x0000000094000000|100%| O|  |TAMS 0x0000000093f00000| PB 0x0000000093f00000| Untracked 
| 320|0x0000000094000000, 0x0000000094100000, 0x0000000094100000|100%| O|  |TAMS 0x0000000094000000| PB 0x0000000094000000| Untracked 
| 321|0x0000000094100000, 0x0000000094200000, 0x0000000094200000|100%| O|  |TAMS 0x0000000094100000| PB 0x0000000094100000| Untracked 
| 322|0x0000000094200000, 0x0000000094300000, 0x0000000094300000|100%| O|  |TAMS 0x0000000094200000| PB 0x0000000094200000| Untracked 
| 323|0x0000000094300000, 0x0000000094400000, 0x0000000094400000|100%| O|  |TAMS 0x0000000094300000| PB 0x0000000094300000| Untracked 
| 324|0x0000000094400000, 0x0000000094500000, 0x0000000094500000|100%| O|  |TAMS 0x0000000094400000| PB 0x0000000094400000| Untracked 
| 325|0x0000000094500000, 0x0000000094600000, 0x0000000094600000|100%| O|  |TAMS 0x0000000094500000| PB 0x0000000094500000| Untracked 
| 326|0x0000000094600000, 0x0000000094700000, 0x0000000094700000|100%| O|  |TAMS 0x0000000094600000| PB 0x0000000094600000| Untracked 
| 327|0x0000000094700000, 0x0000000094800000, 0x0000000094800000|100%| O|  |TAMS 0x0000000094700000| PB 0x0000000094700000| Untracked 
| 328|0x0000000094800000, 0x0000000094900000, 0x0000000094900000|100%| O|  |TAMS 0x0000000094800000| PB 0x0000000094800000| Untracked 
| 329|0x0000000094900000, 0x0000000094a00000, 0x0000000094a00000|100%| O|  |TAMS 0x0000000094900000| PB 0x0000000094900000| Untracked 
| 330|0x0000000094a00000, 0x0000000094b00000, 0x0000000094b00000|100%| O|  |TAMS 0x0000000094a00000| PB 0x0000000094a00000| Untracked 
| 331|0x0000000094b00000, 0x0000000094c00000, 0x0000000094c00000|100%| O|  |TAMS 0x0000000094b00000| PB 0x0000000094b00000| Untracked 
| 332|0x0000000094c00000, 0x0000000094d00000, 0x0000000094d00000|100%| O|  |TAMS 0x0000000094c00000| PB 0x0000000094c00000| Untracked 
| 333|0x0000000094d00000, 0x0000000094e00000, 0x0000000094e00000|100%| O|  |TAMS 0x0000000094d00000| PB 0x0000000094d00000| Untracked 
| 334|0x0000000094e00000, 0x0000000094f00000, 0x0000000094f00000|100%| O|  |TAMS 0x0000000094e00000| PB 0x0000000094e00000| Untracked 
| 335|0x0000000094f00000, 0x0000000095000000, 0x0000000095000000|100%| O|  |TAMS 0x0000000094f00000| PB 0x0000000094f00000| Untracked 
| 336|0x0000000095000000, 0x0000000095100000, 0x0000000095100000|100%| O|  |TAMS 0x0000000095000000| PB 0x0000000095000000| Untracked 
| 337|0x0000000095100000, 0x0000000095200000, 0x0000000095200000|100%| O|  |TAMS 0x0000000095100000| PB 0x0000000095100000| Untracked 
| 338|0x0000000095200000, 0x0000000095300000, 0x0000000095300000|100%| O|  |TAMS 0x0000000095200000| PB 0x0000000095200000| Untracked 
| 339|0x0000000095300000, 0x0000000095400000, 0x0000000095400000|100%| O|  |TAMS 0x0000000095300000| PB 0x0000000095300000| Untracked 
| 340|0x0000000095400000, 0x0000000095500000, 0x0000000095500000|100%| O|  |TAMS 0x0000000095400000| PB 0x0000000095400000| Untracked 
| 341|0x0000000095500000, 0x0000000095600000, 0x0000000095600000|100%| O|  |TAMS 0x0000000095500000| PB 0x0000000095500000| Untracked 
| 342|0x0000000095600000, 0x0000000095700000, 0x0000000095700000|100%| O|  |TAMS 0x0000000095600000| PB 0x0000000095600000| Untracked 
| 343|0x0000000095700000, 0x0000000095800000, 0x0000000095800000|100%| O|  |TAMS 0x0000000095700000| PB 0x0000000095700000| Untracked 
| 344|0x0000000095800000, 0x0000000095900000, 0x0000000095900000|100%| O|  |TAMS 0x0000000095800000| PB 0x0000000095800000| Untracked 
| 345|0x0000000095900000, 0x0000000095a00000, 0x0000000095a00000|100%| O|  |TAMS 0x0000000095900000| PB 0x0000000095900000| Untracked 
| 346|0x0000000095a00000, 0x0000000095b00000, 0x0000000095b00000|100%| O|  |TAMS 0x0000000095a00000| PB 0x0000000095a00000| Untracked 
| 347|0x0000000095b00000, 0x0000000095c00000, 0x0000000095c00000|100%| O|  |TAMS 0x0000000095b00000| PB 0x0000000095b00000| Untracked 
| 348|0x0000000095c00000, 0x0000000095d00000, 0x0000000095d00000|100%| O|  |TAMS 0x0000000095c00000| PB 0x0000000095c00000| Untracked 
| 349|0x0000000095d00000, 0x0000000095e00000, 0x0000000095e00000|100%| O|  |TAMS 0x0000000095d00000| PB 0x0000000095d00000| Untracked 
| 350|0x0000000095e00000, 0x0000000095f00000, 0x0000000095f00000|100%| O|  |TAMS 0x0000000095e00000| PB 0x0000000095e00000| Untracked 
| 351|0x0000000095f00000, 0x0000000096000000, 0x0000000096000000|100%| O|  |TAMS 0x0000000095f00000| PB 0x0000000095f00000| Untracked 
| 352|0x0000000096000000, 0x0000000096100000, 0x0000000096100000|100%| O|  |TAMS 0x0000000096000000| PB 0x0000000096000000| Untracked 
| 353|0x0000000096100000, 0x0000000096200000, 0x0000000096200000|100%| O|  |TAMS 0x0000000096100000| PB 0x0000000096100000| Untracked 
| 354|0x0000000096200000, 0x0000000096300000, 0x0000000096300000|100%| O|  |TAMS 0x0000000096200000| PB 0x0000000096200000| Untracked 
| 355|0x0000000096300000, 0x0000000096400000, 0x0000000096400000|100%| O|  |TAMS 0x0000000096300000| PB 0x0000000096300000| Untracked 
| 356|0x0000000096400000, 0x0000000096500000, 0x0000000096500000|100%| O|  |TAMS 0x0000000096400000| PB 0x0000000096400000| Untracked 
| 357|0x0000000096500000, 0x0000000096600000, 0x0000000096600000|100%| O|  |TAMS 0x0000000096500000| PB 0x0000000096500000| Untracked 
| 358|0x0000000096600000, 0x0000000096700000, 0x0000000096700000|100%| O|  |TAMS 0x0000000096600000| PB 0x0000000096600000| Untracked 
| 359|0x0000000096700000, 0x0000000096800000, 0x0000000096800000|100%| O|  |TAMS 0x0000000096700000| PB 0x0000000096700000| Untracked 
| 360|0x0000000096800000, 0x0000000096900000, 0x0000000096900000|100%| O|  |TAMS 0x0000000096800000| PB 0x0000000096800000| Untracked 
| 361|0x0000000096900000, 0x0000000096a00000, 0x0000000096a00000|100%| O|  |TAMS 0x0000000096900000| PB 0x0000000096900000| Untracked 
| 362|0x0000000096a00000, 0x0000000096b00000, 0x0000000096b00000|100%| O|  |TAMS 0x0000000096a00000| PB 0x0000000096a00000| Untracked 
| 363|0x0000000096b00000, 0x0000000096c00000, 0x0000000096c00000|100%| O|  |TAMS 0x0000000096b00000| PB 0x0000000096b00000| Untracked 
| 364|0x0000000096c00000, 0x0000000096d00000, 0x0000000096d00000|100%| O|  |TAMS 0x0000000096c00000| PB 0x0000000096c00000| Untracked 
| 365|0x0000000096d00000, 0x0000000096e00000, 0x0000000096e00000|100%| O|  |TAMS 0x0000000096d00000| PB 0x0000000096d00000| Untracked 
| 366|0x0000000096e00000, 0x0000000096e00000, 0x0000000096f00000|  0%| F|  |TAMS 0x0000000096e00000| PB 0x0000000096e00000| Untracked 
| 367|0x0000000096f00000, 0x0000000096f00000, 0x0000000097000000|  0%| F|  |TAMS 0x0000000096f00000| PB 0x0000000096f00000| Untracked 
| 368|0x0000000097000000, 0x0000000097000000, 0x0000000097100000|  0%| F|  |TAMS 0x0000000097000000| PB 0x0000000097000000| Untracked 
| 369|0x0000000097100000, 0x0000000097100000, 0x0000000097200000|  0%| F|  |TAMS 0x0000000097100000| PB 0x0000000097100000| Untracked 
| 370|0x0000000097200000, 0x0000000097200000, 0x0000000097300000|  0%| F|  |TAMS 0x0000000097200000| PB 0x0000000097200000| Untracked 
| 371|0x0000000097300000, 0x0000000097300000, 0x0000000097400000|  0%| F|  |TAMS 0x0000000097300000| PB 0x0000000097300000| Untracked 
| 372|0x0000000097400000, 0x0000000097400000, 0x0000000097500000|  0%| F|  |TAMS 0x0000000097400000| PB 0x0000000097400000| Untracked 
| 373|0x0000000097500000, 0x0000000097500000, 0x0000000097600000|  0%| F|  |TAMS 0x0000000097500000| PB 0x0000000097500000| Untracked 
| 374|0x0000000097600000, 0x0000000097600000, 0x0000000097700000|  0%| F|  |TAMS 0x0000000097600000| PB 0x0000000097600000| Untracked 
| 375|0x0000000097700000, 0x0000000097700000, 0x0000000097800000|  0%| F|  |TAMS 0x0000000097700000| PB 0x0000000097700000| Untracked 
| 376|0x0000000097800000, 0x0000000097800000, 0x0000000097900000|  0%| F|  |TAMS 0x0000000097800000| PB 0x0000000097800000| Untracked 
| 377|0x0000000097900000, 0x0000000097900000, 0x0000000097a00000|  0%| F|  |TAMS 0x0000000097900000| PB 0x0000000097900000| Untracked 
| 378|0x0000000097a00000, 0x0000000097a00000, 0x0000000097b00000|  0%| F|  |TAMS 0x0000000097a00000| PB 0x0000000097a00000| Untracked 
| 379|0x0000000097b00000, 0x0000000097b00000, 0x0000000097c00000|  0%| F|  |TAMS 0x0000000097b00000| PB 0x0000000097b00000| Untracked 
| 380|0x0000000097c00000, 0x0000000097c00000, 0x0000000097d00000|  0%| F|  |TAMS 0x0000000097c00000| PB 0x0000000097c00000| Untracked 
| 381|0x0000000097d00000, 0x0000000097d00000, 0x0000000097e00000|  0%| F|  |TAMS 0x0000000097d00000| PB 0x0000000097d00000| Untracked 
| 382|0x0000000097e00000, 0x0000000097e00000, 0x0000000097f00000|  0%| F|  |TAMS 0x0000000097e00000| PB 0x0000000097e00000| Untracked 
| 383|0x0000000097f00000, 0x0000000097f00000, 0x0000000098000000|  0%| F|  |TAMS 0x0000000097f00000| PB 0x0000000097f00000| Untracked 
| 384|0x0000000098000000, 0x0000000098000000, 0x0000000098100000|  0%| F|  |TAMS 0x0000000098000000| PB 0x0000000098000000| Untracked 
| 385|0x0000000098100000, 0x0000000098100000, 0x0000000098200000|  0%| F|  |TAMS 0x0000000098100000| PB 0x0000000098100000| Untracked 
| 386|0x0000000098200000, 0x0000000098200000, 0x0000000098300000|  0%| F|  |TAMS 0x0000000098200000| PB 0x0000000098200000| Untracked 
| 387|0x0000000098300000, 0x0000000098300000, 0x0000000098400000|  0%| F|  |TAMS 0x0000000098300000| PB 0x0000000098300000| Untracked 
| 388|0x0000000098400000, 0x0000000098400000, 0x0000000098500000|  0%| F|  |TAMS 0x0000000098400000| PB 0x0000000098400000| Untracked 
| 389|0x0000000098500000, 0x0000000098500000, 0x0000000098600000|  0%| F|  |TAMS 0x0000000098500000| PB 0x0000000098500000| Untracked 
| 390|0x0000000098600000, 0x0000000098600000, 0x0000000098700000|  0%| F|  |TAMS 0x0000000098600000| PB 0x0000000098600000| Untracked 
| 391|0x0000000098700000, 0x0000000098700000, 0x0000000098800000|  0%| F|  |TAMS 0x0000000098700000| PB 0x0000000098700000| Untracked 
| 392|0x0000000098800000, 0x0000000098800000, 0x0000000098900000|  0%| F|  |TAMS 0x0000000098800000| PB 0x0000000098800000| Untracked 
| 393|0x0000000098900000, 0x0000000098900000, 0x0000000098a00000|  0%| F|  |TAMS 0x0000000098900000| PB 0x0000000098900000| Untracked 
| 394|0x0000000098a00000, 0x0000000098a00000, 0x0000000098b00000|  0%| F|  |TAMS 0x0000000098a00000| PB 0x0000000098a00000| Untracked 
| 395|0x0000000098b00000, 0x0000000098b00000, 0x0000000098c00000|  0%| F|  |TAMS 0x0000000098b00000| PB 0x0000000098b00000| Untracked 
| 396|0x0000000098c00000, 0x0000000098c00000, 0x0000000098d00000|  0%| F|  |TAMS 0x0000000098c00000| PB 0x0000000098c00000| Untracked 
| 397|0x0000000098d00000, 0x0000000098d00000, 0x0000000098e00000|  0%| F|  |TAMS 0x0000000098d00000| PB 0x0000000098d00000| Untracked 
| 398|0x0000000098e00000, 0x0000000098f00000, 0x0000000098f00000|100%| O|  |TAMS 0x0000000098e00000| PB 0x0000000098e00000| Untracked 
| 399|0x0000000098f00000, 0x0000000099000000, 0x0000000099000000|100%| O|  |TAMS 0x0000000098f00000| PB 0x0000000098f00000| Untracked 
| 400|0x0000000099000000, 0x0000000099100000, 0x0000000099100000|100%| O|  |TAMS 0x0000000099000000| PB 0x0000000099000000| Untracked 
| 401|0x0000000099100000, 0x0000000099200000, 0x0000000099200000|100%| O|  |TAMS 0x0000000099100000| PB 0x0000000099100000| Untracked 
| 402|0x0000000099200000, 0x0000000099300000, 0x0000000099300000|100%| O|  |TAMS 0x0000000099200000| PB 0x0000000099200000| Untracked 
| 403|0x0000000099300000, 0x0000000099400000, 0x0000000099400000|100%| O|  |TAMS 0x0000000099300000| PB 0x0000000099300000| Untracked 
| 404|0x0000000099400000, 0x0000000099500000, 0x0000000099500000|100%| O|  |TAMS 0x0000000099400000| PB 0x0000000099400000| Untracked 
| 405|0x0000000099500000, 0x0000000099580000, 0x0000000099600000| 50%| O|  |TAMS 0x0000000099500000| PB 0x0000000099500000| Untracked 
| 406|0x0000000099600000, 0x0000000099600000, 0x0000000099700000|  0%| F|  |TAMS 0x0000000099600000| PB 0x0000000099600000| Untracked 
| 407|0x0000000099700000, 0x0000000099700000, 0x0000000099800000|  0%| F|  |TAMS 0x0000000099700000| PB 0x0000000099700000| Untracked 
| 408|0x0000000099800000, 0x0000000099800000, 0x0000000099900000|  0%| F|  |TAMS 0x0000000099800000| PB 0x0000000099800000| Untracked 
| 409|0x0000000099900000, 0x0000000099a00000, 0x0000000099a00000|100%| S|CS|TAMS 0x0000000099900000| PB 0x0000000099900000| Complete 
| 410|0x0000000099a00000, 0x0000000099b00000, 0x0000000099b00000|100%| S|CS|TAMS 0x0000000099a00000| PB 0x0000000099a00000| Complete 
| 411|0x0000000099b00000, 0x0000000099c00000, 0x0000000099c00000|100%| S|CS|TAMS 0x0000000099b00000| PB 0x0000000099b00000| Complete 
| 412|0x0000000099c00000, 0x0000000099d00000, 0x0000000099d00000|100%| S|CS|TAMS 0x0000000099c00000| PB 0x0000000099c00000| Complete 
| 413|0x0000000099d00000, 0x0000000099e00000, 0x0000000099e00000|100%| S|CS|TAMS 0x0000000099d00000| PB 0x0000000099d00000| Complete 
| 414|0x0000000099e00000, 0x0000000099f00000, 0x0000000099f00000|100%| S|CS|TAMS 0x0000000099e00000| PB 0x0000000099e00000| Complete 
| 415|0x0000000099f00000, 0x000000009a000000, 0x000000009a000000|100%| S|CS|TAMS 0x0000000099f00000| PB 0x0000000099f00000| Complete 
| 416|0x000000009a000000, 0x000000009a100000, 0x000000009a100000|100%| S|CS|TAMS 0x000000009a000000| PB 0x000000009a000000| Complete 
| 417|0x000000009a100000, 0x000000009a200000, 0x000000009a200000|100%| S|CS|TAMS 0x000000009a100000| PB 0x000000009a100000| Complete 
| 418|0x000000009a200000, 0x000000009a300000, 0x000000009a300000|100%| S|CS|TAMS 0x000000009a200000| PB 0x000000009a200000| Complete 
| 419|0x000000009a300000, 0x000000009a400000, 0x000000009a400000|100%| S|CS|TAMS 0x000000009a300000| PB 0x000000009a300000| Complete 
| 420|0x000000009a400000, 0x000000009a500000, 0x000000009a500000|100%| S|CS|TAMS 0x000000009a400000| PB 0x000000009a400000| Complete 
| 421|0x000000009a500000, 0x000000009a600000, 0x000000009a600000|100%| S|CS|TAMS 0x000000009a500000| PB 0x000000009a500000| Complete 
| 422|0x000000009a600000, 0x000000009a700000, 0x000000009a700000|100%| S|CS|TAMS 0x000000009a600000| PB 0x000000009a600000| Complete 
| 423|0x000000009a700000, 0x000000009a800000, 0x000000009a800000|100%| S|CS|TAMS 0x000000009a700000| PB 0x000000009a700000| Complete 
| 424|0x000000009a800000, 0x000000009a900000, 0x000000009a900000|100%| S|CS|TAMS 0x000000009a800000| PB 0x000000009a800000| Complete 
| 425|0x000000009a900000, 0x000000009aa00000, 0x000000009aa00000|100%| S|CS|TAMS 0x000000009a900000| PB 0x000000009a900000| Complete 
| 426|0x000000009aa00000, 0x000000009ab00000, 0x000000009ab00000|100%| S|CS|TAMS 0x000000009aa00000| PB 0x000000009aa00000| Complete 
| 427|0x000000009ab00000, 0x000000009ac00000, 0x000000009ac00000|100%| S|CS|TAMS 0x000000009ab00000| PB 0x000000009ab00000| Complete 
| 428|0x000000009ac00000, 0x000000009ad00000, 0x000000009ad00000|100%| S|CS|TAMS 0x000000009ac00000| PB 0x000000009ac00000| Complete 
| 429|0x000000009ad00000, 0x000000009ae00000, 0x000000009ae00000|100%| S|CS|TAMS 0x000000009ad00000| PB 0x000000009ad00000| Complete 
| 430|0x000000009ae00000, 0x000000009af00000, 0x000000009af00000|100%| S|CS|TAMS 0x000000009ae00000| PB 0x000000009ae00000| Complete 
| 431|0x000000009af00000, 0x000000009b000000, 0x000000009b000000|100%| S|CS|TAMS 0x000000009af00000| PB 0x000000009af00000| Complete 
| 432|0x000000009b000000, 0x000000009b100000, 0x000000009b100000|100%| S|CS|TAMS 0x000000009b000000| PB 0x000000009b000000| Complete 
| 433|0x000000009b100000, 0x000000009b200000, 0x000000009b200000|100%| S|CS|TAMS 0x000000009b100000| PB 0x000000009b100000| Complete 
| 434|0x000000009b200000, 0x000000009b300000, 0x000000009b300000|100%| S|CS|TAMS 0x000000009b200000| PB 0x000000009b200000| Complete 
| 435|0x000000009b300000, 0x000000009b400000, 0x000000009b400000|100%| S|CS|TAMS 0x000000009b300000| PB 0x000000009b300000| Complete 
| 436|0x000000009b400000, 0x000000009b400000, 0x000000009b500000|  0%| F|  |TAMS 0x000000009b400000| PB 0x000000009b400000| Untracked 
| 437|0x000000009b500000, 0x000000009b500000, 0x000000009b600000|  0%| F|  |TAMS 0x000000009b500000| PB 0x000000009b500000| Untracked 
| 438|0x000000009b600000, 0x000000009b600000, 0x000000009b700000|  0%| F|  |TAMS 0x000000009b600000| PB 0x000000009b600000| Untracked 
| 439|0x000000009b700000, 0x000000009b700000, 0x000000009b800000|  0%| F|  |TAMS 0x000000009b700000| PB 0x000000009b700000| Untracked 
| 440|0x000000009b800000, 0x000000009b800000, 0x000000009b900000|  0%| F|  |TAMS 0x000000009b800000| PB 0x000000009b800000| Untracked 
| 441|0x000000009b900000, 0x000000009b900000, 0x000000009ba00000|  0%| F|  |TAMS 0x000000009b900000| PB 0x000000009b900000| Untracked 
| 442|0x000000009ba00000, 0x000000009ba00000, 0x000000009bb00000|  0%| F|  |TAMS 0x000000009ba00000| PB 0x000000009ba00000| Untracked 
| 443|0x000000009bb00000, 0x000000009bb00000, 0x000000009bc00000|  0%| F|  |TAMS 0x000000009bb00000| PB 0x000000009bb00000| Untracked 
| 444|0x000000009bc00000, 0x000000009bc00000, 0x000000009bd00000|  0%| F|  |TAMS 0x000000009bc00000| PB 0x000000009bc00000| Untracked 
| 445|0x000000009bd00000, 0x000000009bd00000, 0x000000009be00000|  0%| F|  |TAMS 0x000000009bd00000| PB 0x000000009bd00000| Untracked 
| 446|0x000000009be00000, 0x000000009be00000, 0x000000009bf00000|  0%| F|  |TAMS 0x000000009be00000| PB 0x000000009be00000| Untracked 
| 447|0x000000009bf00000, 0x000000009bf00000, 0x000000009c000000|  0%| F|  |TAMS 0x000000009bf00000| PB 0x000000009bf00000| Untracked 
| 448|0x000000009c000000, 0x000000009c000000, 0x000000009c100000|  0%| F|  |TAMS 0x000000009c000000| PB 0x000000009c000000| Untracked 
| 449|0x000000009c100000, 0x000000009c100000, 0x000000009c200000|  0%| F|  |TAMS 0x000000009c100000| PB 0x000000009c100000| Untracked 
| 450|0x000000009c200000, 0x000000009c200000, 0x000000009c300000|  0%| F|  |TAMS 0x000000009c200000| PB 0x000000009c200000| Untracked 
| 451|0x000000009c300000, 0x000000009c300000, 0x000000009c400000|  0%| F|  |TAMS 0x000000009c300000| PB 0x000000009c300000| Untracked 
| 452|0x000000009c400000, 0x000000009c400000, 0x000000009c500000|  0%| F|  |TAMS 0x000000009c400000| PB 0x000000009c400000| Untracked 
| 453|0x000000009c500000, 0x000000009c500000, 0x000000009c600000|  0%| F|  |TAMS 0x000000009c500000| PB 0x000000009c500000| Untracked 
| 454|0x000000009c600000, 0x000000009c600000, 0x000000009c700000|  0%| F|  |TAMS 0x000000009c600000| PB 0x000000009c600000| Untracked 
| 455|0x000000009c700000, 0x000000009c700000, 0x000000009c800000|  0%| F|  |TAMS 0x000000009c700000| PB 0x000000009c700000| Untracked 
| 456|0x000000009c800000, 0x000000009c800000, 0x000000009c900000|  0%| F|  |TAMS 0x000000009c800000| PB 0x000000009c800000| Untracked 
| 457|0x000000009c900000, 0x000000009c900000, 0x000000009ca00000|  0%| F|  |TAMS 0x000000009c900000| PB 0x000000009c900000| Untracked 
| 458|0x000000009ca00000, 0x000000009ca00000, 0x000000009cb00000|  0%| F|  |TAMS 0x000000009ca00000| PB 0x000000009ca00000| Untracked 
| 459|0x000000009cb00000, 0x000000009cb00000, 0x000000009cc00000|  0%| F|  |TAMS 0x000000009cb00000| PB 0x000000009cb00000| Untracked 
| 460|0x000000009cc00000, 0x000000009cc00000, 0x000000009cd00000|  0%| F|  |TAMS 0x000000009cc00000| PB 0x000000009cc00000| Untracked 
| 461|0x000000009cd00000, 0x000000009cd00000, 0x000000009ce00000|  0%| F|  |TAMS 0x000000009cd00000| PB 0x000000009cd00000| Untracked 
| 462|0x000000009ce00000, 0x000000009ce00000, 0x000000009cf00000|  0%| F|  |TAMS 0x000000009ce00000| PB 0x000000009ce00000| Untracked 
| 463|0x000000009cf00000, 0x000000009cf00000, 0x000000009d000000|  0%| F|  |TAMS 0x000000009cf00000| PB 0x000000009cf00000| Untracked 
| 464|0x000000009d000000, 0x000000009d000000, 0x000000009d100000|  0%| F|  |TAMS 0x000000009d000000| PB 0x000000009d000000| Untracked 
| 465|0x000000009d100000, 0x000000009d100000, 0x000000009d200000|  0%| F|  |TAMS 0x000000009d100000| PB 0x000000009d100000| Untracked 
| 466|0x000000009d200000, 0x000000009d200000, 0x000000009d300000|  0%| F|  |TAMS 0x000000009d200000| PB 0x000000009d200000| Untracked 
| 467|0x000000009d300000, 0x000000009d300000, 0x000000009d400000|  0%| F|  |TAMS 0x000000009d300000| PB 0x000000009d300000| Untracked 
| 468|0x000000009d400000, 0x000000009d400000, 0x000000009d500000|  0%| F|  |TAMS 0x000000009d400000| PB 0x000000009d400000| Untracked 
| 469|0x000000009d500000, 0x000000009d500000, 0x000000009d600000|  0%| F|  |TAMS 0x000000009d500000| PB 0x000000009d500000| Untracked 
| 470|0x000000009d600000, 0x000000009d600000, 0x000000009d700000|  0%| F|  |TAMS 0x000000009d600000| PB 0x000000009d600000| Untracked 
| 471|0x000000009d700000, 0x000000009d700000, 0x000000009d800000|  0%| F|  |TAMS 0x000000009d700000| PB 0x000000009d700000| Untracked 
| 472|0x000000009d800000, 0x000000009d800000, 0x000000009d900000|  0%| F|  |TAMS 0x000000009d800000| PB 0x000000009d800000| Untracked 
| 473|0x000000009d900000, 0x000000009d900000, 0x000000009da00000|  0%| F|  |TAMS 0x000000009d900000| PB 0x000000009d900000| Untracked 
| 474|0x000000009da00000, 0x000000009da00000, 0x000000009db00000|  0%| F|  |TAMS 0x000000009da00000| PB 0x000000009da00000| Untracked 
| 475|0x000000009db00000, 0x000000009db00000, 0x000000009dc00000|  0%| F|  |TAMS 0x000000009db00000| PB 0x000000009db00000| Untracked 
| 476|0x000000009dc00000, 0x000000009dc00000, 0x000000009dd00000|  0%| F|  |TAMS 0x000000009dc00000| PB 0x000000009dc00000| Untracked 
| 477|0x000000009dd00000, 0x000000009dd00000, 0x000000009de00000|  0%| F|  |TAMS 0x000000009dd00000| PB 0x000000009dd00000| Untracked 
| 478|0x000000009de00000, 0x000000009de00000, 0x000000009df00000|  0%| F|  |TAMS 0x000000009de00000| PB 0x000000009de00000| Untracked 
| 479|0x000000009df00000, 0x000000009df00000, 0x000000009e000000|  0%| F|  |TAMS 0x000000009df00000| PB 0x000000009df00000| Untracked 
| 480|0x000000009e000000, 0x000000009e000000, 0x000000009e100000|  0%| F|  |TAMS 0x000000009e000000| PB 0x000000009e000000| Untracked 
| 481|0x000000009e100000, 0x000000009e100000, 0x000000009e200000|  0%| F|  |TAMS 0x000000009e100000| PB 0x000000009e100000| Untracked 
| 482|0x000000009e200000, 0x000000009e200000, 0x000000009e300000|  0%| F|  |TAMS 0x000000009e200000| PB 0x000000009e200000| Untracked 
| 483|0x000000009e300000, 0x000000009e300000, 0x000000009e400000|  0%| F|  |TAMS 0x000000009e300000| PB 0x000000009e300000| Untracked 
| 484|0x000000009e400000, 0x000000009e400000, 0x000000009e500000|  0%| F|  |TAMS 0x000000009e400000| PB 0x000000009e400000| Untracked 
| 485|0x000000009e500000, 0x000000009e500000, 0x000000009e600000|  0%| F|  |TAMS 0x000000009e500000| PB 0x000000009e500000| Untracked 
| 486|0x000000009e600000, 0x000000009e600000, 0x000000009e700000|  0%| F|  |TAMS 0x000000009e600000| PB 0x000000009e600000| Untracked 
| 487|0x000000009e700000, 0x000000009e700000, 0x000000009e800000|  0%| F|  |TAMS 0x000000009e700000| PB 0x000000009e700000| Untracked 
| 488|0x000000009e800000, 0x000000009e800000, 0x000000009e900000|  0%| F|  |TAMS 0x000000009e800000| PB 0x000000009e800000| Untracked 
| 489|0x000000009e900000, 0x000000009e900000, 0x000000009ea00000|  0%| F|  |TAMS 0x000000009e900000| PB 0x000000009e900000| Untracked 
| 490|0x000000009ea00000, 0x000000009ea00000, 0x000000009eb00000|  0%| F|  |TAMS 0x000000009ea00000| PB 0x000000009ea00000| Untracked 
| 491|0x000000009eb00000, 0x000000009eb00000, 0x000000009ec00000|  0%| F|  |TAMS 0x000000009eb00000| PB 0x000000009eb00000| Untracked 
| 492|0x000000009ec00000, 0x000000009ec00000, 0x000000009ed00000|  0%| F|  |TAMS 0x000000009ec00000| PB 0x000000009ec00000| Untracked 
| 493|0x000000009ed00000, 0x000000009ed00000, 0x000000009ee00000|  0%| F|  |TAMS 0x000000009ed00000| PB 0x000000009ed00000| Untracked 
| 494|0x000000009ee00000, 0x000000009ee00000, 0x000000009ef00000|  0%| F|  |TAMS 0x000000009ee00000| PB 0x000000009ee00000| Untracked 
| 495|0x000000009ef00000, 0x000000009ef00000, 0x000000009f000000|  0%| F|  |TAMS 0x000000009ef00000| PB 0x000000009ef00000| Untracked 
| 496|0x000000009f000000, 0x000000009f000000, 0x000000009f100000|  0%| F|  |TAMS 0x000000009f000000| PB 0x000000009f000000| Untracked 
| 497|0x000000009f100000, 0x000000009f100000, 0x000000009f200000|  0%| F|  |TAMS 0x000000009f100000| PB 0x000000009f100000| Untracked 
| 498|0x000000009f200000, 0x000000009f200000, 0x000000009f300000|  0%| F|  |TAMS 0x000000009f200000| PB 0x000000009f200000| Untracked 
| 499|0x000000009f300000, 0x000000009f300000, 0x000000009f400000|  0%| F|  |TAMS 0x000000009f300000| PB 0x000000009f300000| Untracked 
| 500|0x000000009f400000, 0x000000009f400000, 0x000000009f500000|  0%| F|  |TAMS 0x000000009f400000| PB 0x000000009f400000| Untracked 
| 501|0x000000009f500000, 0x000000009f500000, 0x000000009f600000|  0%| F|  |TAMS 0x000000009f500000| PB 0x000000009f500000| Untracked 
| 502|0x000000009f600000, 0x000000009f600000, 0x000000009f700000|  0%| F|  |TAMS 0x000000009f600000| PB 0x000000009f600000| Untracked 
| 503|0x000000009f700000, 0x000000009f700000, 0x000000009f800000|  0%| F|  |TAMS 0x000000009f700000| PB 0x000000009f700000| Untracked 
| 504|0x000000009f800000, 0x000000009f800000, 0x000000009f900000|  0%| F|  |TAMS 0x000000009f800000| PB 0x000000009f800000| Untracked 
| 505|0x000000009f900000, 0x000000009f900000, 0x000000009fa00000|  0%| F|  |TAMS 0x000000009f900000| PB 0x000000009f900000| Untracked 
| 506|0x000000009fa00000, 0x000000009fa00000, 0x000000009fb00000|  0%| F|  |TAMS 0x000000009fa00000| PB 0x000000009fa00000| Untracked 
| 507|0x000000009fb00000, 0x000000009fb00000, 0x000000009fc00000|  0%| F|  |TAMS 0x000000009fb00000| PB 0x000000009fb00000| Untracked 
| 508|0x000000009fc00000, 0x000000009fc00000, 0x000000009fd00000|  0%| F|  |TAMS 0x000000009fc00000| PB 0x000000009fc00000| Untracked 
| 509|0x000000009fd00000, 0x000000009fd00000, 0x000000009fe00000|  0%| F|  |TAMS 0x000000009fd00000| PB 0x000000009fd00000| Untracked 
| 510|0x000000009fe00000, 0x000000009fe00000, 0x000000009ff00000|  0%| F|  |TAMS 0x000000009fe00000| PB 0x000000009fe00000| Untracked 
| 511|0x000000009ff00000, 0x000000009ff00000, 0x00000000a0000000|  0%| F|  |TAMS 0x000000009ff00000| PB 0x000000009ff00000| Untracked 
| 512|0x00000000a0000000, 0x00000000a0000000, 0x00000000a0100000|  0%| F|  |TAMS 0x00000000a0000000| PB 0x00000000a0000000| Untracked 
| 513|0x00000000a0100000, 0x00000000a0100000, 0x00000000a0200000|  0%| F|  |TAMS 0x00000000a0100000| PB 0x00000000a0100000| Untracked 
| 514|0x00000000a0200000, 0x00000000a0200000, 0x00000000a0300000|  0%| F|  |TAMS 0x00000000a0200000| PB 0x00000000a0200000| Untracked 
| 515|0x00000000a0300000, 0x00000000a0300000, 0x00000000a0400000|  0%| F|  |TAMS 0x00000000a0300000| PB 0x00000000a0300000| Untracked 
| 516|0x00000000a0400000, 0x00000000a0400000, 0x00000000a0500000|  0%| F|  |TAMS 0x00000000a0400000| PB 0x00000000a0400000| Untracked 
| 517|0x00000000a0500000, 0x00000000a0500000, 0x00000000a0600000|  0%| F|  |TAMS 0x00000000a0500000| PB 0x00000000a0500000| Untracked 
| 518|0x00000000a0600000, 0x00000000a0600000, 0x00000000a0700000|  0%| F|  |TAMS 0x00000000a0600000| PB 0x00000000a0600000| Untracked 
| 519|0x00000000a0700000, 0x00000000a0700000, 0x00000000a0800000|  0%| F|  |TAMS 0x00000000a0700000| PB 0x00000000a0700000| Untracked 
| 520|0x00000000a0800000, 0x00000000a0800000, 0x00000000a0900000|  0%| F|  |TAMS 0x00000000a0800000| PB 0x00000000a0800000| Untracked 
| 521|0x00000000a0900000, 0x00000000a0900000, 0x00000000a0a00000|  0%| F|  |TAMS 0x00000000a0900000| PB 0x00000000a0900000| Untracked 
| 522|0x00000000a0a00000, 0x00000000a0a00000, 0x00000000a0b00000|  0%| F|  |TAMS 0x00000000a0a00000| PB 0x00000000a0a00000| Untracked 
| 523|0x00000000a0b00000, 0x00000000a0b00000, 0x00000000a0c00000|  0%| F|  |TAMS 0x00000000a0b00000| PB 0x00000000a0b00000| Untracked 
| 524|0x00000000a0c00000, 0x00000000a0c00000, 0x00000000a0d00000|  0%| F|  |TAMS 0x00000000a0c00000| PB 0x00000000a0c00000| Untracked 
| 525|0x00000000a0d00000, 0x00000000a0d00000, 0x00000000a0e00000|  0%| F|  |TAMS 0x00000000a0d00000| PB 0x00000000a0d00000| Untracked 
| 526|0x00000000a0e00000, 0x00000000a0e00000, 0x00000000a0f00000|  0%| F|  |TAMS 0x00000000a0e00000| PB 0x00000000a0e00000| Untracked 
| 527|0x00000000a0f00000, 0x00000000a0f00000, 0x00000000a1000000|  0%| F|  |TAMS 0x00000000a0f00000| PB 0x00000000a0f00000| Untracked 
| 528|0x00000000a1000000, 0x00000000a1000000, 0x00000000a1100000|  0%| F|  |TAMS 0x00000000a1000000| PB 0x00000000a1000000| Untracked 
| 529|0x00000000a1100000, 0x00000000a1100000, 0x00000000a1200000|  0%| F|  |TAMS 0x00000000a1100000| PB 0x00000000a1100000| Untracked 
| 530|0x00000000a1200000, 0x00000000a1200000, 0x00000000a1300000|  0%| F|  |TAMS 0x00000000a1200000| PB 0x00000000a1200000| Untracked 
| 531|0x00000000a1300000, 0x00000000a1300000, 0x00000000a1400000|  0%| F|  |TAMS 0x00000000a1300000| PB 0x00000000a1300000| Untracked 
| 532|0x00000000a1400000, 0x00000000a1400000, 0x00000000a1500000|  0%| F|  |TAMS 0x00000000a1400000| PB 0x00000000a1400000| Untracked 
| 533|0x00000000a1500000, 0x00000000a1500000, 0x00000000a1600000|  0%| F|  |TAMS 0x00000000a1500000| PB 0x00000000a1500000| Untracked 
| 534|0x00000000a1600000, 0x00000000a1600000, 0x00000000a1700000|  0%| F|  |TAMS 0x00000000a1600000| PB 0x00000000a1600000| Untracked 
| 535|0x00000000a1700000, 0x00000000a1700000, 0x00000000a1800000|  0%| F|  |TAMS 0x00000000a1700000| PB 0x00000000a1700000| Untracked 
| 536|0x00000000a1800000, 0x00000000a1800000, 0x00000000a1900000|  0%| F|  |TAMS 0x00000000a1800000| PB 0x00000000a1800000| Untracked 
| 537|0x00000000a1900000, 0x00000000a1900000, 0x00000000a1a00000|  0%| F|  |TAMS 0x00000000a1900000| PB 0x00000000a1900000| Untracked 
| 538|0x00000000a1a00000, 0x00000000a1a00000, 0x00000000a1b00000|  0%| F|  |TAMS 0x00000000a1a00000| PB 0x00000000a1a00000| Untracked 
| 539|0x00000000a1b00000, 0x00000000a1b00000, 0x00000000a1c00000|  0%| F|  |TAMS 0x00000000a1b00000| PB 0x00000000a1b00000| Untracked 
| 540|0x00000000a1c00000, 0x00000000a1c00000, 0x00000000a1d00000|  0%| F|  |TAMS 0x00000000a1c00000| PB 0x00000000a1c00000| Untracked 
| 541|0x00000000a1d00000, 0x00000000a1d00000, 0x00000000a1e00000|  0%| F|  |TAMS 0x00000000a1d00000| PB 0x00000000a1d00000| Untracked 
| 542|0x00000000a1e00000, 0x00000000a1e00000, 0x00000000a1f00000|  0%| F|  |TAMS 0x00000000a1e00000| PB 0x00000000a1e00000| Untracked 
| 543|0x00000000a1f00000, 0x00000000a1f00000, 0x00000000a2000000|  0%| F|  |TAMS 0x00000000a1f00000| PB 0x00000000a1f00000| Untracked 
| 544|0x00000000a2000000, 0x00000000a2000000, 0x00000000a2100000|  0%| F|  |TAMS 0x00000000a2000000| PB 0x00000000a2000000| Untracked 
| 545|0x00000000a2100000, 0x00000000a2100000, 0x00000000a2200000|  0%| F|  |TAMS 0x00000000a2100000| PB 0x00000000a2100000| Untracked 
| 546|0x00000000a2200000, 0x00000000a2200000, 0x00000000a2300000|  0%| F|  |TAMS 0x00000000a2200000| PB 0x00000000a2200000| Untracked 
| 547|0x00000000a2300000, 0x00000000a2300000, 0x00000000a2400000|  0%| F|  |TAMS 0x00000000a2300000| PB 0x00000000a2300000| Untracked 
| 548|0x00000000a2400000, 0x00000000a2400000, 0x00000000a2500000|  0%| F|  |TAMS 0x00000000a2400000| PB 0x00000000a2400000| Untracked 
| 549|0x00000000a2500000, 0x00000000a2500000, 0x00000000a2600000|  0%| F|  |TAMS 0x00000000a2500000| PB 0x00000000a2500000| Untracked 
| 550|0x00000000a2600000, 0x00000000a2600000, 0x00000000a2700000|  0%| F|  |TAMS 0x00000000a2600000| PB 0x00000000a2600000| Untracked 
| 551|0x00000000a2700000, 0x00000000a2700000, 0x00000000a2800000|  0%| F|  |TAMS 0x00000000a2700000| PB 0x00000000a2700000| Untracked 
| 552|0x00000000a2800000, 0x00000000a2800000, 0x00000000a2900000|  0%| F|  |TAMS 0x00000000a2800000| PB 0x00000000a2800000| Untracked 
| 553|0x00000000a2900000, 0x00000000a2900000, 0x00000000a2a00000|  0%| F|  |TAMS 0x00000000a2900000| PB 0x00000000a2900000| Untracked 
| 554|0x00000000a2a00000, 0x00000000a2a00000, 0x00000000a2b00000|  0%| F|  |TAMS 0x00000000a2a00000| PB 0x00000000a2a00000| Untracked 
| 555|0x00000000a2b00000, 0x00000000a2b00000, 0x00000000a2c00000|  0%| F|  |TAMS 0x00000000a2b00000| PB 0x00000000a2b00000| Untracked 
| 556|0x00000000a2c00000, 0x00000000a2c00000, 0x00000000a2d00000|  0%| F|  |TAMS 0x00000000a2c00000| PB 0x00000000a2c00000| Untracked 
| 557|0x00000000a2d00000, 0x00000000a2d00000, 0x00000000a2e00000|  0%| F|  |TAMS 0x00000000a2d00000| PB 0x00000000a2d00000| Untracked 
| 558|0x00000000a2e00000, 0x00000000a2e00000, 0x00000000a2f00000|  0%| F|  |TAMS 0x00000000a2e00000| PB 0x00000000a2e00000| Untracked 
| 559|0x00000000a2f00000, 0x00000000a2f00000, 0x00000000a3000000|  0%| F|  |TAMS 0x00000000a2f00000| PB 0x00000000a2f00000| Untracked 
| 560|0x00000000a3000000, 0x00000000a3000000, 0x00000000a3100000|  0%| F|  |TAMS 0x00000000a3000000| PB 0x00000000a3000000| Untracked 
| 561|0x00000000a3100000, 0x00000000a3100000, 0x00000000a3200000|  0%| F|  |TAMS 0x00000000a3100000| PB 0x00000000a3100000| Untracked 
| 562|0x00000000a3200000, 0x00000000a3200000, 0x00000000a3300000|  0%| F|  |TAMS 0x00000000a3200000| PB 0x00000000a3200000| Untracked 
| 563|0x00000000a3300000, 0x00000000a3300000, 0x00000000a3400000|  0%| F|  |TAMS 0x00000000a3300000| PB 0x00000000a3300000| Untracked 
| 564|0x00000000a3400000, 0x00000000a3400000, 0x00000000a3500000|  0%| F|  |TAMS 0x00000000a3400000| PB 0x00000000a3400000| Untracked 
| 565|0x00000000a3500000, 0x00000000a3500000, 0x00000000a3600000|  0%| F|  |TAMS 0x00000000a3500000| PB 0x00000000a3500000| Untracked 
| 566|0x00000000a3600000, 0x00000000a3600000, 0x00000000a3700000|  0%| F|  |TAMS 0x00000000a3600000| PB 0x00000000a3600000| Untracked 
| 567|0x00000000a3700000, 0x00000000a3700000, 0x00000000a3800000|  0%| F|  |TAMS 0x00000000a3700000| PB 0x00000000a3700000| Untracked 
| 568|0x00000000a3800000, 0x00000000a3800000, 0x00000000a3900000|  0%| F|  |TAMS 0x00000000a3800000| PB 0x00000000a3800000| Untracked 
| 569|0x00000000a3900000, 0x00000000a3900000, 0x00000000a3a00000|  0%| F|  |TAMS 0x00000000a3900000| PB 0x00000000a3900000| Untracked 
| 570|0x00000000a3a00000, 0x00000000a3a00000, 0x00000000a3b00000|  0%| F|  |TAMS 0x00000000a3a00000| PB 0x00000000a3a00000| Untracked 
| 571|0x00000000a3b00000, 0x00000000a3b00000, 0x00000000a3c00000|  0%| F|  |TAMS 0x00000000a3b00000| PB 0x00000000a3b00000| Untracked 
| 572|0x00000000a3c00000, 0x00000000a3c00000, 0x00000000a3d00000|  0%| F|  |TAMS 0x00000000a3c00000| PB 0x00000000a3c00000| Untracked 
| 573|0x00000000a3d00000, 0x00000000a3d00000, 0x00000000a3e00000|  0%| F|  |TAMS 0x00000000a3d00000| PB 0x00000000a3d00000| Untracked 
| 574|0x00000000a3e00000, 0x00000000a3e00000, 0x00000000a3f00000|  0%| F|  |TAMS 0x00000000a3e00000| PB 0x00000000a3e00000| Untracked 
| 575|0x00000000a3f00000, 0x00000000a3f00000, 0x00000000a4000000|  0%| F|  |TAMS 0x00000000a3f00000| PB 0x00000000a3f00000| Untracked 
| 576|0x00000000a4000000, 0x00000000a4000000, 0x00000000a4100000|  0%| F|  |TAMS 0x00000000a4000000| PB 0x00000000a4000000| Untracked 
| 577|0x00000000a4100000, 0x00000000a4100000, 0x00000000a4200000|  0%| F|  |TAMS 0x00000000a4100000| PB 0x00000000a4100000| Untracked 
| 578|0x00000000a4200000, 0x00000000a4200000, 0x00000000a4300000|  0%| F|  |TAMS 0x00000000a4200000| PB 0x00000000a4200000| Untracked 
| 579|0x00000000a4300000, 0x00000000a4300000, 0x00000000a4400000|  0%| F|  |TAMS 0x00000000a4300000| PB 0x00000000a4300000| Untracked 
| 580|0x00000000a4400000, 0x00000000a4400000, 0x00000000a4500000|  0%| F|  |TAMS 0x00000000a4400000| PB 0x00000000a4400000| Untracked 
| 581|0x00000000a4500000, 0x00000000a4500000, 0x00000000a4600000|  0%| F|  |TAMS 0x00000000a4500000| PB 0x00000000a4500000| Untracked 
| 582|0x00000000a4600000, 0x00000000a4600000, 0x00000000a4700000|  0%| F|  |TAMS 0x00000000a4600000| PB 0x00000000a4600000| Untracked 
| 583|0x00000000a4700000, 0x00000000a4700000, 0x00000000a4800000|  0%| F|  |TAMS 0x00000000a4700000| PB 0x00000000a4700000| Untracked 
| 584|0x00000000a4800000, 0x00000000a4800000, 0x00000000a4900000|  0%| F|  |TAMS 0x00000000a4800000| PB 0x00000000a4800000| Untracked 
| 585|0x00000000a4900000, 0x00000000a4900000, 0x00000000a4a00000|  0%| F|  |TAMS 0x00000000a4900000| PB 0x00000000a4900000| Untracked 
| 586|0x00000000a4a00000, 0x00000000a4a00000, 0x00000000a4b00000|  0%| F|  |TAMS 0x00000000a4a00000| PB 0x00000000a4a00000| Untracked 
| 587|0x00000000a4b00000, 0x00000000a4b00000, 0x00000000a4c00000|  0%| F|  |TAMS 0x00000000a4b00000| PB 0x00000000a4b00000| Untracked 
| 588|0x00000000a4c00000, 0x00000000a4c00000, 0x00000000a4d00000|  0%| F|  |TAMS 0x00000000a4c00000| PB 0x00000000a4c00000| Untracked 
| 589|0x00000000a4d00000, 0x00000000a4d00000, 0x00000000a4e00000|  0%| F|  |TAMS 0x00000000a4d00000| PB 0x00000000a4d00000| Untracked 
| 590|0x00000000a4e00000, 0x00000000a4e00000, 0x00000000a4f00000|  0%| F|  |TAMS 0x00000000a4e00000| PB 0x00000000a4e00000| Untracked 
| 591|0x00000000a4f00000, 0x00000000a4f00000, 0x00000000a5000000|  0%| F|  |TAMS 0x00000000a4f00000| PB 0x00000000a4f00000| Untracked 
| 592|0x00000000a5000000, 0x00000000a5000000, 0x00000000a5100000|  0%| F|  |TAMS 0x00000000a5000000| PB 0x00000000a5000000| Untracked 
| 593|0x00000000a5100000, 0x00000000a5100000, 0x00000000a5200000|  0%| F|  |TAMS 0x00000000a5100000| PB 0x00000000a5100000| Untracked 
| 594|0x00000000a5200000, 0x00000000a5200000, 0x00000000a5300000|  0%| F|  |TAMS 0x00000000a5200000| PB 0x00000000a5200000| Untracked 
| 595|0x00000000a5300000, 0x00000000a5300000, 0x00000000a5400000|  0%| F|  |TAMS 0x00000000a5300000| PB 0x00000000a5300000| Untracked 
| 596|0x00000000a5400000, 0x00000000a5400000, 0x00000000a5500000|  0%| F|  |TAMS 0x00000000a5400000| PB 0x00000000a5400000| Untracked 
| 597|0x00000000a5500000, 0x00000000a5500000, 0x00000000a5600000|  0%| F|  |TAMS 0x00000000a5500000| PB 0x00000000a5500000| Untracked 
| 598|0x00000000a5600000, 0x00000000a5600000, 0x00000000a5700000|  0%| F|  |TAMS 0x00000000a5600000| PB 0x00000000a5600000| Untracked 
| 599|0x00000000a5700000, 0x00000000a5700000, 0x00000000a5800000|  0%| F|  |TAMS 0x00000000a5700000| PB 0x00000000a5700000| Untracked 
| 600|0x00000000a5800000, 0x00000000a5800000, 0x00000000a5900000|  0%| F|  |TAMS 0x00000000a5800000| PB 0x00000000a5800000| Untracked 
| 601|0x00000000a5900000, 0x00000000a5900000, 0x00000000a5a00000|  0%| F|  |TAMS 0x00000000a5900000| PB 0x00000000a5900000| Untracked 
| 602|0x00000000a5a00000, 0x00000000a5a00000, 0x00000000a5b00000|  0%| F|  |TAMS 0x00000000a5a00000| PB 0x00000000a5a00000| Untracked 
| 603|0x00000000a5b00000, 0x00000000a5b00000, 0x00000000a5c00000|  0%| F|  |TAMS 0x00000000a5b00000| PB 0x00000000a5b00000| Untracked 
| 604|0x00000000a5c00000, 0x00000000a5c00000, 0x00000000a5d00000|  0%| F|  |TAMS 0x00000000a5c00000| PB 0x00000000a5c00000| Untracked 
| 605|0x00000000a5d00000, 0x00000000a5d00000, 0x00000000a5e00000|  0%| F|  |TAMS 0x00000000a5d00000| PB 0x00000000a5d00000| Untracked 
| 606|0x00000000a5e00000, 0x00000000a5e00000, 0x00000000a5f00000|  0%| F|  |TAMS 0x00000000a5e00000| PB 0x00000000a5e00000| Untracked 
| 607|0x00000000a5f00000, 0x00000000a5f00000, 0x00000000a6000000|  0%| F|  |TAMS 0x00000000a5f00000| PB 0x00000000a5f00000| Untracked 
| 608|0x00000000a6000000, 0x00000000a6000000, 0x00000000a6100000|  0%| F|  |TAMS 0x00000000a6000000| PB 0x00000000a6000000| Untracked 
| 609|0x00000000a6100000, 0x00000000a6100000, 0x00000000a6200000|  0%| F|  |TAMS 0x00000000a6100000| PB 0x00000000a6100000| Untracked 
| 610|0x00000000a6200000, 0x00000000a6200000, 0x00000000a6300000|  0%| F|  |TAMS 0x00000000a6200000| PB 0x00000000a6200000| Untracked 
| 611|0x00000000a6300000, 0x00000000a6300000, 0x00000000a6400000|  0%| F|  |TAMS 0x00000000a6300000| PB 0x00000000a6300000| Untracked 
| 612|0x00000000a6400000, 0x00000000a6400000, 0x00000000a6500000|  0%| F|  |TAMS 0x00000000a6400000| PB 0x00000000a6400000| Untracked 
| 613|0x00000000a6500000, 0x00000000a6500000, 0x00000000a6600000|  0%| F|  |TAMS 0x00000000a6500000| PB 0x00000000a6500000| Untracked 
| 614|0x00000000a6600000, 0x00000000a6600000, 0x00000000a6700000|  0%| F|  |TAMS 0x00000000a6600000| PB 0x00000000a6600000| Untracked 
|2024|0x00000000fe800000, 0x00000000fe900000, 0x00000000fe900000|100%| O|  |TAMS 0x00000000fe800000| PB 0x00000000fe800000| Untracked 
|2025|0x00000000fe900000, 0x00000000fea00000, 0x00000000fea00000|100%| O|  |TAMS 0x00000000fe900000| PB 0x00000000fe900000| Untracked 
|2026|0x00000000fea00000, 0x00000000feb00000, 0x00000000feb00000|100%| O|  |TAMS 0x00000000fea00000| PB 0x00000000fea00000| Untracked 
|2027|0x00000000feb00000, 0x00000000fec00000, 0x00000000fec00000|100%| O|  |TAMS 0x00000000feb00000| PB 0x00000000feb00000| Untracked 
|2028|0x00000000fec00000, 0x00000000fed00000, 0x00000000fed00000|100%| O|  |TAMS 0x00000000fec00000| PB 0x00000000fec00000| Untracked 
|2029|0x00000000fed00000, 0x00000000fee00000, 0x00000000fee00000|100%| O|Cm|TAMS 0x00000000fed00000| PB 0x00000000fed00000| Complete 
|2030|0x00000000fee00000, 0x00000000fef00000, 0x00000000fef00000|100%| O|  |TAMS 0x00000000fee00000| PB 0x00000000fee00000| Untracked 
|2031|0x00000000fef00000, 0x00000000ff000000, 0x00000000ff000000|100%| O|  |TAMS 0x00000000fef00000| PB 0x00000000fef00000| Untracked 
|2032|0x00000000ff000000, 0x00000000ff100000, 0x00000000ff100000|100%| O|Cm|TAMS 0x00000000ff000000| PB 0x00000000ff000000| Complete 
|2033|0x00000000ff100000, 0x00000000ff200000, 0x00000000ff200000|100%| O|  |TAMS 0x00000000ff100000| PB 0x00000000ff100000| Untracked 
|2034|0x00000000ff200000, 0x00000000ff300000, 0x00000000ff300000|100%| O|  |TAMS 0x00000000ff200000| PB 0x00000000ff200000| Untracked 
|2035|0x00000000ff300000, 0x00000000ff400000, 0x00000000ff400000|100%| O|  |TAMS 0x00000000ff300000| PB 0x00000000ff300000| Untracked 
|2036|0x00000000ff400000, 0x00000000ff500000, 0x00000000ff500000|100%| O|  |TAMS 0x00000000ff400000| PB 0x00000000ff400000| Untracked 
|2037|0x00000000ff500000, 0x00000000ff600000, 0x00000000ff600000|100%| O|  |TAMS 0x00000000ff500000| PB 0x00000000ff500000| Untracked 
|2038|0x00000000ff600000, 0x00000000ff600000, 0x00000000ff700000|  0%| F|  |TAMS 0x00000000ff600000| PB 0x00000000ff600000| Untracked 
|2039|0x00000000ff700000, 0x00000000ff800000, 0x00000000ff800000|100%| O|  |TAMS 0x00000000ff700000| PB 0x00000000ff700000| Untracked 
|2040|0x00000000ff800000, 0x00000000ff800000, 0x00000000ff900000|  0%| F|  |TAMS 0x00000000ff800000| PB 0x00000000ff800000| Untracked 
|2041|0x00000000ff900000, 0x00000000ffa00000, 0x00000000ffa00000|100%| O|  |TAMS 0x00000000ff900000| PB 0x00000000ff900000| Untracked 
|2042|0x00000000ffa00000, 0x00000000ffb00000, 0x00000000ffb00000|100%| O|  |TAMS 0x00000000ffa00000| PB 0x00000000ffa00000| Untracked 
|2043|0x00000000ffb00000, 0x00000000ffc00000, 0x00000000ffc00000|100%| O|  |TAMS 0x00000000ffb00000| PB 0x00000000ffb00000| Untracked 
|2044|0x00000000ffc00000, 0x00000000ffd00000, 0x00000000ffd00000|100%| O|  |TAMS 0x00000000ffc00000| PB 0x00000000ffc00000| Untracked 
|2045|0x00000000ffd00000, 0x00000000ffe00000, 0x00000000ffe00000|100%| O|  |TAMS 0x00000000ffd00000| PB 0x00000000ffd00000| Untracked 
|2046|0x00000000ffe00000, 0x00000000fff00000, 0x00000000fff00000|100%| O|  |TAMS 0x00000000ffe00000| PB 0x00000000ffe00000| Untracked 
|2047|0x00000000fff00000, 0x0000000100000000, 0x0000000100000000|100%| O|  |TAMS 0x00000000fff00000| PB 0x00000000fff00000| Untracked 

Card table byte_map: [0x000001a53c760000,0x000001a53cb60000] _byte_map_base: 0x000001a53c360000

Marking Bits: (CMBitMap*) 0x000001a524446fe0
 Bits: [0x000001a53cb60000, 0x000001a53eb60000)

Polling page: 0x000001a522430000

Metaspace:

Usage:
  Non-class:    120.15 MB used.
      Class:     18.61 MB used.
       Both:    138.77 MB used.

Virtual space:
  Non-class space:      128.00 MB reserved,     121.62 MB ( 95%) committed,  2 nodes.
      Class space:        1.00 GB reserved,      20.12 MB (  2%) committed,  1 nodes.
             Both:        1.12 GB reserved,     141.75 MB ( 12%) committed. 

Chunk freelists:
   Non-Class:  5.89 MB
       Class:  11.88 MB
        Both:  17.77 MB

MaxMetaspaceSize: unlimited
CompressedClassSpaceSize: 1.00 GB
Initial GC threshold: 21.00 MB
Current GC threshold: 230.88 MB
CDS: on
 - commit_granule_bytes: 65536.
 - commit_granule_words: 8192.
 - virtual_space_node_default_size: 8388608.
 - enlarge_chunks_in_place: 1.
 - use_allocation_guard: 0.


Internal statistics:

num_allocs_failed_limit: 9.
num_arena_births: 5790.
num_arena_deaths: 2.
num_vsnodes_births: 3.
num_vsnodes_deaths: 0.
num_space_committed: 2265.
num_space_uncommitted: 0.
num_chunks_returned_to_freelist: 11.
num_chunks_taken_from_freelist: 12688.
num_chunk_merges: 9.
num_chunk_splits: 8201.
num_chunks_enlarged: 5020.
num_inconsistent_stats: 0.

CodeHeap 'non-profiled nmethods': size=119168Kb used=9999Kb max_used=10838Kb free=109168Kb
 bounds [0x000001a534670000, 0x000001a535140000, 0x000001a53bad0000]
CodeHeap 'profiled nmethods': size=119104Kb used=30758Kb max_used=39816Kb free=88345Kb
 bounds [0x000001a52cad0000, 0x000001a52f1c0000, 0x000001a533f20000]
CodeHeap 'non-nmethods': size=7488Kb used=3386Kb max_used=3966Kb free=4101Kb
 bounds [0x000001a533f20000, 0x000001a534320000, 0x000001a534670000]
 total_blobs=15107 nmethods=14153 adapters=855
 compilation: enabled
              stopped_count=0, restarted_count=0
 full_count=0

Compilation events (20 events):
Event: 111.799 Thread 0x000001a541be1400 nmethod 21960% 0x000001a52d07c410 code [0x000001a52d07c6e0, 0x000001a52d07d6f8]
Event: 111.799 Thread 0x000001a541be1400 21965 %     3       com.android.tools.r8.internal.l20::a @ 22 (52 bytes)
Event: 111.800 Thread 0x000001a595c3e060 21966       1       com.android.tools.r8.internal.yk::N (2 bytes)
Event: 111.800 Thread 0x000001a595c3e060 nmethod 21966 0x000001a5347cd710 code [0x000001a5347cd8a0, 0x000001a5347cd968]
Event: 111.800 Thread 0x000001a595c3e060 21967       1       com.android.tools.r8.internal.yk::getType (5 bytes)
Event: 111.800 Thread 0x000001a595c3e060 nmethod 21967 0x000001a5347d2090 code [0x000001a5347d2220, 0x000001a5347d22e8]
Event: 111.800 Thread 0x000001a59503b7f0 nmethod 21963% 0x000001a52cdb5e10 code [0x000001a52cdb6260, 0x000001a52cdb8310]
Event: 111.801 Thread 0x000001a541be1400 nmethod 21965% 0x000001a52ce03f90 code [0x000001a52ce041e0, 0x000001a52ce04cd8]
Event: 111.801 Thread 0x000001a59503b7f0 21969 %     3       com.android.tools.r8.internal.pd3::a @ 23 (200 bytes)
Event: 111.801 Thread 0x000001a541be1400 21970       1       com.android.tools.r8.internal.on::N (2 bytes)
Event: 111.801 Thread 0x000001a595c3e060 21971       1       com.android.tools.r8.internal.on::getType (5 bytes)
Event: 111.801 Thread 0x000001a58b0e0d00 nmethod 21871 0x000001a534729e10 code [0x000001a534729fa0, 0x000001a53472a1f8]
Event: 111.801 Thread 0x000001a541be1400 nmethod 21970 0x000001a5347d8090 code [0x000001a5347d8220, 0x000001a5347d82e8]
Event: 111.801 Thread 0x000001a595c3e060 nmethod 21971 0x000001a5347dc110 code [0x000001a5347dc2a0, 0x000001a5347dc368]
Event: 111.802 Thread 0x000001a58b0e0d00 21972       4       java.util.ArrayList::forEach (74 bytes)
Event: 111.803 Thread 0x000001a59503b7f0 nmethod 21969% 0x000001a52cbe6090 code [0x000001a52cbe6300, 0x000001a52cbe7070]
Event: 111.805 Thread 0x000001a58b0e0d00 nmethod 21972 0x000001a534730a90 code [0x000001a534730c20, 0x000001a534730e28]
Event: 111.805 Thread 0x000001a58b0e0d00 21874       4       com.android.tools.r8.internal.jn::a (270 bytes)
Event: 111.818 Thread 0x000001a595c3f4d0 nmethod 21893 0x000001a53469a990 code [0x000001a53469ac00, 0x000001a53469c1d8]
Event: 111.818 Thread 0x000001a595c3f4d0 21870       4       com.android.tools.r8.graph.u9::a (357 bytes)

GC Heap History (20 events):
Event: 27.656 GC heap after
{Heap after GC invocations=59 (full 0):
 garbage-first heap   total 358400K, used 129620K [0x0000000080000000, 0x0000000100000000)
  region size 1024K, 8 young (8192K), 8 survivors (8192K)
 Metaspace       used 114921K, committed 117760K, reserved 1179648K
  class space    used 15444K, committed 16896K, reserved 1048576K
}
Event: 96.311 GC heap before
{Heap before GC invocations=59 (full 0):
 garbage-first heap   total 358400K, used 329300K [0x0000000080000000, 0x0000000100000000)
  region size 1024K, 204 young (208896K), 8 survivors (8192K)
 Metaspace       used 127455K, committed 130432K, reserved 1179648K
  class space    used 16785K, committed 18304K, reserved 1048576K
}
Event: 96.602 GC heap after
{Heap after GC invocations=60 (full 0):
 garbage-first heap   total 358400K, used 139892K [0x0000000080000000, 0x0000000100000000)
  region size 1024K, 19 young (19456K), 19 survivors (19456K)
 Metaspace       used 127455K, committed 130432K, reserved 1179648K
  class space    used 16785K, committed 18304K, reserved 1048576K
}
Event: 102.727 GC heap before
{Heap before GC invocations=60 (full 0):
 garbage-first heap   total 358400K, used 318068K [0x0000000080000000, 0x0000000100000000)
  region size 1024K, 194 young (198656K), 19 survivors (19456K)
 Metaspace       used 129546K, committed 132608K, reserved 1179648K
  class space    used 17018K, committed 18560K, reserved 1048576K
}
Event: 102.800 GC heap after
{Heap after GC invocations=61 (full 0):
 garbage-first heap   total 358400K, used 157089K [0x0000000080000000, 0x0000000100000000)
  region size 1024K, 25 young (25600K), 25 survivors (25600K)
 Metaspace       used 129546K, committed 132608K, reserved 1179648K
  class space    used 17018K, committed 18560K, reserved 1048576K
}
Event: 103.875 GC heap before
{Heap before GC invocations=62 (full 0):
 garbage-first heap   total 358400K, used 312737K [0x0000000080000000, 0x0000000100000000)
  region size 1024K, 178 young (182272K), 25 survivors (25600K)
 Metaspace       used 130847K, committed 133952K, reserved 1179648K
  class space    used 17218K, committed 18816K, reserved 1048576K
}
Event: 103.904 GC heap after
{Heap after GC invocations=63 (full 0):
 garbage-first heap   total 364544K, used 181589K [0x0000000080000000, 0x0000000100000000)
  region size 1024K, 23 young (23552K), 23 survivors (23552K)
 Metaspace       used 130847K, committed 133952K, reserved 1179648K
  class space    used 17218K, committed 18816K, reserved 1048576K
}
Event: 104.057 GC heap before
{Heap before GC invocations=63 (full 0):
 garbage-first heap   total 364544K, used 231765K [0x0000000080000000, 0x0000000100000000)
  region size 1024K, 73 young (74752K), 23 survivors (23552K)
 Metaspace       used 131002K, committed 134080K, reserved 1179648K
  class space    used 17234K, committed 18816K, reserved 1048576K
}
Event: 104.066 GC heap after
{Heap after GC invocations=64 (full 0):
 garbage-first heap   total 364544K, used 193140K [0x0000000080000000, 0x0000000100000000)
  region size 1024K, 10 young (10240K), 10 survivors (10240K)
 Metaspace       used 131002K, committed 134080K, reserved 1179648K
  class space    used 17234K, committed 18816K, reserved 1048576K
}
Event: 105.363 GC heap before
{Heap before GC invocations=64 (full 0):
 garbage-first heap   total 364544K, used 323188K [0x0000000080000000, 0x0000000100000000)
  region size 1024K, 138 young (141312K), 10 survivors (10240K)
 Metaspace       used 135220K, committed 138304K, reserved 1179648K
  class space    used 17872K, committed 19456K, reserved 1048576K
}
Event: 105.378 GC heap after
{Heap after GC invocations=65 (full 0):
 garbage-first heap   total 641024K, used 216803K [0x0000000080000000, 0x0000000100000000)
  region size 1024K, 18 young (18432K), 18 survivors (18432K)
 Metaspace       used 135220K, committed 138304K, reserved 1179648K
  class space    used 17872K, committed 19456K, reserved 1048576K
}
Event: 107.042 GC heap before
{Heap before GC invocations=65 (full 0):
 garbage-first heap   total 641024K, used 564963K [0x0000000080000000, 0x0000000100000000)
  region size 1024K, 359 young (367616K), 18 survivors (18432K)
 Metaspace       used 138225K, committed 141248K, reserved 1179648K
  class space    used 18359K, committed 19904K, reserved 1048576K
}
Event: 107.393 GC heap after
{Heap after GC invocations=66 (full 0):
 garbage-first heap   total 654336K, used 286693K [0x0000000080000000, 0x0000000100000000)
  region size 1024K, 45 young (46080K), 45 survivors (46080K)
 Metaspace       used 138225K, committed 141248K, reserved 1179648K
  class space    used 18359K, committed 19904K, reserved 1048576K
}
Event: 107.428 GC heap before
{Heap before GC invocations=66 (full 0):
 garbage-first heap   total 654336K, used 286693K [0x0000000080000000, 0x0000000100000000)
  region size 1024K, 46 young (47104K), 45 survivors (46080K)
 Metaspace       used 138225K, committed 141248K, reserved 1179648K
  class space    used 18359K, committed 19904K, reserved 1048576K
}
Event: 107.515 GC heap after
{Heap after GC invocations=67 (full 0):
 garbage-first heap   total 654336K, used 292864K [0x0000000080000000, 0x0000000100000000)
  region size 1024K, 3 young (3072K), 3 survivors (3072K)
 Metaspace       used 138225K, committed 141248K, reserved 1179648K
  class space    used 18359K, committed 19904K, reserved 1048576K
}
Event: 108.133 GC heap before
{Heap before GC invocations=67 (full 0):
 garbage-first heap   total 654336K, used 559104K [0x0000000080000000, 0x0000000100000000)
  region size 1024K, 264 young (270336K), 3 survivors (3072K)
 Metaspace       used 138642K, committed 141696K, reserved 1179648K
  class space    used 18394K, committed 19968K, reserved 1048576K
}
Event: 108.188 GC heap after
{Heap after GC invocations=68 (full 0):
 garbage-first heap   total 654336K, used 344576K [0x0000000080000000, 0x0000000100000000)
  region size 1024K, 33 young (33792K), 33 survivors (33792K)
 Metaspace       used 138642K, committed 141696K, reserved 1179648K
  class space    used 18394K, committed 19968K, reserved 1048576K
}
Event: 110.059 GC heap before
{Heap before GC invocations=68 (full 0):
 garbage-first heap   total 654336K, used 567808K [0x0000000080000000, 0x0000000100000000)
  region size 1024K, 252 young (258048K), 33 survivors (33792K)
 Metaspace       used 139235K, committed 142272K, reserved 1179648K
  class space    used 18484K, committed 20032K, reserved 1048576K
}
Event: 110.108 GC heap after
{Heap after GC invocations=69 (full 0):
 garbage-first heap   total 654336K, used 390656K [0x0000000080000000, 0x0000000100000000)
  region size 1024K, 32 young (32768K), 32 survivors (32768K)
 Metaspace       used 139235K, committed 142272K, reserved 1179648K
  class space    used 18484K, committed 20032K, reserved 1048576K
}
Event: 111.849 GC heap before
{Heap before GC invocations=70 (full 0):
 garbage-first heap   total 654336K, used 574976K [0x0000000080000000, 0x0000000100000000)
  region size 1024K, 213 young (218112K), 32 survivors (32768K)
 Metaspace       used 142096K, committed 145152K, reserved 1179648K
  class space    used 19058K, committed 20608K, reserved 1048576K
}

Dll operation events (16 events):
Event: 0.062 Loaded shared library C:\Users\LENOVO\.gradle\jdks\eclipse_adoptium-21-amd64-windows.2\bin\java.dll
Event: 0.170 Loaded shared library C:\Users\LENOVO\.gradle\jdks\eclipse_adoptium-21-amd64-windows.2\bin\jsvml.dll
Event: 0.210 Loaded shared library C:\Users\LENOVO\.gradle\jdks\eclipse_adoptium-21-amd64-windows.2\bin\zip.dll
Event: 0.215 Loaded shared library C:\Users\LENOVO\.gradle\jdks\eclipse_adoptium-21-amd64-windows.2\bin\instrument.dll
Event: 0.221 Loaded shared library C:\Users\LENOVO\.gradle\jdks\eclipse_adoptium-21-amd64-windows.2\bin\net.dll
Event: 0.224 Loaded shared library C:\Users\LENOVO\.gradle\jdks\eclipse_adoptium-21-amd64-windows.2\bin\nio.dll
Event: 0.227 Loaded shared library C:\Users\LENOVO\.gradle\jdks\eclipse_adoptium-21-amd64-windows.2\bin\zip.dll
Event: 0.514 Loaded shared library C:\Users\LENOVO\.gradle\jdks\eclipse_adoptium-21-amd64-windows.2\bin\jimage.dll
Event: 1.031 Loaded shared library C:\Users\LENOVO\.gradle\jdks\eclipse_adoptium-21-amd64-windows.2\bin\verify.dll
Event: 1.090 Loaded shared library C:\Users\LENOVO\.gradle\native\660c5614fbf4a5f2a75b1949f50a0caf5cd603558e7d8a26e50b933a0cfb79d1\windows-amd64\native-platform.dll
Event: 1.112 Loaded shared library C:\Users\LENOVO\.gradle\native\0.2.8\x86_64-windows-gnu\gradle-fileevents.dll
Event: 2.570 Loaded shared library C:\Users\LENOVO\.gradle\jdks\eclipse_adoptium-21-amd64-windows.2\bin\management.dll
Event: 2.601 Loaded shared library C:\Users\LENOVO\.gradle\jdks\eclipse_adoptium-21-amd64-windows.2\bin\management_ext.dll
Event: 2.860 Loaded shared library C:\Users\LENOVO\.gradle\jdks\eclipse_adoptium-21-amd64-windows.2\bin\extnet.dll
Event: 3.336 Loaded shared library C:\Users\LENOVO\.gradle\jdks\eclipse_adoptium-21-amd64-windows.2\bin\sunmscapi.dll
Event: 29.945 Loaded shared library C:\Users\LENOVO\.gradle\jdks\eclipse_adoptium-21-amd64-windows.2\bin\rmi.dll

Deoptimization events (20 events):
Event: 111.137 Thread 0x000001a58839f170 DEOPT UNPACKING pc=0x000001a533f746a2 sp=0x00000017c22fa968 mode 2
Event: 111.137 Thread 0x000001a58a4ee610 DEOPT UNPACKING pc=0x000001a533f746a2 sp=0x00000017c38f7d68 mode 2
Event: 111.686 Thread 0x000001a5883a1f60 Uncommon trap: trap_request=0xffffff45 fr.pc=0x000001a534788644 relative=0x0000000000001344
Event: 111.686 Thread 0x000001a5883a1f60 Uncommon trap: reason=unstable_if action=reinterpret pc=0x000001a534788644 method=java.util.HashMap.computeIfAbsent(Ljava/lang/Object;Ljava/util/function/Function;)Ljava/lang/Object; @ 145 c2
Event: 111.686 Thread 0x000001a5883a1f60 DEOPT PACKING pc=0x000001a534788644 sp=0x00000017c20f9940
Event: 111.686 Thread 0x000001a5883a1f60 DEOPT UNPACKING pc=0x000001a533f746a2 sp=0x00000017c20f9908 mode 2
Event: 111.687 Thread 0x000001a58a4ee610 DEOPT PACKING pc=0x000001a52f197195 sp=0x00000017c38f6790
Event: 111.687 Thread 0x000001a58a4ee610 DEOPT UNPACKING pc=0x000001a533f74e42 sp=0x00000017c38f5c48 mode 0
Event: 111.694 Thread 0x000001a5935b54a0 Uncommon trap: trap_request=0xffffff45 fr.pc=0x000001a534bc0b88 relative=0x0000000000000b68
Event: 111.694 Thread 0x000001a5935b54a0 Uncommon trap: reason=unstable_if action=reinterpret pc=0x000001a534bc0b88 method=com.android.tools.r8.internal.nv.a(I[Ljava/lang/Object;I[C[Lcom/android/tools/r8/internal/d22;)I @ 15 c2
Event: 111.694 Thread 0x000001a5935b54a0 DEOPT PACKING pc=0x000001a534bc0b88 sp=0x00000017c29f9570
Event: 111.694 Thread 0x000001a5935b54a0 DEOPT UNPACKING pc=0x000001a533f746a2 sp=0x00000017c29f9528 mode 2
Event: 111.694 Thread 0x000001a5935b54a0 Uncommon trap: trap_request=0xffffff45 fr.pc=0x000001a53512b390 relative=0x00000000000058b0
Event: 111.694 Thread 0x000001a5935b54a0 Uncommon trap: reason=unstable_if action=reinterpret pc=0x000001a53512b390 method=com.android.tools.r8.internal.nv.a(Lcom/android/tools/r8/internal/ag2;Lcom/android/tools/r8/internal/s30;I)V @ 2399 c2
Event: 111.694 Thread 0x000001a5935b54a0 DEOPT PACKING pc=0x000001a53512b390 sp=0x00000017c29f95f0
Event: 111.694 Thread 0x000001a5935b54a0 DEOPT UNPACKING pc=0x000001a533f746a2 sp=0x00000017c29f95b0 mode 2
Event: 111.701 Thread 0x000001a5883a0520 DEOPT PACKING pc=0x000001a52f197195 sp=0x00000017c1ef9380
Event: 111.701 Thread 0x000001a5883a0520 DEOPT UNPACKING pc=0x000001a533f74e42 sp=0x00000017c1ef8838 mode 0
Event: 111.710 Thread 0x000001a5883a0520 DEOPT PACKING pc=0x000001a52f197195 sp=0x00000017c1ef93b0
Event: 111.711 Thread 0x000001a5883a0520 DEOPT UNPACKING pc=0x000001a533f74e42 sp=0x00000017c1ef8868 mode 0

Classes loaded (20 events):
Event: 59.945 Loading class java/lang/StackStreamFactory$WalkerState
Event: 59.945 Loading class java/lang/StackStreamFactory$WalkerState done
Event: 59.945 Loading class java/lang/StackStreamFactory$StackFrameTraverser$StackFrameBuffer
Event: 59.945 Loading class java/lang/StackStreamFactory$FrameBuffer
Event: 59.946 Loading class java/lang/StackStreamFactory$FrameBuffer done
Event: 59.946 Loading class java/lang/StackStreamFactory$StackFrameTraverser$StackFrameBuffer done
Event: 59.947 Loading class java/util/logging/LogRecord
Event: 59.948 Loading class java/util/logging/LogRecord done
Event: 87.401 Loading class jdk/internal/math/FormattedFPDecimal
Event: 87.454 Loading class jdk/internal/math/FormattedFPDecimal done
Event: 96.608 Loading class sun/rmi/transport/DGCClient$EndpointEntry$CleanRequest
Event: 96.622 Loading class sun/rmi/transport/DGCClient$EndpointEntry$CleanRequest done
Event: 97.870 Loading class java/io/FilterReader
Event: 97.872 Loading class java/io/FilterReader done
Event: 98.037 Loading class java/lang/invoke/MethodHandleImpl$CountingWrapper$1
Event: 98.040 Loading class java/lang/invoke/MethodHandleImpl$CountingWrapper$1 done
Event: 103.645 Loading class java/util/zip/ZipInputStream
Event: 103.651 Loading class java/util/zip/ZipInputStream done
Event: 104.515 Loading class java/util/concurrent/RejectedExecutionException
Event: 104.517 Loading class java/util/concurrent/RejectedExecutionException done

Classes unloaded (1 events):
Event: 108.332 Thread 0x000001a541bb0580 Unloading class 0x000001a543de8000 'java/lang/invoke/LambdaForm$MH+0x000001a543de8000'

Classes redefined (0 events):
No events

Internal exceptions (20 events):
Event: 105.020 Thread 0x000001a5883a1240 Exception <a 'java/lang/IncompatibleClassChangeError'{0x000000008ed0e778}: Found class java.lang.Object, but interface was expected> (0x000000008ed0e778) 
thrown [s\src\hotspot\share\interpreter\linkResolver.cpp, line 840]
Event: 105.020 Thread 0x000001a5883a0520 Exception <a 'java/lang/IncompatibleClassChangeError'{0x000000008eb35878}: Found class java.lang.Object, but interface was expected> (0x000000008eb35878) 
thrown [s\src\hotspot\share\interpreter\linkResolver.cpp, line 840]
Event: 105.020 Thread 0x000001a5883a1f60 Exception <a 'java/lang/IncompatibleClassChangeError'{0x000000008eb95ba0}: Found class java.lang.Object, but interface was expected> (0x000000008eb95ba0) 
thrown [s\src\hotspot\share\interpreter\linkResolver.cpp, line 840]
Event: 106.436 Thread 0x000001a58839f170 Exception <a 'java/lang/IncompatibleClassChangeError'{0x0000000093204918}: Found class java.lang.Object, but interface was expected> (0x0000000093204918) 
thrown [s\src\hotspot\share\interpreter\linkResolver.cpp, line 840]
Event: 106.436 Thread 0x000001a5883a1240 Exception <a 'java/lang/IncompatibleClassChangeError'{0x000000009351fa30}: Found class java.lang.Object, but interface was expected> (0x000000009351fa30) 
thrown [s\src\hotspot\share\interpreter\linkResolver.cpp, line 840]
Event: 106.436 Thread 0x000001a5883a1f60 Exception <a 'java/lang/IncompatibleClassChangeError'{0x00000000934163e0}: Found class java.lang.Object, but interface was expected> (0x00000000934163e0) 
thrown [s\src\hotspot\share\interpreter\linkResolver.cpp, line 840]
Event: 106.436 Thread 0x000001a5935b61c0 Exception <a 'java/lang/IncompatibleClassChangeError'{0x000000009324dae0}: Found class java.lang.Object, but interface was expected> (0x000000009324dae0) 
thrown [s\src\hotspot\share\interpreter\linkResolver.cpp, line 840]
Event: 106.436 Thread 0x000001a5935b54a0 Exception <a 'java/lang/IncompatibleClassChangeError'{0x0000000093246978}: Found class java.lang.Object, but interface was expected> (0x0000000093246978) 
thrown [s\src\hotspot\share\interpreter\linkResolver.cpp, line 840]
Event: 106.436 Thread 0x000001a5883a0520 Exception <a 'java/lang/IncompatibleClassChangeError'{0x00000000935f3360}: Found class java.lang.Object, but interface was expected> (0x00000000935f3360) 
thrown [s\src\hotspot\share\interpreter\linkResolver.cpp, line 840]
Event: 106.436 Thread 0x000001a5883a25f0 Exception <a 'java/lang/IncompatibleClassChangeError'{0x0000000093571d70}: Found class java.lang.Object, but interface was expected> (0x0000000093571d70) 
thrown [s\src\hotspot\share\interpreter\linkResolver.cpp, line 840]
Event: 106.436 Thread 0x000001a58a4ee610 Exception <a 'java/lang/IncompatibleClassChangeError'{0x00000000933ef768}: Found class java.lang.Object, but interface was expected> (0x00000000933ef768) 
thrown [s\src\hotspot\share\interpreter\linkResolver.cpp, line 840]
Event: 106.754 Thread 0x000001a5883a1f60 Implicit null exception at 0x000001a5350f2796 to 0x000001a5350f51b4
Event: 110.909 Thread 0x000001a5883a25f0 Implicit null exception at 0x000001a534aa1d6f to 0x000001a534aa1e0c
Event: 110.909 Thread 0x000001a58839f170 Implicit null exception at 0x000001a534aa1d6f to 0x000001a534aa1e0c
Event: 110.909 Thread 0x000001a58a4ee610 Implicit null exception at 0x000001a534aa1d6f to 0x000001a534aa1e0c
Event: 110.909 Thread 0x000001a5935b61c0 Implicit null exception at 0x000001a534aa1d6f to 0x000001a534aa1e0c
Event: 110.909 Thread 0x000001a5935b54a0 Implicit null exception at 0x000001a534aa1d6f to 0x000001a534aa1e0c
Event: 110.909 Thread 0x000001a5883a1f60 Implicit null exception at 0x000001a534aa1d6f to 0x000001a534aa1e0c
Event: 110.909 Thread 0x000001a5883a0520 Implicit null exception at 0x000001a534aa1d6f to 0x000001a534aa1e0c
Event: 110.909 Thread 0x000001a5883a1240 Implicit null exception at 0x000001a534aa1d6f to 0x000001a534aa1e0c

ZGC Phase Switch (0 events):
No events

VM Operations (20 events):
Event: 109.444 Executing VM operation: G1PauseRemark done
Event: 109.595 Executing VM operation: HandshakeAllThreads (Deoptimize)
Event: 109.603 Executing VM operation: HandshakeAllThreads (Deoptimize) done
Event: 109.694 Executing VM operation: HandshakeAllThreads (Deoptimize)
Event: 109.699 Executing VM operation: HandshakeAllThreads (Deoptimize) done
Event: 110.058 Executing VM operation: G1CollectForAllocation (G1 Evacuation Pause)
Event: 110.109 Executing VM operation: G1CollectForAllocation (G1 Evacuation Pause) done
Event: 110.118 Executing VM operation: G1PauseCleanup
Event: 110.123 Executing VM operation: G1PauseCleanup done
Event: 111.586 Executing VM operation: HandshakeAllThreads (Deoptimize)
Event: 111.586 Executing VM operation: HandshakeAllThreads (Deoptimize) done
Event: 111.586 Executing VM operation: Cleanup
Event: 111.586 Executing VM operation: Cleanup done
Event: 111.613 Executing VM operation: HandshakeAllThreads (Deoptimize)
Event: 111.613 Executing VM operation: HandshakeAllThreads (Deoptimize) done
Event: 111.616 Executing VM operation: HandshakeAllThreads (Deoptimize)
Event: 111.617 Executing VM operation: HandshakeAllThreads (Deoptimize) done
Event: 111.644 Executing VM operation: HandshakeAllThreads (Deoptimize)
Event: 111.645 Executing VM operation: HandshakeAllThreads (Deoptimize) done
Event: 111.849 Executing VM operation: G1CollectForAllocation (G1 Evacuation Pause)

Memory protections (0 events):
No events

Nmethod flushes (20 events):
Event: 109.379 Thread 0x000001a541bb0580 flushing  nmethod 0x000001a52e378d10
Event: 109.379 Thread 0x000001a541bb0580 flushing  nmethod 0x000001a52e379290
Event: 109.379 Thread 0x000001a541bb0580 flushing  nmethod 0x000001a52e379c10
Event: 109.379 Thread 0x000001a541bb0580 flushing  nmethod 0x000001a52e380e10
Event: 109.379 Thread 0x000001a541bb0580 flushing  nmethod 0x000001a52e4ff710
Event: 109.379 Thread 0x000001a541bb0580 flushing  nmethod 0x000001a52e4ffa90
Event: 109.379 Thread 0x000001a541bb0580 flushing  nmethod 0x000001a52e4ffe10
Event: 109.379 Thread 0x000001a541bb0580 flushing  nmethod 0x000001a52e501110
Event: 109.379 Thread 0x000001a541bb0580 flushing  nmethod 0x000001a52e501490
Event: 109.379 Thread 0x000001a541bb0580 flushing  nmethod 0x000001a52e501f90
Event: 109.379 Thread 0x000001a541bb0580 flushing  nmethod 0x000001a52e502890
Event: 109.379 Thread 0x000001a541bb0580 flushing  nmethod 0x000001a52e503610
Event: 109.379 Thread 0x000001a541bb0580 flushing  nmethod 0x000001a52e506610
Event: 109.379 Thread 0x000001a541bb0580 flushing  nmethod 0x000001a52e5d5090
Event: 109.379 Thread 0x000001a541bb0580 flushing  nmethod 0x000001a52e644c10
Event: 109.379 Thread 0x000001a541bb0580 flushing  nmethod 0x000001a52e646e90
Event: 109.379 Thread 0x000001a541bb0580 flushing  nmethod 0x000001a52e648090
Event: 109.379 Thread 0x000001a541bb0580 flushing  nmethod 0x000001a52e652790
Event: 109.379 Thread 0x000001a541bb0580 flushing  nmethod 0x000001a52e65a090
Event: 109.379 Thread 0x000001a541bb0580 flushing  nmethod 0x000001a52ebd4810

Events (20 events):
Event: 103.365 Thread 0x000001a58c7feea0 Thread added: 0x000001a58af81180
Event: 103.369 Thread 0x000001a58c7feea0 Thread added: 0x000001a58af7f740
Event: 103.374 Thread 0x000001a58c7feea0 Thread added: 0x000001a58af82530
Event: 103.377 Thread 0x000001a58c7feea0 Thread added: 0x000001a58af7fdd0
Event: 103.381 Thread 0x000001a58c7feea0 Thread added: 0x000001a58af7f0b0
Event: 103.383 Thread 0x000001a58c7feea0 Thread added: 0x000001a58af80af0
Event: 103.387 Thread 0x000001a58c7feea0 Thread added: 0x000001a58af82bc0
Event: 103.391 Thread 0x000001a58c7feea0 Thread added: 0x000001a58af80460
Event: 107.521 Thread 0x000001a5931933c0 Thread exited: 0x000001a5931933c0
Event: 109.488 Thread 0x000001a541be1400 Thread added: 0x000001a58b0e0d00
Event: 109.488 Thread 0x000001a541be1400 Thread added: 0x000001a58b0dff60
Event: 110.052 Thread 0x000001a58b0e0d00 Thread added: 0x000001a589d589f0
Event: 110.722 Thread 0x000001a5941403d0 Thread exited: 0x000001a5941403d0
Event: 111.128 Thread 0x000001a589d589f0 Thread exited: 0x000001a589d589f0
Event: 111.364 Thread 0x000001a58b0dff60 Thread exited: 0x000001a58b0dff60
Event: 111.529 Thread 0x000001a541be1400 Thread added: 0x000001a59503b7f0
Event: 111.529 Thread 0x000001a541be1400 Thread added: 0x000001a595c3e060
Event: 111.688 Thread 0x000001a541be1400 Thread added: 0x000001a595c3f4d0
Event: 111.688 Thread 0x000001a541be1400 Thread added: 0x000001a595c3fba0
Event: 111.689 Thread 0x000001a595c3e060 Thread added: 0x000001a5940428c0


Dynamic libraries:
0x00007ff75e090000 - 0x00007ff75e09e000 	C:\Users\LENOVO\.gradle\jdks\eclipse_adoptium-21-amd64-windows.2\bin\java.exe
0x00007ffbb8960000 - 0x00007ffbb8bc6000 	C:\Windows\SYSTEM32\ntdll.dll
0x00007ffbb7060000 - 0x00007ffbb7129000 	C:\Windows\System32\KERNEL32.DLL
0x00007ffbb5fb0000 - 0x00007ffbb63ae000 	C:\Windows\System32\KERNELBASE.dll
0x00007ffbb24c0000 - 0x00007ffbb2560000 	C:\Windows\SYSTEM32\apphelp.dll
0x00007ffbb63c0000 - 0x00007ffbb650c000 	C:\Windows\System32\ucrtbase.dll
0x00007ffba2c50000 - 0x00007ffba2c68000 	C:\Users\LENOVO\.gradle\jdks\eclipse_adoptium-21-amd64-windows.2\bin\jli.dll
0x00007ffba2e10000 - 0x00007ffba2e2e000 	C:\Users\LENOVO\.gradle\jdks\eclipse_adoptium-21-amd64-windows.2\bin\VCRUNTIME140.dll
0x00007ffbb8640000 - 0x00007ffbb8807000 	C:\Windows\System32\USER32.dll
0x00007ffbb5ec0000 - 0x00007ffbb5ee7000 	C:\Windows\System32\win32u.dll
0x00007ffbb84f0000 - 0x00007ffbb851b000 	C:\Windows\System32\GDI32.dll
0x00007ffba0070000 - 0x00007ffba0302000 	C:\Windows\WinSxS\amd64_microsoft.windows.common-controls_6595b64144ccf1df_6.0.26100.8875_none_3e0d5d42e32fe9dd\COMCTL32.dll
0x00007ffbb5b80000 - 0x00007ffbb5caa000 	C:\Windows\System32\gdi32full.dll
0x00007ffbb8370000 - 0x00007ffbb8419000 	C:\Windows\System32\msvcrt.dll
0x00007ffbb6520000 - 0x00007ffbb65c3000 	C:\Windows\System32\msvcp_win.dll
0x00007ffbb6880000 - 0x00007ffbb68b2000 	C:\Windows\System32\IMM32.DLL
0x00007ffba4980000 - 0x00007ffba498c000 	C:\Users\LENOVO\.gradle\jdks\eclipse_adoptium-21-amd64-windows.2\bin\vcruntime140_1.dll
0x00007ffb8e1e0000 - 0x00007ffb8e26d000 	C:\Users\LENOVO\.gradle\jdks\eclipse_adoptium-21-amd64-windows.2\bin\msvcp140.dll
0x00007ffb52bf0000 - 0x00007ffb53980000 	C:\Users\LENOVO\.gradle\jdks\eclipse_adoptium-21-amd64-windows.2\bin\server\jvm.dll
0x00007ffbb7130000 - 0x00007ffbb71e7000 	C:\Windows\System32\ADVAPI32.dll
0x00007ffbb7620000 - 0x00007ffbb76ca000 	C:\Windows\System32\sechost.dll
0x00007ffbb8520000 - 0x00007ffbb8638000 	C:\Windows\System32\RPCRT4.dll
0x00007ffbb7400000 - 0x00007ffbb7480000 	C:\Windows\System32\WS2_32.dll
0x00007ffba6fa0000 - 0x00007ffba6fab000 	C:\Windows\SYSTEM32\VERSION.dll
0x00007ffba9ab0000 - 0x00007ffba9ae6000 	C:\Windows\SYSTEM32\WINMM.dll
0x00007ffbb59e0000 - 0x00007ffbb5a3e000 	C:\Windows\SYSTEM32\POWRPROF.dll
0x00007ffbb59c0000 - 0x00007ffbb59d4000 	C:\Windows\SYSTEM32\UMPDC.dll
0x00007ffbb4860000 - 0x00007ffbb487b000 	C:\Windows\SYSTEM32\kernel.appcore.dll
0x00007ffba3f30000 - 0x00007ffba3f3a000 	C:\Users\LENOVO\.gradle\jdks\eclipse_adoptium-21-amd64-windows.2\bin\jimage.dll
0x00007ffbb3190000 - 0x00007ffbb33d2000 	C:\Windows\SYSTEM32\DBGHELP.DLL
0x00007ffbb78c0000 - 0x00007ffbb7c43000 	C:\Windows\System32\combase.dll
0x00007ffbb7540000 - 0x00007ffbb7619000 	C:\Windows\System32\OLEAUT32.dll
0x00007ffb8dee0000 - 0x00007ffb8df1b000 	C:\Windows\SYSTEM32\dbgcore.DLL
0x00007ffbb65d0000 - 0x00007ffbb667c000 	C:\Windows\System32\bcryptPrimitives.dll
0x00007ffbb0370000 - 0x00007ffbb037f000 	C:\Users\LENOVO\.gradle\jdks\eclipse_adoptium-21-amd64-windows.2\bin\instrument.dll
0x00007ffb9e5b0000 - 0x00007ffb9e5cf000 	C:\Users\LENOVO\.gradle\jdks\eclipse_adoptium-21-amd64-windows.2\bin\java.dll
0x00007ffbb68c0000 - 0x00007ffbb7052000 	C:\Windows\System32\SHELL32.dll
0x00007ffbb35f0000 - 0x00007ffbb3e82000 	C:\Windows\SYSTEM32\windows.storage.dll
0x00007ffbb8810000 - 0x00007ffbb8907000 	C:\Windows\System32\SHCORE.dll
0x00007ffbb7390000 - 0x00007ffbb73f7000 	C:\Windows\System32\shlwapi.dll
0x00007ffbb5aa0000 - 0x00007ffbb5ac9000 	C:\Windows\SYSTEM32\profapi.dll
0x00007ffb69bb0000 - 0x00007ffb69c87000 	C:\Users\LENOVO\.gradle\jdks\eclipse_adoptium-21-amd64-windows.2\bin\jsvml.dll
0x00007ffb9e590000 - 0x00007ffb9e5a8000 	C:\Users\LENOVO\.gradle\jdks\eclipse_adoptium-21-amd64-windows.2\bin\zip.dll
0x00007ffba3100000 - 0x00007ffba3110000 	C:\Users\LENOVO\.gradle\jdks\eclipse_adoptium-21-amd64-windows.2\bin\net.dll
0x00007ffbacd80000 - 0x00007ffbacea7000 	C:\Windows\SYSTEM32\WINHTTP.dll
0x00007ffbb4e10000 - 0x00007ffbb4e7c000 	C:\Windows\system32\mswsock.dll
0x00007ffb955c0000 - 0x00007ffb955d6000 	C:\Users\LENOVO\.gradle\jdks\eclipse_adoptium-21-amd64-windows.2\bin\nio.dll
0x00007ffba30e0000 - 0x00007ffba30f0000 	C:\Users\LENOVO\.gradle\jdks\eclipse_adoptium-21-amd64-windows.2\bin\verify.dll
0x00007ffba2f70000 - 0x00007ffba2f97000 	C:\Users\LENOVO\.gradle\native\660c5614fbf4a5f2a75b1949f50a0caf5cd603558e7d8a26e50b933a0cfb79d1\windows-amd64\native-platform.dll
0x00007ffb7fe50000 - 0x00007ffb7fec7000 	C:\Users\LENOVO\.gradle\native\0.2.8\x86_64-windows-gnu\gradle-fileevents.dll
0x00007ffba2c40000 - 0x00007ffba2c4a000 	C:\Users\LENOVO\.gradle\jdks\eclipse_adoptium-21-amd64-windows.2\bin\management.dll
0x00007ffba2bf0000 - 0x00007ffba2bfb000 	C:\Users\LENOVO\.gradle\jdks\eclipse_adoptium-21-amd64-windows.2\bin\management_ext.dll
0x00007ffbb8420000 - 0x00007ffbb8428000 	C:\Windows\System32\PSAPI.DLL
0x00007ffbb4240000 - 0x00007ffbb4273000 	C:\Windows\SYSTEM32\IPHLPAPI.DLL
0x00007ffbb6870000 - 0x00007ffbb687a000 	C:\Windows\System32\NSI.dll
0x00007ffba2360000 - 0x00007ffba2369000 	C:\Users\LENOVO\.gradle\jdks\eclipse_adoptium-21-amd64-windows.2\bin\extnet.dll
0x00007ffbb5130000 - 0x00007ffbb514b000 	C:\Windows\SYSTEM32\CRYPTSP.dll
0x00007ffbb47c0000 - 0x00007ffbb47f9000 	C:\Windows\system32\rsaenh.dll
0x00007ffbb4ed0000 - 0x00007ffbb4f02000 	C:\Windows\SYSTEM32\USERENV.dll
0x00007ffbb5a70000 - 0x00007ffbb5a9a000 	C:\Windows\SYSTEM32\bcrypt.dll
0x00007ffbb5110000 - 0x00007ffbb511c000 	C:\Windows\SYSTEM32\CRYPTBASE.dll
0x00007ffbb0360000 - 0x00007ffbb036e000 	C:\Users\LENOVO\.gradle\jdks\eclipse_adoptium-21-amd64-windows.2\bin\sunmscapi.dll
0x00007ffbb5d40000 - 0x00007ffbb5eb8000 	C:\Windows\System32\CRYPT32.dll
0x00007ffbb5350000 - 0x00007ffbb5380000 	C:\Windows\SYSTEM32\ncrypt.dll
0x00007ffbb5300000 - 0x00007ffbb533f000 	C:\Windows\SYSTEM32\NTASN1.dll
0x00007ffba6060000 - 0x00007ffba6068000 	C:\Windows\system32\wshunix.dll
0x00007ffba60d0000 - 0x00007ffba60e8000 	C:\Windows\system32\napinsp.dll
0x00007ffbb42e0000 - 0x00007ffbb4436000 	C:\Windows\SYSTEM32\DNSAPI.dll
0x00007ffbb4ba0000 - 0x00007ffbb4bad000 	C:\Windows\SYSTEM32\DSPARSE.dll
0x00007ffba3eb0000 - 0x00007ffba3ec3000 	C:\Windows\System32\winrnr.dll
0x00007ffba3aa0000 - 0x00007ffba3ac2000 	C:\Windows\system32\nlansp_c.dll
0x00007ffba9a90000 - 0x00007ffba9aa6000 	C:\Windows\system32\wshbth.dll
0x00007ffba9890000 - 0x00007ffba989b000 	C:\Windows\System32\rasadhlp.dll
0x00007ffbae910000 - 0x00007ffbae996000 	C:\Windows\System32\fwpuclnt.dll
0x00007ffba7000000 - 0x00007ffba7007000 	C:\Users\LENOVO\.gradle\jdks\eclipse_adoptium-21-amd64-windows.2\bin\rmi.dll

dbghelp: loaded successfully - version: 4.0.5 - missing functions: none
symbol engine: initialized successfully - sym options: 0x614 - pdb path: .;C:\Users\LENOVO\.gradle\jdks\eclipse_adoptium-21-amd64-windows.2\bin;C:\Windows\SYSTEM32;C:\Windows\WinSxS\amd64_microsoft.windows.common-controls_6595b64144ccf1df_6.0.26100.8875_none_3e0d5d42e32fe9dd;C:\Users\LENOVO\.gradle\jdks\eclipse_adoptium-21-amd64-windows.2\bin\server;C:\Users\LENOVO\.gradle\native\660c5614fbf4a5f2a75b1949f50a0caf5cd603558e7d8a26e50b933a0cfb79d1\windows-amd64;C:\Users\LENOVO\.gradle\native\0.2.8\x86_64-windows-gnu

VM Arguments:
jvm_args: --add-opens=java.base/java.lang=ALL-UNNAMED --add-opens=java.base/java.lang.invoke=ALL-UNNAMED --add-opens=java.base/java.util=ALL-UNNAMED --add-opens=java.prefs/java.util.prefs=ALL-UNNAMED --add-exports=jdk.compiler/com.sun.tools.javac.api=ALL-UNNAMED --add-exports=jdk.compiler/com.sun.tools.javac.util=ALL-UNNAMED --add-opens=java.base/java.util=ALL-UNNAMED --add-opens=java.prefs/java.util.prefs=ALL-UNNAMED --add-opens=java.base/java.nio.charset=ALL-UNNAMED --add-opens=java.base/java.net=ALL-UNNAMED --add-opens=java.base/java.util.concurrent=ALL-UNNAMED --add-opens=java.base/java.util.concurrent.atomic=ALL-UNNAMED --add-opens=java.xml/javax.xml.namespace=ALL-UNNAMED --add-opens=java.base/java.time=ALL-UNNAMED -Xmx2048m -Dfile.encoding=UTF-8 -Duser.country=PH -Duser.language=en -Duser.variant -javaagent:C:\Users\LENOVO\.gradle\wrapper\dists\gradle-9.4.1-bin\arn2x92ynaizyzdaamcbpbhtj\gradle-9.4.1\lib\agents\gradle-instrumentation-agent-9.4.1.jar 
java_command: org.gradle.launcher.daemon.bootstrap.GradleDaemon 9.4.1
java_class_path (initial): C:\Users\LENOVO\.gradle\wrapper\dists\gradle-9.4.1-bin\arn2x92ynaizyzdaamcbpbhtj\gradle-9.4.1\lib\gradle-daemon-main-9.4.1.jar
Launcher Type: SUN_STANDARD

[Global flags]
     intx CICompilerCount                          = 12                                        {product} {ergonomic}
     uint ConcGCThreads                            = 3                                         {product} {ergonomic}
     uint G1ConcRefinementThreads                  = 13                                        {product} {ergonomic}
   size_t G1HeapRegionSize                         = 1048576                                   {product} {ergonomic}
    uintx GCDrainStackTargetSize                   = 64                                        {product} {ergonomic}
   size_t InitialHeapSize                          = 96468992                                  {product} {ergonomic}
   size_t MarkStackSize                            = 4194304                                   {product} {ergonomic}
   size_t MaxHeapSize                              = 2147483648                                {product} {command line}
   size_t MaxNewSize                               = 1287651328                                {product} {ergonomic}
   size_t MinHeapDeltaBytes                        = 1048576                                   {product} {ergonomic}
   size_t MinHeapSize                              = 8388608                                   {product} {ergonomic}
    uintx NonNMethodCodeHeapSize                   = 7602480                                {pd product} {ergonomic}
    uintx NonProfiledCodeHeapSize                  = 122027880                              {pd product} {ergonomic}
    uintx ProfiledCodeHeapSize                     = 122027880                              {pd product} {ergonomic}
    uintx ReservedCodeCacheSize                    = 251658240                              {pd product} {ergonomic}
     bool SegmentedCodeCache                       = true                                      {product} {ergonomic}
   size_t SoftMaxHeapSize                          = 2147483648                             {manageable} {ergonomic}
     bool UseCompressedOops                        = true                           {product lp64_product} {ergonomic}
     bool UseG1GC                                  = true                                      {product} {ergonomic}
     bool UseLargePagesIndividualAllocation        = false                                  {pd product} {ergonomic}

Logging:
Log output configuration:
 #0: stdout all=warning uptime,level,tags foldmultilines=false
 #1: stderr all=off uptime,level,tags foldmultilines=false

Environment Variables:
PATH=C:\Windows\system32;C:\Windows;C:\Windows\System32\Wbem;C:\Windows\System32\WindowsPowerShell\v1.0\;C:\Windows\System32\OpenSSH\;C:\Program Files\Git\cmd;C:\Users\LENOVO\AppData\Local\Microsoft\WindowsApps;
USERNAME=LENOVO
OS=Windows_NT
PROCESSOR_IDENTIFIER=AMD64 Family 25 Model 68 Stepping 1, AuthenticAMD
TMP=C:\Users\LENOVO\AppData\Local\Temp
TEMP=C:\Users\LENOVO\AppData\Local\Temp




Periodic native trim disabled

---------------  S Y S T E M  ---------------

OS:
 Windows 11 , 64 bit Build 26100 (10.0.26100.8875)
OS uptime: 3 days 14:07 hours
Hyper-V role detected

CPU: total 16 (initial active 16) (16 cores per cpu, 2 threads per core) family 25 model 68 stepping 1 microcode 0xa404107, cx8, cmov, fxsr, ht, mmx, 3dnowpref, sse, sse2, sse3, ssse3, sse4a, sse4.1, sse4.2, popcnt, lzcnt, tsc, tscinvbit, avx, avx2, aes, erms, clmul, bmi1, bmi2, adx, sha, fma, vzeroupper, clflush, clflushopt, hv, rdtscp, rdpid, fsrm, f16c, cet_ss
Processor Information for processor 0
  Max Mhz: 3201, Current Mhz: 2560, Mhz Limit: 3201
Processor Information for processor 1
  Max Mhz: 3201, Current Mhz: 2560, Mhz Limit: 3201
Processor Information for processor 2
  Max Mhz: 3201, Current Mhz: 3201, Mhz Limit: 3201
Processor Information for processor 3
  Max Mhz: 3201, Current Mhz: 2560, Mhz Limit: 3201
Processor Information for processor 4
  Max Mhz: 3201, Current Mhz: 2560, Mhz Limit: 3201
Processor Information for processor 5
  Max Mhz: 3201, Current Mhz: 2560, Mhz Limit: 3201
Processor Information for processor 6
  Max Mhz: 3201, Current Mhz: 3201, Mhz Limit: 3201
Processor Information for processor 7
  Max Mhz: 3201, Current Mhz: 2560, Mhz Limit: 3201
Processor Information for processor 8
  Max Mhz: 3201, Current Mhz: 2560, Mhz Limit: 3201
Processor Information for processor 9
  Max Mhz: 3201, Current Mhz: 3201, Mhz Limit: 3201
Processor Information for processor 10
  Max Mhz: 3201, Current Mhz: 2560, Mhz Limit: 3201
Processor Information for processor 11
  Max Mhz: 3201, Current Mhz: 2560, Mhz Limit: 3201
Processor Information for processor 12
  Max Mhz: 3201, Current Mhz: 2560, Mhz Limit: 3201
Processor Information for processor 13
  Max Mhz: 3201, Current Mhz: 2560, Mhz Limit: 3201
Processor Information for processor 14
  Max Mhz: 3201, Current Mhz: 2560, Mhz Limit: 3201
Processor Information for processor 15
  Max Mhz: 3201, Current Mhz: 2560, Mhz Limit: 3201

Memory: 4k page, system-wide physical 5828M (918M free)
TotalPageFile size 24260M (AvailPageFile size 255M)
current process WorkingSet (physical memory assigned to process): 894M, peak: 899M
current process commit charge ("private bytes"): 1110M, peak: 1674M

vm_info: OpenJDK 64-Bit Server VM (21.0.7+6-LTS) for windows-amd64 JRE (21.0.7+6-LTS), built on 2025-04-15T00:00:00Z by "admin" with MS VC++ 17.7 (VS2022)

END.
